--
-- Script was generated by Devart dbForge Studio 2021 for Oracle, Version 4.3.34.0
-- Product Home Page: http://www.devart.com/dbforge/oracle/studio
-- Target server version: Oracle Database 18c Enterprise Edition Release 18.0.0.0.0 - Production Version 18.3.0.0.0
-- Target connection string: User Id=public;Server=edgar1.cse.lehigh.edu;Unicode=True;Connection Timeout=0;Direct=True;Sid=cse241
--


SET SQLBLANKLINES ON;
SET DEFINE OFF;
ALTER SESSION SET NLS_DATE_FORMAT = 'MM/DD/SYYYY HH24:MI:SS';
ALTER SESSION SET NLS_TIMESTAMP_TZ_FORMAT = 'MM/DD/SYYYY HH24:MI:SS.FF TZH:TZM';
ALTER SESSION SET NLS_TIMESTAMP_FORMAT = 'MM/DD/SYYYY HH24:MI:SS.FF';
ALTER SESSION SET NLS_NUMERIC_CHARACTERS = '.,';
ALTER SESSION SET NLS_NCHAR_CONV_EXCP = FALSE;
ALTER SESSION SET TIME_ZONE = '-08:00';
--
-- Delete data from the table 'public.VEHICLE'
--
TRUNCATE TABLE public.VEHICLE;
--
-- Delete data from the table 'public.QUOTES'
--
TRUNCATE TABLE public.QUOTES;
--
-- Delete data from the table 'public.POLICY_PAYMENT'
--
TRUNCATE TABLE public.POLICY_PAYMENT;
--
-- Delete data from the table 'public.POLICY_INCLUDES'
--
TRUNCATE TABLE public.POLICY_INCLUDES;
--
-- Delete data from the table 'public.OUTSOURCES'
--
TRUNCATE TABLE public.OUTSOURCES;
--
-- Delete data from the table 'public.MANAGES'
--
TRUNCATE TABLE public.MANAGES;
--
-- Delete data from the table 'public.LIFE_INSURANCE'
--
TRUNCATE TABLE public.LIFE_INSURANCE;
--
-- Delete data from the table 'public.HOME_INSURANCE'
--
TRUNCATE TABLE public.HOME_INSURANCE;
--
-- Delete data from the table 'public.HEALTH_INSURANCE'
--
TRUNCATE TABLE public.HEALTH_INSURANCE;
--
-- Delete data from the table 'public.DEPENDANT'
--
TRUNCATE TABLE public.DEPENDANT;
--
-- Delete data from the table 'public.DEBIT'
--
TRUNCATE TABLE public.DEBIT;
--
-- Delete data from the table 'public.CUSTOMER_POLICY'
--
TRUNCATE TABLE public.CUSTOMER_POLICY;
--
-- Delete data from the table 'public.CUSTOMER_CLAIM'
--
TRUNCATE TABLE public.CUSTOMER_CLAIM;
--
-- Delete data from the table 'public.CUSTOMER_AGENT'
--
TRUNCATE TABLE public.CUSTOMER_AGENT;
--
-- Delete data from the table 'public.CREDIT'
--
TRUNCATE TABLE public.CREDIT;
--
-- Delete data from the table 'public.COMMUNICATES'
--
TRUNCATE TABLE public.COMMUNICATES;
--
-- Delete data from the table 'public.CLAIM_PAYMENT'
--
TRUNCATE TABLE public.CLAIM_PAYMENT;
--
-- Delete data from the table 'public.CLAIM_INCLUDES'
--
TRUNCATE TABLE public.CLAIM_INCLUDES;
--
-- Delete data from the table 'public.CHECKS'
--
TRUNCATE TABLE public.CHECKS;
--
-- Delete data from the table 'public.AUTO_INSURANCE'
--
TRUNCATE TABLE public.AUTO_INSURANCE;
--
-- Delete data from the table 'public.ACH_TRANSFER'
--
TRUNCATE TABLE public.ACH_TRANSFER;
--
-- Delete data from the table 'public.ITEM'
--
DELETE FROM public.ITEM;
--
-- Delete data from the table 'public.POLICY'
--
DELETE FROM public.POLICY;
--
-- Delete data from the table 'public.CLAIM'
--
DELETE FROM public.CLAIM;
--
-- Delete data from the table 'public.AGENT'
--
DELETE FROM public.AGENT;
--
-- Delete data from the table 'public.ADJUSTER'
--
DELETE FROM public.ADJUSTER;
--
-- Delete data from the table 'public.EMPLOYEE'
--
DELETE FROM public.EMPLOYEE;
--
-- Delete data from the table 'public.CUSTOMER'
--
DELETE FROM public.CUSTOMER;
--
-- Delete data from the table 'public.CORPERATE'
--
TRUNCATE TABLE public.CORPERATE;
--
-- Delete data from the table 'public.COMPANY'
--
DELETE FROM public.COMPANY;

--
-- Inserting data into table public.COMPANY
--
INSERT INTO public.COMPANY(NAME, TYPE, PHONE_NUMBER) VALUES
(' Digitinar ', ' Health', '(330) 174-8901');
INSERT INTO public.COMPANY(NAME, TYPE, PHONE_NUMBER) VALUES
(' Gymitive ', ' Life ', '(827) 073-8355');
INSERT INTO public.COMPANY(NAME, TYPE, PHONE_NUMBER) VALUES
(' Cology ', ' Auto ', '(918) 821-9725');
INSERT INTO public.COMPANY(NAME, TYPE, PHONE_NUMBER) VALUES
(' Econder ', ' Life ', '(145) 544-9978');
INSERT INTO public.COMPANY(NAME, TYPE, PHONE_NUMBER) VALUES
(' Exodus ', ' Health', '(732) 957-3115');
INSERT INTO public.COMPANY(NAME, TYPE, PHONE_NUMBER) VALUES
(' Homestic ', ' Life ', '(129) 325-7860');
INSERT INTO public.COMPANY(NAME, TYPE, PHONE_NUMBER) VALUES
(' Privance ', ' Life ', '(952) 348-5274');
INSERT INTO public.COMPANY(NAME, TYPE, PHONE_NUMBER) VALUES
(' Metrol ', ' Home ', '(724) 319-0195');
INSERT INTO public.COMPANY(NAME, TYPE, PHONE_NUMBER) VALUES
(' Indental ', ' Auto ', '(483) 565-6360');
INSERT INTO public.COMPANY(NAME, TYPE, PHONE_NUMBER) VALUES
(' Rail ', ' Health', '(434) 691-3083');

--
-- Inserting data into table public.CORPERATE
--
INSERT INTO public.CORPERATE(CORPERATE_ID) VALUES
(187021);
INSERT INTO public.CORPERATE(CORPERATE_ID) VALUES
(907366);
INSERT INTO public.CORPERATE(CORPERATE_ID) VALUES
(379866);
INSERT INTO public.CORPERATE(CORPERATE_ID) VALUES
(999999);
INSERT INTO public.CORPERATE(CORPERATE_ID) VALUES
(506315);
INSERT INTO public.CORPERATE(CORPERATE_ID) VALUES
(780706);
INSERT INTO public.CORPERATE(CORPERATE_ID) VALUES
(690706);
INSERT INTO public.CORPERATE(CORPERATE_ID) VALUES
(596316);
INSERT INTO public.CORPERATE(CORPERATE_ID) VALUES
(997364);
INSERT INTO public.CORPERATE(CORPERATE_ID) VALUES
(780707);
INSERT INTO public.CORPERATE(CORPERATE_ID) VALUES
(506316);
INSERT INTO public.CORPERATE(CORPERATE_ID) VALUES
(289866);
INSERT INTO public.CORPERATE(CORPERATE_ID) VALUES
(596317);
INSERT INTO public.CORPERATE(CORPERATE_ID) VALUES
(379867);
INSERT INTO public.CORPERATE(CORPERATE_ID) VALUES
(907367);
INSERT INTO public.CORPERATE(CORPERATE_ID) VALUES
(690707);
INSERT INTO public.CORPERATE(CORPERATE_ID) VALUES
(277022);
INSERT INTO public.CORPERATE(CORPERATE_ID) VALUES
(780708);
INSERT INTO public.CORPERATE(CORPERATE_ID) VALUES
(997365);
INSERT INTO public.CORPERATE(CORPERATE_ID) VALUES
(289867);
INSERT INTO public.CORPERATE(CORPERATE_ID) VALUES
(690708);
INSERT INTO public.CORPERATE(CORPERATE_ID) VALUES
(187022);
INSERT INTO public.CORPERATE(CORPERATE_ID) VALUES
(506317);
INSERT INTO public.CORPERATE(CORPERATE_ID) VALUES
(277023);
INSERT INTO public.CORPERATE(CORPERATE_ID) VALUES
(379868);
INSERT INTO public.CORPERATE(CORPERATE_ID) VALUES
(907368);
INSERT INTO public.CORPERATE(CORPERATE_ID) VALUES
(997366);
INSERT INTO public.CORPERATE(CORPERATE_ID) VALUES
(289868);
INSERT INTO public.CORPERATE(CORPERATE_ID) VALUES
(379869);
INSERT INTO public.CORPERATE(CORPERATE_ID) VALUES
(187023);
INSERT INTO public.CORPERATE(CORPERATE_ID) VALUES
(780709);
INSERT INTO public.CORPERATE(CORPERATE_ID) VALUES
(907369);
INSERT INTO public.CORPERATE(CORPERATE_ID) VALUES
(277024);
INSERT INTO public.CORPERATE(CORPERATE_ID) VALUES
(187024);
INSERT INTO public.CORPERATE(CORPERATE_ID) VALUES
(277025);
INSERT INTO public.CORPERATE(CORPERATE_ID) VALUES
(596318);
INSERT INTO public.CORPERATE(CORPERATE_ID) VALUES
(289869);
INSERT INTO public.CORPERATE(CORPERATE_ID) VALUES
(506318);
INSERT INTO public.CORPERATE(CORPERATE_ID) VALUES
(690709);
INSERT INTO public.CORPERATE(CORPERATE_ID) VALUES
(780710);
INSERT INTO public.CORPERATE(CORPERATE_ID) VALUES
(596319);
INSERT INTO public.CORPERATE(CORPERATE_ID) VALUES
(187025);
INSERT INTO public.CORPERATE(CORPERATE_ID) VALUES
(690710);
INSERT INTO public.CORPERATE(CORPERATE_ID) VALUES
(379870);
INSERT INTO public.CORPERATE(CORPERATE_ID) VALUES
(277026);
INSERT INTO public.CORPERATE(CORPERATE_ID) VALUES
(187026);
INSERT INTO public.CORPERATE(CORPERATE_ID) VALUES
(780711);
INSERT INTO public.CORPERATE(CORPERATE_ID) VALUES
(506319);
INSERT INTO public.CORPERATE(CORPERATE_ID) VALUES
(596320);
INSERT INTO public.CORPERATE(CORPERATE_ID) VALUES
(997367);

--
-- Inserting data into table public.CUSTOMER
--
INSERT INTO public.CUSTOMER(CUSTOMER_ID, NAME, SOCIAL_SECURITY, EMAIL, ZIP_CODE, CITY, STATE, ADDRESS, DATE_OF_BIRTH, PHONE_NUMBER) VALUES
(302173, 'Benedict Demers', 666938524, 'Demers@example.com', 69487, 'Palco', 'Iowa', '852 1st Loop', '04/01/1991 00:00:00', '(216) 011-3502');
INSERT INTO public.CUSTOMER(CUSTOMER_ID, NAME, SOCIAL_SECURITY, EMAIL, ZIP_CODE, CITY, STATE, ADDRESS, DATE_OF_BIRTH, PHONE_NUMBER) VALUES
(392174, 'Abdul Whiteside', 249574457, 'Madelaine.Laird63@example.com', 77970, 'Rudyard', 'South Carolina', '543 Brentwood Ct', '04/01/1951 00:00:00', '(394) 069-7690');
INSERT INTO public.CUSTOMER(CUSTOMER_ID, NAME, SOCIAL_SECURITY, EMAIL, ZIP_CODE, CITY, STATE, ADDRESS, DATE_OF_BIRTH, PHONE_NUMBER) VALUES
(302174, 'Gerry Laird', 999524454, 'Amos_Montano@nowhere.com', 74354, 'Mishawaka', 'Colorado', '63 W Monument Hwy', '04/01/1931 00:00:00', '(920) 646-4709');
INSERT INTO public.CUSTOMER(CUSTOMER_ID, NAME, SOCIAL_SECURITY, EMAIL, ZIP_CODE, CITY, STATE, ADDRESS, DATE_OF_BIRTH, PHONE_NUMBER) VALUES
(999999, 'Barry Merchant', 566033433, 'Stanfield@example.com', 50444, 'Lakehurst', 'Louisiana', '1050 White Hope Way', '04/19/1951 00:00:00', '(810) 225-3786');
INSERT INTO public.CUSTOMER(CUSTOMER_ID, NAME, SOCIAL_SECURITY, EMAIL, ZIP_CODE, CITY, STATE, ADDRESS, DATE_OF_BIRTH, PHONE_NUMBER) VALUES
(746561, 'Nilda Bruton', 484501079, 'Alderman131@example.com', 38289, 'Mishicot', 'Minnesota', '385 Social Hwy', '09/02/1971 00:00:00', '(629) 763-1871');
INSERT INTO public.CUSTOMER(CUSTOMER_ID, NAME, SOCIAL_SECURITY, EMAIL, ZIP_CODE, CITY, STATE, ADDRESS, DATE_OF_BIRTH, PHONE_NUMBER) VALUES
(265961, 'Thresa Homer', 501408411, 'KingCruz62@example.com', 34429, 'Palermo', 'Texas', '1398 W Cedar Tree Court', '04/01/2003 00:00:00', '(821) 448-0687');
INSERT INTO public.CUSTOMER(CUSTOMER_ID, NAME, SOCIAL_SECURITY, EMAIL, ZIP_CODE, CITY, STATE, ADDRESS, DATE_OF_BIRTH, PHONE_NUMBER) VALUES
(656561, 'Miles Mcdaniels', 631198730, 'Odom@example.com', 27404, 'Waldwick', 'Nevada', '71 NW Fox Hill Court', '04/19/2003 00:00:00', NULL);
INSERT INTO public.CUSTOMER(CUSTOMER_ID, NAME, SOCIAL_SECURITY, EMAIL, ZIP_CODE, CITY, STATE, ADDRESS, DATE_OF_BIRTH, PHONE_NUMBER) VALUES
(392175, 'Ollie Vernon', 747474492, 'DamienGrisham8@example.com', 72147, 'Lakeland', 'Oklahoma', '1080 6th Way', '04/01/1921 00:00:00', '(450) 419-0104');
INSERT INTO public.CUSTOMER(CUSTOMER_ID, NAME, SOCIAL_SECURITY, EMAIL, ZIP_CODE, CITY, STATE, ADDRESS, DATE_OF_BIRTH, PHONE_NUMBER) VALUES
(302175, 'Marya Labbe', 689569096, 'LuigiBabin@example.com', 40152, 'Zuni', 'Vermont', '2898 Riverside Hwy', '01/06/1951 00:00:00', '(558) 674-0700');
INSERT INTO public.CUSTOMER(CUSTOMER_ID, NAME, SOCIAL_SECURITY, EMAIL, ZIP_CODE, CITY, STATE, ADDRESS, DATE_OF_BIRTH, PHONE_NUMBER) VALUES
(968878, 'Douglas Graves', 716598780, 'Mcfarlane2@nowhere.com', 29593, 'Alexandria', 'Wyoming', '45 East Woodhurst Blvd', '04/19/1921 00:00:00', '(479) 997-8836');
INSERT INTO public.CUSTOMER(CUSTOMER_ID, NAME, SOCIAL_SECURITY, EMAIL, ZIP_CODE, CITY, STATE, ADDRESS, DATE_OF_BIRTH, PHONE_NUMBER) VALUES
(746562, 'Jame Abney', 964837383, 'Rucker3@example.com', 22550, 'Mission', 'Indiana', '54 Hunting Hill Pkwy', '12/22/1968 00:00:00', '(133) 095-6451');
INSERT INTO public.CUSTOMER(CUSTOMER_ID, NAME, SOCIAL_SECURITY, EMAIL, ZIP_CODE, CITY, STATE, ADDRESS, DATE_OF_BIRTH, PHONE_NUMBER) VALUES
(562216, 'Adelaida Ayala', 266504762, 'jkwkg2922@nowhere.com', 50127, 'Eutaw', 'Alaska', '3008 Riverside Ct', '04/19/1931 00:00:00', '(280) 131-3150');
INSERT INTO public.CUSTOMER(CUSTOMER_ID, NAME, SOCIAL_SECURITY, EMAIL, ZIP_CODE, CITY, STATE, ADDRESS, DATE_OF_BIRTH, PHONE_NUMBER) VALUES
(392176, 'Edmund Mora', 459561900, 'Karissa.Ellington@example.com', 71684, 'Hawleyville', 'Hawaii', '3477 S Ironwood Ct', '06/09/1986 00:00:00', '(744) 412-4412');
INSERT INTO public.CUSTOMER(CUSTOMER_ID, NAME, SOCIAL_SECURITY, EMAIL, ZIP_CODE, CITY, STATE, ADDRESS, DATE_OF_BIRTH, PHONE_NUMBER) VALUES
(656562, 'Rupert Linares', 310953464, 'Thad.FAinsworth@example.com', 60044, 'South Easton', 'Kentucky', '221 NW Highland Street', '07/16/1951 00:00:00', '(712) 082-7530');
INSERT INTO public.CUSTOMER(CUSTOMER_ID, NAME, SOCIAL_SECURITY, EMAIL, ZIP_CODE, CITY, STATE, ADDRESS, DATE_OF_BIRTH, PHONE_NUMBER) VALUES
(878881, 'Epifania Ennis', 684392192, 'dqtjwnhv_fyoeh@example.com', 79790, 'Lakemont', 'Wisconsin', '2530 Riddle Hill Street', '01/08/1951 00:00:00', '(272) 547-7027');
INSERT INTO public.CUSTOMER(CUSTOMER_ID, NAME, SOCIAL_SECURITY, EMAIL, ZIP_CODE, CITY, STATE, ADDRESS, DATE_OF_BIRTH, PHONE_NUMBER) VALUES
(472216, 'Brande Dunbar', 225355980, 'Paula.Baxter821@example.com', 79552, 'Wales', 'Hawaii', '755 W Ski Hill Ct', '01/12/1950 00:00:00', '(180) 706-9892');
INSERT INTO public.CUSTOMER(CUSTOMER_ID, NAME, SOCIAL_SECURITY, EMAIL, ZIP_CODE, CITY, STATE, ADDRESS, DATE_OF_BIRTH, PHONE_NUMBER) VALUES
(302176, 'Yanira Orosco', 791581514, 'Malcolm123@example.com', 11220, 'Buda', 'Washington', '60 SE Buttonwood Ave', '01/06/1931 00:00:00', '(233) 983-6674');
INSERT INTO public.CUSTOMER(CUSTOMER_ID, NAME, SOCIAL_SECURITY, EMAIL, ZIP_CODE, CITY, STATE, ADDRESS, DATE_OF_BIRTH, PHONE_NUMBER) VALUES
(968879, 'Margherita Stiltner', 326287205, 'Herrington847@nowhere.com', 32634, 'Ruffin', 'Maryland', '1547 W Glenwood Street', '10/20/1936 00:00:00', '(134) 135-0523');
INSERT INTO public.CUSTOMER(CUSTOMER_ID, NAME, SOCIAL_SECURITY, EMAIL, ZIP_CODE, CITY, STATE, ADDRESS, DATE_OF_BIRTH, PHONE_NUMBER) VALUES
(746563, 'Adelaida Lessard', 473466340, 'Kuntz88@example.com', 93832, 'Alexandria Bay', 'Wyoming', '1614 E Fox Hill Ct', '09/04/1961 00:00:00', '(858) 111-0984');
INSERT INTO public.CUSTOMER(CUSTOMER_ID, NAME, SOCIAL_SECURITY, EMAIL, ZIP_CODE, CITY, STATE, ADDRESS, DATE_OF_BIRTH, PHONE_NUMBER) VALUES
(878882, 'Florine Montalvo', 129485137, 'LaraineKraft@nowhere.com', 88160, 'Evangeline', 'South Carolina', '43 White Brentwood Lane', '10/22/1953 00:00:00', '(329) 899-8730');
INSERT INTO public.CUSTOMER(CUSTOMER_ID, NAME, SOCIAL_SECURITY, EMAIL, ZIP_CODE, CITY, STATE, ADDRESS, DATE_OF_BIRTH, PHONE_NUMBER) VALUES
(656563, 'Abraham Abernathy', 368818710, 'DedeAngel@example.com', 11507, 'Haworth', 'Maine', '3298 W Mount Ct', '01/09/1951 00:00:00', '(981) 547-5901');
INSERT INTO public.CUSTOMER(CUSTOMER_ID, NAME, SOCIAL_SECURITY, EMAIL, ZIP_CODE, CITY, STATE, ADDRESS, DATE_OF_BIRTH, PHONE_NUMBER) VALUES
(175961, 'Denice Abel', 792110265, 'Akiko.Mata@example.com', 92820, 'Palestine', 'West Virginia', '3125 White Bayview Highway', '01/06/1921 00:00:00', '(936) 027-9494');
INSERT INTO public.CUSTOMER(CUSTOMER_ID, NAME, SOCIAL_SECURITY, EMAIL, ZIP_CODE, CITY, STATE, ADDRESS, DATE_OF_BIRTH, PHONE_NUMBER) VALUES
(746564, 'Buster Stine', 714141340, 'EulaliaAllen@example.com', 32499, 'Mission Hills', 'Indiana', '695 NW Hope Ln', '10/11/2004 00:00:00', '(482) 739-2226');
INSERT INTO public.CUSTOMER(CUSTOMER_ID, NAME, SOCIAL_SECURITY, EMAIL, ZIP_CODE, CITY, STATE, ADDRESS, DATE_OF_BIRTH, PHONE_NUMBER) VALUES
(392177, 'Lorrie Shrader', 104171059, 'Mackenzie@nowhere.com', 98151, 'Budd Lake', 'South Dakota', '282 E Highland Ave', '08/13/1943 00:00:00', '(258) 093-7763');
INSERT INTO public.CUSTOMER(CUSTOMER_ID, NAME, SOCIAL_SECURITY, EMAIL, ZIP_CODE, CITY, STATE, ADDRESS, DATE_OF_BIRTH, PHONE_NUMBER) VALUES
(562217, 'Leopoldo Alderman', 985272056, 'Acosta387@example.com', 98996, 'Rufus', 'North Carolina', '544 Bayview Dr', '11/21/1957 00:00:00', '(350) 510-3992');
INSERT INTO public.CUSTOMER(CUSTOMER_ID, NAME, SOCIAL_SECURITY, EMAIL, ZIP_CODE, CITY, STATE, ADDRESS, DATE_OF_BIRTH, PHONE_NUMBER) VALUES
(472217, 'Elicia Hatchett', 691061639, 'Hiram.FAponte@example.com', 53354, 'Alexis', 'Alabama', '481 Social Blvd', '06/02/1950 00:00:00', '(521) 353-3992');
INSERT INTO public.CUSTOMER(CUSTOMER_ID, NAME, SOCIAL_SECURITY, EMAIL, ZIP_CODE, CITY, STATE, ADDRESS, DATE_OF_BIRTH, PHONE_NUMBER) VALUES
(968880, 'Leah Ainsworth', 372409890, 'August418@nowhere.com', 98305, 'Lakeport', 'Minnesota', '266 Pine Tree Road', '04/19/1991 00:00:00', NULL);
INSERT INTO public.CUSTOMER(CUSTOMER_ID, NAME, SOCIAL_SECURITY, EMAIL, ZIP_CODE, CITY, STATE, ADDRESS, DATE_OF_BIRTH, PHONE_NUMBER) VALUES
(562218, 'Demetrius Ponder', 978987892, 'HallieBland573@nowhere.com', 44233, 'Evans', 'Kentucky', '3360 Sharp Hill Highway', '07/08/1969 00:00:00', '(280) 405-8091');
INSERT INTO public.CUSTOMER(CUSTOMER_ID, NAME, SOCIAL_SECURITY, EMAIL, ZIP_CODE, CITY, STATE, ADDRESS, DATE_OF_BIRTH, PHONE_NUMBER) VALUES
(656564, 'Howard Heath', 951275720, 'Odelia_Acosta318@example.com', 23862, 'Mission Viejo', 'Vermont', '715 Flintwood Street', '07/28/1955 00:00:00', '(417) 013-5411');
INSERT INTO public.CUSTOMER(CUSTOMER_ID, NAME, SOCIAL_SECURITY, EMAIL, ZIP_CODE, CITY, STATE, ADDRESS, DATE_OF_BIRTH, PHONE_NUMBER) VALUES
(746565, 'Alfonso Deleon', 895986209, 'Sadler815@example.com', 32652, 'Lakeside', 'Connecticut', '2011 Fox Hill Avenue', '06/07/1993 00:00:00', '(749) 772-2887');
INSERT INTO public.CUSTOMER(CUSTOMER_ID, NAME, SOCIAL_SECURITY, EMAIL, ZIP_CODE, CITY, STATE, ADDRESS, DATE_OF_BIRTH, PHONE_NUMBER) VALUES
(656565, 'Bernetta Hooper', 216247219, 'Cecil_Goldsmith@nowhere.com', 75862, 'Hawthorne', 'New Hampshire', '1382 North Waterview Street', '01/06/2003 00:00:00', '(634) 642-9297');
INSERT INTO public.CUSTOMER(CUSTOMER_ID, NAME, SOCIAL_SECURITY, EMAIL, ZIP_CODE, CITY, STATE, ADDRESS, DATE_OF_BIRTH, PHONE_NUMBER) VALUES
(878883, 'Jenise Littleton', 842333189, 'Judi_Leach@example.com', 70384, 'Evansport', 'Indiana', '983 East Deepwood Blvd', '07/16/1931 00:00:00', '(758) 851-4201');
INSERT INTO public.CUSTOMER(CUSTOMER_ID, NAME, SOCIAL_SECURITY, EMAIL, ZIP_CODE, CITY, STATE, ADDRESS, DATE_OF_BIRTH, PHONE_NUMBER) VALUES
(968881, 'Cori Briscoe', 962424161, 'lziws4@nowhere.com', 88773, 'Mississippi State', 'New Jersey', '590 Beachwood Dr', '03/08/2008 00:00:00', '(161) 777-6335');
INSERT INTO public.CUSTOMER(CUSTOMER_ID, NAME, SOCIAL_SECURITY, EMAIL, ZIP_CODE, CITY, STATE, ADDRESS, DATE_OF_BIRTH, PHONE_NUMBER) VALUES
(746566, 'Maisie Comer', 360219863, 'Staples@example.com', 44974, 'Buellton', 'New Mexico', '3422 West Ashwood Parkway', '09/21/1964 00:00:00', NULL);
INSERT INTO public.CUSTOMER(CUSTOMER_ID, NAME, SOCIAL_SECURITY, EMAIL, ZIP_CODE, CITY, STATE, ADDRESS, DATE_OF_BIRTH, PHONE_NUMBER) VALUES
(265962, 'Abigail Levin', 266060111, 'Cronin@example.com', 59909, 'Palisades', 'Washington', '3694 Parkwood Highway', '01/14/1975 00:00:00', '(828) 920-5229');
INSERT INTO public.CUSTOMER(CUSTOMER_ID, NAME, SOCIAL_SECURITY, EMAIL, ZIP_CODE, CITY, STATE, ADDRESS, DATE_OF_BIRTH, PHONE_NUMBER) VALUES
(302177, 'Aubrey Berryman', 823973466, 'Landon.Robbins@example.com', 19445, 'Alfred', 'Wyoming', '3633 Hidden Ironwood Loop', '01/08/1931 00:00:00', NULL);
INSERT INTO public.CUSTOMER(CUSTOMER_ID, NAME, SOCIAL_SECURITY, EMAIL, ZIP_CODE, CITY, STATE, ADDRESS, DATE_OF_BIRTH, PHONE_NUMBER) VALUES
(175962, 'Belia Stackhouse', 391340775, 'Alise.Bailey@example.com', 59400, 'Haxtun', 'Idaho', '2384 Red Flintwood Pkwy', '03/19/1935 00:00:00', '(627) 631-2691');
INSERT INTO public.CUSTOMER(CUSTOMER_ID, NAME, SOCIAL_SECURITY, EMAIL, ZIP_CODE, CITY, STATE, ADDRESS, DATE_OF_BIRTH, PHONE_NUMBER) VALUES
(878884, 'Belkis Pennell', 110040351, 'Byers@example.com', 17278, 'Evanston', 'South Dakota', '337 Oak Avenue', '01/28/1940 00:00:00', '(194) 293-4652');
INSERT INTO public.CUSTOMER(CUSTOMER_ID, NAME, SOCIAL_SECURITY, EMAIL, ZIP_CODE, CITY, STATE, ADDRESS, DATE_OF_BIRTH, PHONE_NUMBER) VALUES
(968882, 'Theron Stauffer', 700739084, 'Caraballo@nowhere.com', 55969, 'South Egremont', 'Arizona', '283 E Burwood Ct', '10/19/1994 00:00:00', '(487) 480-1138');
INSERT INTO public.CUSTOMER(CUSTOMER_ID, NAME, SOCIAL_SECURITY, EMAIL, ZIP_CODE, CITY, STATE, ADDRESS, DATE_OF_BIRTH, PHONE_NUMBER) VALUES
(472218, 'Rudolf Crews', 695781920, 'dqobjeyg_dkyulj@example.com', 66301, 'Hay', 'Kansas', '254 Town Dr', '03/16/1952 00:00:00', '(475) 811-6111');
INSERT INTO public.CUSTOMER(CUSTOMER_ID, NAME, SOCIAL_SECURITY, EMAIL, ZIP_CODE, CITY, STATE, ADDRESS, DATE_OF_BIRTH, PHONE_NUMBER) VALUES
(878885, 'Cherie Banks', 685262724, 'Arianne.Lyle92@example.com', 32814, 'Lakeside Marblehead', 'Alabama', '1654 Riverview Ct', '09/02/1987 00:00:00', '(554) 980-6947');
INSERT INTO public.CUSTOMER(CUSTOMER_ID, NAME, SOCIAL_SECURITY, EMAIL, ZIP_CODE, CITY, STATE, ADDRESS, DATE_OF_BIRTH, PHONE_NUMBER) VALUES
(656566, 'Addie Noyes', 268256818, 'LacieO_Chen3@example.com', 50409, 'Missoula', 'Mississippi', '1647 Meadowview Avenue', '04/02/1992 00:00:00', '(481) 916-5657');
INSERT INTO public.CUSTOMER(CUSTOMER_ID, NAME, SOCIAL_SECURITY, EMAIL, ZIP_CODE, CITY, STATE, ADDRESS, DATE_OF_BIRTH, PHONE_NUMBER) VALUES
(746567, 'Marti Cunningham', 185446162, 'Nieves@example.com', 31186, 'Waleska', 'Arkansas', '1214 S Rockwood Court', '04/04/1990 00:00:00', '(218) 781-5422');
INSERT INTO public.CUSTOMER(CUSTOMER_ID, NAME, SOCIAL_SECURITY, EMAIL, ZIP_CODE, CITY, STATE, ADDRESS, DATE_OF_BIRTH, PHONE_NUMBER) VALUES
(562219, 'Reynaldo Beard', 311912539, 'Jacklyn_Moseley474@nowhere.com', 50453, 'Lakeview', 'Colorado', '722 W Hope Drive', '07/12/1951 00:00:00', '(268) 775-7119');
INSERT INTO public.CUSTOMER(CUSTOMER_ID, NAME, SOCIAL_SECURITY, EMAIL, ZIP_CODE, CITY, STATE, ADDRESS, DATE_OF_BIRTH, PHONE_NUMBER) VALUES
(656567, 'Aurelio Ricketts', 667444909, 'Hunter@example.com', 92912, 'Evansville', 'California', '1474 Farmview Dr', '01/09/1931 00:00:00', '(930) 313-6764');
INSERT INTO public.CUSTOMER(CUSTOMER_ID, NAME, SOCIAL_SECURITY, EMAIL, ZIP_CODE, CITY, STATE, ADDRESS, DATE_OF_BIRTH, PHONE_NUMBER) VALUES
(968883, 'Quyen Ames', 126421649, 'AbramTownes@example.com', 17578, 'Missouri City', 'Arizona', '2666 E Ashwood Loop', '02/14/1975 00:00:00', '(534) 339-7082');
INSERT INTO public.CUSTOMER(CUSTOMER_ID, NAME, SOCIAL_SECURITY, EMAIL, ZIP_CODE, CITY, STATE, ADDRESS, DATE_OF_BIRTH, PHONE_NUMBER) VALUES
(746568, 'Leroy Carney', 209898847, 'Mcafee679@example.com', 31072, 'Buena', 'Idaho', '701 N Fox Hill Highway', '11/21/1937 00:00:00', '(161) 271-4041');
INSERT INTO public.CUSTOMER(CUSTOMER_ID, NAME, SOCIAL_SECURITY, EMAIL, ZIP_CODE, CITY, STATE, ADDRESS, DATE_OF_BIRTH, PHONE_NUMBER) VALUES
(265963, 'Lester Melancon', 897101362, 'EarnestStrauss885@example.com', 97415, 'Hay Springs', 'Florida', '773 West Brentwood Hwy', '08/26/2008 00:00:00', '(542) 455-3490');
INSERT INTO public.CUSTOMER(CUSTOMER_ID, NAME, SOCIAL_SECURITY, EMAIL, ZIP_CODE, CITY, STATE, ADDRESS, DATE_OF_BIRTH, PHONE_NUMBER) VALUES
(878886, 'Mikel Matlock', 489791790, 'BartonEasterling@nowhere.com', 66550, 'South El Monte', 'Florida', '2737 Meadowview Ave', '11/16/1934 00:00:00', '(587) 025-1076');
INSERT INTO public.CUSTOMER(CUSTOMER_ID, NAME, SOCIAL_SECURITY, EMAIL, ZIP_CODE, CITY, STATE, ADDRESS, DATE_OF_BIRTH, PHONE_NUMBER) VALUES
(472219, 'Jesus Zamora', 844510714, 'KentPotts@example.com', 76611, 'Walhalla', 'Indiana', '3783 Riddle Hill Ct', '07/08/1949 00:00:00', '(634) 548-5729');

--
-- Inserting data into table public.EMPLOYEE
--
INSERT INTO public.EMPLOYEE(EMPLOYEE_ID, SALARY, NAME) VALUES
(623925, 4098.97, 'Jenise Kohl');
INSERT INTO public.EMPLOYEE(EMPLOYEE_ID, SALARY, NAME) VALUES
(875461, 1494.84, 'Alva Herring');
INSERT INTO public.EMPLOYEE(EMPLOYEE_ID, SALARY, NAME) VALUES
(965459, 3181.61, 'Arvilla Bernier');
INSERT INTO public.EMPLOYEE(EMPLOYEE_ID, SALARY, NAME) VALUES
(360038, NULL, 'Alejandro Lister');
INSERT INTO public.EMPLOYEE(EMPLOYEE_ID, SALARY, NAME) VALUES
(740171, 4148.67, 'Woodrow Pemberton');
INSERT INTO public.EMPLOYEE(EMPLOYEE_ID, SALARY, NAME) VALUES
(533925, NULL, 'Leonard Lind');
INSERT INTO public.EMPLOYEE(EMPLOYEE_ID, SALARY, NAME) VALUES
(875462, 4012.83, 'Bennett Ponder');
INSERT INTO public.EMPLOYEE(EMPLOYEE_ID, SALARY, NAME) VALUES
(965460, NULL, 'Aleen Boland');
INSERT INTO public.EMPLOYEE(EMPLOYEE_ID, SALARY, NAME) VALUES
(450039, NULL, 'Ada Nettles');
INSERT INTO public.EMPLOYEE(EMPLOYEE_ID, SALARY, NAME) VALUES
(360039, 4447.2, 'Phillip Elias');
INSERT INTO public.EMPLOYEE(EMPLOYEE_ID, SALARY, NAME) VALUES
(999999, 4390.29, 'Abel Mcmanus');
INSERT INTO public.EMPLOYEE(EMPLOYEE_ID, SALARY, NAME) VALUES
(272692, 3654.98, 'Jamaal Aldridge');
INSERT INTO public.EMPLOYEE(EMPLOYEE_ID, SALARY, NAME) VALUES
(875463, 2742.98, 'Dorian Cherry');
INSERT INTO public.EMPLOYEE(EMPLOYEE_ID, SALARY, NAME) VALUES
(623926, NULL, 'Collin Ervin');
INSERT INTO public.EMPLOYEE(EMPLOYEE_ID, SALARY, NAME) VALUES
(965461, 4298.16, 'Karole Blanchette');
INSERT INTO public.EMPLOYEE(EMPLOYEE_ID, SALARY, NAME) VALUES
(450040, 2626.03, 'Tristan Ayres');
INSERT INTO public.EMPLOYEE(EMPLOYEE_ID, SALARY, NAME) VALUES
(360040, 4548.38, 'Bonita Croteau');
INSERT INTO public.EMPLOYEE(EMPLOYEE_ID, SALARY, NAME) VALUES
(875464, 3931.71, 'Tasha Combs');
INSERT INTO public.EMPLOYEE(EMPLOYEE_ID, SALARY, NAME) VALUES
(182692, 4129.54, 'Tyrell Crain');
INSERT INTO public.EMPLOYEE(EMPLOYEE_ID, SALARY, NAME) VALUES
(650171, 2902.87, 'Herbert Allard');
INSERT INTO public.EMPLOYEE(EMPLOYEE_ID, SALARY, NAME) VALUES
(740172, 1648.82, 'Vivian Byrd');
INSERT INTO public.EMPLOYEE(EMPLOYEE_ID, SALARY, NAME) VALUES
(533926, NULL, 'Alfreda Alford');
INSERT INTO public.EMPLOYEE(EMPLOYEE_ID, SALARY, NAME) VALUES
(272693, 4191.82, 'Scotty Mcalister');
INSERT INTO public.EMPLOYEE(EMPLOYEE_ID, SALARY, NAME) VALUES
(965462, 2101.04, 'Leslie Jack');
INSERT INTO public.EMPLOYEE(EMPLOYEE_ID, SALARY, NAME) VALUES
(650172, 4584.95, 'Odilia Weston');
INSERT INTO public.EMPLOYEE(EMPLOYEE_ID, SALARY, NAME) VALUES
(182693, 3324.51, 'Albertha Mcconnell');
INSERT INTO public.EMPLOYEE(EMPLOYEE_ID, SALARY, NAME) VALUES
(623927, 3140.53, 'Tomeka Kowalski');
INSERT INTO public.EMPLOYEE(EMPLOYEE_ID, SALARY, NAME) VALUES
(450041, 2033.38, 'Karima Krieger');
INSERT INTO public.EMPLOYEE(EMPLOYEE_ID, SALARY, NAME) VALUES
(740173, 1780.42, 'Jarod Maloney');
INSERT INTO public.EMPLOYEE(EMPLOYEE_ID, SALARY, NAME) VALUES
(533927, 2566.64, 'Jordon Alonso');
INSERT INTO public.EMPLOYEE(EMPLOYEE_ID, SALARY, NAME) VALUES
(650173, 3117.02, 'Georgia Patten');
INSERT INTO public.EMPLOYEE(EMPLOYEE_ID, SALARY, NAME) VALUES
(875465, 1708.4, 'Ernest Bird');
INSERT INTO public.EMPLOYEE(EMPLOYEE_ID, SALARY, NAME) VALUES
(360041, 3988.77, 'Aimee Hedrick');
INSERT INTO public.EMPLOYEE(EMPLOYEE_ID, SALARY, NAME) VALUES
(623928, NULL, 'Jefferey Meredith');
INSERT INTO public.EMPLOYEE(EMPLOYEE_ID, SALARY, NAME) VALUES
(533928, 1782.25, 'Deetta Houck');
INSERT INTO public.EMPLOYEE(EMPLOYEE_ID, SALARY, NAME) VALUES
(623929, 2046.47, 'Eugenie Sumpter');
INSERT INTO public.EMPLOYEE(EMPLOYEE_ID, SALARY, NAME) VALUES
(533929, 2621.18, 'Adriana Trujillo');
INSERT INTO public.EMPLOYEE(EMPLOYEE_ID, SALARY, NAME) VALUES
(450042, 1423.6, 'Wenona Antoine');
INSERT INTO public.EMPLOYEE(EMPLOYEE_ID, SALARY, NAME) VALUES
(360042, 1118.95, 'Bobbye Allred');
INSERT INTO public.EMPLOYEE(EMPLOYEE_ID, SALARY, NAME) VALUES
(623930, 1392.92, 'Russel Haines');
INSERT INTO public.EMPLOYEE(EMPLOYEE_ID, SALARY, NAME) VALUES
(272694, NULL, 'Tonya Mcswain');
INSERT INTO public.EMPLOYEE(EMPLOYEE_ID, SALARY, NAME) VALUES
(450043, 4131.53, 'Chris Dean');
INSERT INTO public.EMPLOYEE(EMPLOYEE_ID, SALARY, NAME) VALUES
(360043, 3624.11, 'Enrique Slagle');
INSERT INTO public.EMPLOYEE(EMPLOYEE_ID, SALARY, NAME) VALUES
(450044, 2892.86, 'Elijah Still');
INSERT INTO public.EMPLOYEE(EMPLOYEE_ID, SALARY, NAME) VALUES
(740174, 3029.87, 'Florida Acker');
INSERT INTO public.EMPLOYEE(EMPLOYEE_ID, SALARY, NAME) VALUES
(650174, 2620.69, 'Adam Valenzuela');
INSERT INTO public.EMPLOYEE(EMPLOYEE_ID, SALARY, NAME) VALUES
(965463, 1952.33, 'Gretchen Bragg');
INSERT INTO public.EMPLOYEE(EMPLOYEE_ID, SALARY, NAME) VALUES
(875466, 3603.06, 'Dierdre Padilla');
INSERT INTO public.EMPLOYEE(EMPLOYEE_ID, SALARY, NAME) VALUES
(740175, 2411.02, 'Johnie Abrams');
INSERT INTO public.EMPLOYEE(EMPLOYEE_ID, SALARY, NAME) VALUES
(965464, 1783.9, 'Ike Tisdale');

--
-- Inserting data into table public.ADJUSTER
--
INSERT INTO public.ADJUSTER(ADJUSTER_ID) VALUES
(875466);
INSERT INTO public.ADJUSTER(ADJUSTER_ID) VALUES
(450044);
INSERT INTO public.ADJUSTER(ADJUSTER_ID) VALUES
(965464);
INSERT INTO public.ADJUSTER(ADJUSTER_ID) VALUES
(360042);
INSERT INTO public.ADJUSTER(ADJUSTER_ID) VALUES
(965462);
INSERT INTO public.ADJUSTER(ADJUSTER_ID) VALUES
(533927);
INSERT INTO public.ADJUSTER(ADJUSTER_ID) VALUES
(650172);
INSERT INTO public.ADJUSTER(ADJUSTER_ID) VALUES
(623928);
INSERT INTO public.ADJUSTER(ADJUSTER_ID) VALUES
(650173);
INSERT INTO public.ADJUSTER(ADJUSTER_ID) VALUES
(623930);
INSERT INTO public.ADJUSTER(ADJUSTER_ID) VALUES
(650174);
INSERT INTO public.ADJUSTER(ADJUSTER_ID) VALUES
(533925);
INSERT INTO public.ADJUSTER(ADJUSTER_ID) VALUES
(740175);
INSERT INTO public.ADJUSTER(ADJUSTER_ID) VALUES
(623925);
INSERT INTO public.ADJUSTER(ADJUSTER_ID) VALUES
(965463);
INSERT INTO public.ADJUSTER(ADJUSTER_ID) VALUES
(740174);
INSERT INTO public.ADJUSTER(ADJUSTER_ID) VALUES
(450040);
INSERT INTO public.ADJUSTER(ADJUSTER_ID) VALUES
(533926);
INSERT INTO public.ADJUSTER(ADJUSTER_ID) VALUES
(875462);
INSERT INTO public.ADJUSTER(ADJUSTER_ID) VALUES
(533928);
INSERT INTO public.ADJUSTER(ADJUSTER_ID) VALUES
(272694);
INSERT INTO public.ADJUSTER(ADJUSTER_ID) VALUES
(182693);
INSERT INTO public.ADJUSTER(ADJUSTER_ID) VALUES
(875461);
INSERT INTO public.ADJUSTER(ADJUSTER_ID) VALUES
(360040);
INSERT INTO public.ADJUSTER(ADJUSTER_ID) VALUES
(272692);
INSERT INTO public.ADJUSTER(ADJUSTER_ID) VALUES
(875465);
INSERT INTO public.ADJUSTER(ADJUSTER_ID) VALUES
(875464);
INSERT INTO public.ADJUSTER(ADJUSTER_ID) VALUES
(965460);
INSERT INTO public.ADJUSTER(ADJUSTER_ID) VALUES
(875463);
INSERT INTO public.ADJUSTER(ADJUSTER_ID) VALUES
(623927);
INSERT INTO public.ADJUSTER(ADJUSTER_ID) VALUES
(623929);
INSERT INTO public.ADJUSTER(ADJUSTER_ID) VALUES
(965459);
INSERT INTO public.ADJUSTER(ADJUSTER_ID) VALUES
(360041);
INSERT INTO public.ADJUSTER(ADJUSTER_ID) VALUES
(450041);
INSERT INTO public.ADJUSTER(ADJUSTER_ID) VALUES
(272693);
INSERT INTO public.ADJUSTER(ADJUSTER_ID) VALUES
(450043);
INSERT INTO public.ADJUSTER(ADJUSTER_ID) VALUES
(740173);
INSERT INTO public.ADJUSTER(ADJUSTER_ID) VALUES
(450039);
INSERT INTO public.ADJUSTER(ADJUSTER_ID) VALUES
(360038);
INSERT INTO public.ADJUSTER(ADJUSTER_ID) VALUES
(360039);
INSERT INTO public.ADJUSTER(ADJUSTER_ID) VALUES
(533929);
INSERT INTO public.ADJUSTER(ADJUSTER_ID) VALUES
(360043);
INSERT INTO public.ADJUSTER(ADJUSTER_ID) VALUES
(740171);
INSERT INTO public.ADJUSTER(ADJUSTER_ID) VALUES
(182692);
INSERT INTO public.ADJUSTER(ADJUSTER_ID) VALUES
(623926);
INSERT INTO public.ADJUSTER(ADJUSTER_ID) VALUES
(999999);
INSERT INTO public.ADJUSTER(ADJUSTER_ID) VALUES
(450042);
INSERT INTO public.ADJUSTER(ADJUSTER_ID) VALUES
(650171);
INSERT INTO public.ADJUSTER(ADJUSTER_ID) VALUES
(965461);
INSERT INTO public.ADJUSTER(ADJUSTER_ID) VALUES
(740172);

--
-- Inserting data into table public.AGENT
--
INSERT INTO public.AGENT(AGENT_ID) VALUES
(623929);
INSERT INTO public.AGENT(AGENT_ID) VALUES
(740175);
INSERT INTO public.AGENT(AGENT_ID) VALUES
(623927);
INSERT INTO public.AGENT(AGENT_ID) VALUES
(965463);
INSERT INTO public.AGENT(AGENT_ID) VALUES
(999999);
INSERT INTO public.AGENT(AGENT_ID) VALUES
(650171);
INSERT INTO public.AGENT(AGENT_ID) VALUES
(740174);
INSERT INTO public.AGENT(AGENT_ID) VALUES
(450043);
INSERT INTO public.AGENT(AGENT_ID) VALUES
(533929);
INSERT INTO public.AGENT(AGENT_ID) VALUES
(875466);
INSERT INTO public.AGENT(AGENT_ID) VALUES
(965464);
INSERT INTO public.AGENT(AGENT_ID) VALUES
(360043);
INSERT INTO public.AGENT(AGENT_ID) VALUES
(450042);
INSERT INTO public.AGENT(AGENT_ID) VALUES
(965461);
INSERT INTO public.AGENT(AGENT_ID) VALUES
(650174);
INSERT INTO public.AGENT(AGENT_ID) VALUES
(740172);
INSERT INTO public.AGENT(AGENT_ID) VALUES
(533925);
INSERT INTO public.AGENT(AGENT_ID) VALUES
(450040);
INSERT INTO public.AGENT(AGENT_ID) VALUES
(360041);
INSERT INTO public.AGENT(AGENT_ID) VALUES
(450041);
INSERT INTO public.AGENT(AGENT_ID) VALUES
(450044);
INSERT INTO public.AGENT(AGENT_ID) VALUES
(623925);
INSERT INTO public.AGENT(AGENT_ID) VALUES
(875462);
INSERT INTO public.AGENT(AGENT_ID) VALUES
(272693);
INSERT INTO public.AGENT(AGENT_ID) VALUES
(740173);
INSERT INTO public.AGENT(AGENT_ID) VALUES
(533926);
INSERT INTO public.AGENT(AGENT_ID) VALUES
(965462);
INSERT INTO public.AGENT(AGENT_ID) VALUES
(360042);
INSERT INTO public.AGENT(AGENT_ID) VALUES
(875461);
INSERT INTO public.AGENT(AGENT_ID) VALUES
(360040);
INSERT INTO public.AGENT(AGENT_ID) VALUES
(272692);
INSERT INTO public.AGENT(AGENT_ID) VALUES
(533927);
INSERT INTO public.AGENT(AGENT_ID) VALUES
(875464);
INSERT INTO public.AGENT(AGENT_ID) VALUES
(650172);
INSERT INTO public.AGENT(AGENT_ID) VALUES
(875463);
INSERT INTO public.AGENT(AGENT_ID) VALUES
(623928);
INSERT INTO public.AGENT(AGENT_ID) VALUES
(182692);
INSERT INTO public.AGENT(AGENT_ID) VALUES
(623930);
INSERT INTO public.AGENT(AGENT_ID) VALUES
(623926);
INSERT INTO public.AGENT(AGENT_ID) VALUES
(533928);
INSERT INTO public.AGENT(AGENT_ID) VALUES
(650173);
INSERT INTO public.AGENT(AGENT_ID) VALUES
(272694);
INSERT INTO public.AGENT(AGENT_ID) VALUES
(965460);
INSERT INTO public.AGENT(AGENT_ID) VALUES
(182693);
INSERT INTO public.AGENT(AGENT_ID) VALUES
(965459);
INSERT INTO public.AGENT(AGENT_ID) VALUES
(450039);
INSERT INTO public.AGENT(AGENT_ID) VALUES
(875465);
INSERT INTO public.AGENT(AGENT_ID) VALUES
(360038);
INSERT INTO public.AGENT(AGENT_ID) VALUES
(360039);
INSERT INTO public.AGENT(AGENT_ID) VALUES
(740171);

--
-- Inserting data into table public.CLAIM
--
INSERT INTO public.CLAIM(CLAIM_ID, CUSTOMER_ID, CLAIM_TYPE, ACCIDENT, ITEMS_DAMAGED, DESCRIPTION, DECISION, ADJUSTER_NOTES, AMOUNT, CLAIM_STATUS) VALUES
(335283, 302174, ' Health ', ' Fire Damage ', ' N', 'Et obcaecati ut sequi sed facere ad.', ' Pending ', 'Ut aut consectetur officia error dolor sequi.', 38745.44, 'Pending');
INSERT INTO public.CLAIM(CLAIM_ID, CUSTOMER_ID, CLAIM_TYPE, ACCIDENT, ITEMS_DAMAGED, DESCRIPTION, DECISION, ADJUSTER_NOTES, AMOUNT, CLAIM_STATUS) VALUES
(936973, 392176, ' Home ', ' Wind and Hail ', ' Y ', 'Facere et quisquam. Provident asperiores dolorem? Est blanditiis aut. Repudiandae veritatis ipsa. Est tenetur minima. Unde rerum accusamus! Natus aliquid;', ' Accepted ', 'Dolorum animi hic recusandae non laudantium voluptatem. Modi dicta magni et autem magni eum.', 110579.56, 'Pending');
INSERT INTO public.CLAIM(CLAIM_ID, CUSTOMER_ID, CLAIM_TYPE, ACCIDENT, ITEMS_DAMAGED, DESCRIPTION, DECISION, ADJUSTER_NOTES, AMOUNT, CLAIM_STATUS) VALUES
(846976, 968881, ' Auto ', ' Car Wreck', ' Y ', 'Eum qui et architecto ut delectus perspiciatis. Nisi et fugit beatae soluta placeat laborum.', ' Accepted ', 'Maiores totam facere. Numquam error earum incidunt et laudantium accusamus. Dolor sint perspiciatis. Voluptas repellendus soluta; labore nisi dicta. Quia.', 15939.79, 'Pending');
INSERT INTO public.CLAIM(CLAIM_ID, CUSTOMER_ID, CLAIM_TYPE, ACCIDENT, ITEMS_DAMAGED, DESCRIPTION, DECISION, ADJUSTER_NOTES, AMOUNT, CLAIM_STATUS) VALUES
(936974, 968882, ' Auto ', ' Car Wreck', ' N', 'Aspernatur ratione sequi repellendus sed iste. Eos autem ut ab obcaecati est. Enim id fugit quasi minus quis. Iste facilis sit.', ' Rejected', 'Beatae modi aliquam aperiam atque soluta. Qui blanditiis amet. Dolorem expedita ut. Perspiciatis eos qui. Eos omnis eum; non aut unde.', 125481.37, 'Pending');
INSERT INTO public.CLAIM(CLAIM_ID, CUSTOMER_ID, CLAIM_TYPE, ACCIDENT, ITEMS_DAMAGED, DESCRIPTION, DECISION, ADJUSTER_NOTES, AMOUNT, CLAIM_STATUS) VALUES
(711846, 878884, ' Home ', ' Personal Injury ', ' Y ', 'Voluptatem non voluptates. Esse incidunt at. Accusamus ad eligendi; at voluptatem voluptatibus. Voluptas eveniet rem. Soluta similique eum. Necessitatibus.', ' Rejected', 'Voluptates iste repudiandae; consequatur aut fuga facilis omnis; ipsa ut veritatis dolor aliquam ducimus sed? Quod sapiente quo. Veritatis rerum nisi. Unde.', 63994, 'Pending');
INSERT INTO public.CLAIM(CLAIM_ID, CUSTOMER_ID, CLAIM_TYPE, ACCIDENT, ITEMS_DAMAGED, DESCRIPTION, DECISION, ADJUSTER_NOTES, AMOUNT, CLAIM_STATUS) VALUES
(477634, 562218, ' Health ', ' Personal Injury ', ' Y ', 'Est ipsa nam et; aperiam ut non quia minima consequatur quia. Non voluptatem et! Laborum non rem. Consequatur laudantium dignissimos.', ' Rejected', 'Totam sit voluptatem necessitatibus veritatis suscipit omnis. Consequatur blanditiis cum quod nobis. Molestias sed sapiente placeat voluptas deserunt;', 103591.28, 'Pending');
INSERT INTO public.CLAIM(CLAIM_ID, CUSTOMER_ID, CLAIM_TYPE, ACCIDENT, ITEMS_DAMAGED, DESCRIPTION, DECISION, ADJUSTER_NOTES, AMOUNT, CLAIM_STATUS) VALUES
(279915, 562218, ' Auto ', ' Fire Damage ', ' Y ', 'Odio dolores placeat temporibus doloribus. Est qui rem qui iste natus. Deserunt ipsum ea. Porro dicta omnis; assumenda beatae ipsum.', ' Rejected', 'Totam unde rem est dolores reprehenderit debitis. Mollitia aliquid et earum deleniti; cum ut pariatur. Officia aut quia. Ex totam ipsum.', 10034.83, 'Pending');
INSERT INTO public.CLAIM(CLAIM_ID, CUSTOMER_ID, CLAIM_TYPE, ACCIDENT, ITEMS_DAMAGED, DESCRIPTION, DECISION, ADJUSTER_NOTES, AMOUNT, CLAIM_STATUS) VALUES
(567635, 968883, ' Home ', ' Theft ', ' Y ', 'Provident ut est. Quia aliquam et. Deserunt obcaecati ipsum; dolorem dignissimos rerum? Maiores omnis impedit. Veritatis laboriosam omnis. Nulla magni in.', ' Pending ', 'Qui nulla est nobis; minima rerum cumque et aut autem unde. Tenetur sequi amet et unde quae quo...', 90717.65, 'Pending');
INSERT INTO public.CLAIM(CLAIM_ID, CUSTOMER_ID, CLAIM_TYPE, ACCIDENT, ITEMS_DAMAGED, DESCRIPTION, DECISION, ADJUSTER_NOTES, AMOUNT, CLAIM_STATUS) VALUES
(189915, 562218, ' Auto ', ' Car Wreck', ' Y ', 'Vel non nostrum. Optio quo voluptatem. In similique officia? Consequuntur quia qui. Deleniti sed sit! Eligendi at est? Et perferendis dolor. Neque et eos!', ' Rejected', 'Atque in quas voluptatem veniam. Sint rerum similique voluptatibus omnis est. Veritatis nostrum unde sint sunt vitae adipisci...', 8742.12, 'Pending');
INSERT INTO public.CLAIM(CLAIM_ID, CUSTOMER_ID, CLAIM_TYPE, ACCIDENT, ITEMS_DAMAGED, DESCRIPTION, DECISION, ADJUSTER_NOTES, AMOUNT, CLAIM_STATUS) VALUES
(846977, 656563, ' Auto ', ' Theft ', ' Y ', 'Est dolore hic. Voluptates ut repellat; perspiciatis fugit ad. Voluptatem quod enim? Inventore quia saepe! Voluptatem voluptas iste. Molestias illum.', ' Accepted ', 'Enim saepe et. Nisi atque accusamus! Voluptatem repudiandae qui? Voluptate et voluptates! Iure ex delectus. Voluptas laboriosam et. Provident dolorum.', 50462.53, 'Pending');
INSERT INTO public.CLAIM(CLAIM_ID, CUSTOMER_ID, CLAIM_TYPE, ACCIDENT, ITEMS_DAMAGED, DESCRIPTION, DECISION, ADJUSTER_NOTES, AMOUNT, CLAIM_STATUS) VALUES
(425284, 175962, ' Auto ', ' Fire Damage ', ' Y ', 'Recusandae aut natus. Aut et architecto. Consequatur omnis pariatur. Aliquam numquam commodi? Ea autem a. Cumque similique et! Non voluptatem eaque.', ' Pending ', 'Modi exercitationem omnis amet aliquid eveniet rem. Unde assumenda et unde et totam omnis.', 50651.9, 'Pending');
INSERT INTO public.CLAIM(CLAIM_ID, CUSTOMER_ID, CLAIM_TYPE, ACCIDENT, ITEMS_DAMAGED, DESCRIPTION, DECISION, ADJUSTER_NOTES, AMOUNT, CLAIM_STATUS) VALUES
(999999, 878882, ' Health ', ' Fire Damage ', ' Y ', 'Dolore quas fugit sed aliquid qui inventore. A voluptatem quibusdam quia error unde ut!', ' Accepted ', 'Et perspiciatis odio. Natus odio non! Error non rerum. Reprehenderit voluptas eligendi. Excepturi inventore rem. Saepe quia ut. Iure cupiditate quod.', 136422.89, 'Pending');
INSERT INTO public.CLAIM(CLAIM_ID, CUSTOMER_ID, CLAIM_TYPE, ACCIDENT, ITEMS_DAMAGED, DESCRIPTION, DECISION, ADJUSTER_NOTES, AMOUNT, CLAIM_STATUS) VALUES
(936975, 562216, ' Auto ', ' Car Wreck', ' Y ', 'Explicabo quo unde et. Blanditiis autem ratione et nemo consequatur commodi! Enim beatae quo sed ad dolorem consequatur.', ' Rejected', 'Voluptatem reprehenderit sunt. Quam sint aut aperiam nostrum quo! Quasi dignissimos unde. Dolore sunt tempore. Et autem itaque! Quae molestiae sed.', 27273.27, 'Pending');
INSERT INTO public.CLAIM(CLAIM_ID, CUSTOMER_ID, CLAIM_TYPE, ACCIDENT, ITEMS_DAMAGED, DESCRIPTION, DECISION, ADJUSTER_NOTES, AMOUNT, CLAIM_STATUS) VALUES
(477635, 562218, ' Life', ' Theft ', ' N', 'Quisquam quas illum iusto illum. Sit vitae molestiae maxime. Eligendi et totam corrupti dignissimos nesciunt ad.', ' Accepted ', 'Qui reiciendis nihil enim itaque provident sit. Totam voluptates exercitationem voluptas? Illo sapiente excepturi quo perspiciatis fugit omnis...', 96925.58, 'Pending');
INSERT INTO public.CLAIM(CLAIM_ID, CUSTOMER_ID, CLAIM_TYPE, ACCIDENT, ITEMS_DAMAGED, DESCRIPTION, DECISION, ADJUSTER_NOTES, AMOUNT, CLAIM_STATUS) VALUES
(335284, 878882, ' Health ', ' Personal Injury ', ' Y ', 'Nam debitis reiciendis esse. Natus excepturi voluptates; voluptas ratione nobis adipisci omnis sequi. Dolorem quia fuga. Ut sed soluta! Alias natus quidem.', ' Pending ', 'Eum vero optio molestias officiis dolores laboriosam. Iste at officia dolores molestiae. Molestiae quidem beatae. Est reiciendis voluptas. Ex dolorem aliquid.', 66756.03, 'Pending');
INSERT INTO public.CLAIM(CLAIM_ID, CUSTOMER_ID, CLAIM_TYPE, ACCIDENT, ITEMS_DAMAGED, DESCRIPTION, DECISION, ADJUSTER_NOTES, AMOUNT, CLAIM_STATUS) VALUES
(801847, 656561, ' Auto ', ' Personal Injury ', ' N', 'Eos doloremque cumque; illo unde iste aut voluptatibus nam repudiandae? Et quia quos vel omnis reiciendis ut.', ' Rejected', 'Qui possimus dolorum et sit culpa inventore. Odit corporis tempora pariatur odit omnis facere!', 20997.84, 'Pending');
INSERT INTO public.CLAIM(CLAIM_ID, CUSTOMER_ID, CLAIM_TYPE, ACCIDENT, ITEMS_DAMAGED, DESCRIPTION, DECISION, ADJUSTER_NOTES, AMOUNT, CLAIM_STATUS) VALUES
(425285, NULL, ' Health ', ' Fire Damage ', ' Y ', 'Facilis amet et. Ut voluptatem et; odio eos nihil. Et ducimus accusantium? Inventore qui maiores. Quia similique eveniet. Qui ad iusto; facere quaerat...', ' Accepted ', 'Minima ab sed quam natus iste sequi.', 112501.91, 'Pending');
INSERT INTO public.CLAIM(CLAIM_ID, CUSTOMER_ID, CLAIM_TYPE, ACCIDENT, ITEMS_DAMAGED, DESCRIPTION, DECISION, ADJUSTER_NOTES, AMOUNT, CLAIM_STATUS) VALUES
(335285, NULL, ' Auto ', ' Car Wreck', ' N', 'Omnis sit omnis. Vel nemo officiis? Commodi fugit blanditiis. Voluptatem ut perspiciatis. Esse sapiente fuga. Veritatis iste sit. Perspiciatis eum voluptatem.', ' Rejected', 'Sint et voluptas sit consequatur omnis aperiam. Vel sit voluptate. Aut corporis rerum! Aut assumenda natus...', 120220.3, 'Pending');
INSERT INTO public.CLAIM(CLAIM_ID, CUSTOMER_ID, CLAIM_TYPE, ACCIDENT, ITEMS_DAMAGED, DESCRIPTION, DECISION, ADJUSTER_NOTES, AMOUNT, CLAIM_STATUS) VALUES
(279916, 746564, ' Life', ' Wind and Hail ', ' Y ', 'Aliquid quidem sit quisquam nam quisquam perspiciatis.', ' Rejected', 'Ducimus omnis aliquam quia alias animi at. Voluptatem illo repellat ea voluptatem hic voluptate...', 78859.07, 'Pending');
INSERT INTO public.CLAIM(CLAIM_ID, CUSTOMER_ID, CLAIM_TYPE, ACCIDENT, ITEMS_DAMAGED, DESCRIPTION, DECISION, ADJUSTER_NOTES, AMOUNT, CLAIM_STATUS) VALUES
(711847, 392174, ' Health ', ' Health-Related ', ' N', 'Perspiciatis ratione aspernatur quisquam et ab. Quaerat molestiae minima? Nemo qui repellat. Consequatur ea quibusdam! Quia quo eum; unde suscipit non.', ' Accepted ', 'Alias veritatis nesciunt; quod sunt amet. Sit reiciendis vero. Nostrum odio aut; aut ut error. Sed nostrum sed. Obcaecati dolore vitae.', 93451.45, 'Pending');
INSERT INTO public.CLAIM(CLAIM_ID, CUSTOMER_ID, CLAIM_TYPE, ACCIDENT, ITEMS_DAMAGED, DESCRIPTION, DECISION, ADJUSTER_NOTES, AMOUNT, CLAIM_STATUS) VALUES
(801848, 562218, ' Life', ' Personal Property D', ' N', 'Explicabo fugiat ut. Et reiciendis alias. Id excepturi vel! Vero error sunt. Sit facilis beatae. Sed nostrum ut. Ea optio accusantium. Atque qui impedit. A.', ' Accepted ', 'Ex voluptate quia aperiam dolor beatae natus.', 90869.61, 'Pending');
INSERT INTO public.CLAIM(CLAIM_ID, CUSTOMER_ID, CLAIM_TYPE, ACCIDENT, ITEMS_DAMAGED, DESCRIPTION, DECISION, ADJUSTER_NOTES, AMOUNT, CLAIM_STATUS) VALUES
(846978, 265963, ' Health ', ' Personal Injury ', ' N', 'Voluptatem et dolor atque. Delectus facere error natus quasi incidunt fugit! Omnis quam deleniti quam ea et officiis.', ' Accepted ', 'Nam enim similique. Enim aut maxime. Saepe ut esse? Ex et unde! Nisi dolores laudantium. Voluptatem quia modi? Delectus sed perspiciatis. Reprehenderit dolor!', 103240.01, 'Pending');
INSERT INTO public.CLAIM(CLAIM_ID, CUSTOMER_ID, CLAIM_TYPE, ACCIDENT, ITEMS_DAMAGED, DESCRIPTION, DECISION, ADJUSTER_NOTES, AMOUNT, CLAIM_STATUS) VALUES
(711848, 878883, ' Life', ' Health-Related ', ' Y ', 'Ut accusamus ipsa. Qui commodi provident. Numquam exercitationem odit. Totam quasi nulla. Aut veniam vel. Quis asperiores sunt; corporis iure minus? Nulla.', ' Rejected', 'Dolores ipsam nobis. Sed sit sed. Esse sit dolor magnam hic similique dolore. Qui laboriosam iste. Eos sed esse. Et sint ullam!', 118112.73, 'Pending');
INSERT INTO public.CLAIM(CLAIM_ID, CUSTOMER_ID, CLAIM_TYPE, ACCIDENT, ITEMS_DAMAGED, DESCRIPTION, DECISION, ADJUSTER_NOTES, AMOUNT, CLAIM_STATUS) VALUES
(425286, 656561, ' Life', ' Car Wreck', ' N', 'Est explicabo reiciendis quo quibusdam aut iste. Nisi eos placeat maxime. Quia ab et ratione. Nulla quasi consectetur qui pariatur beatae...', ' Accepted ', 'Voluptate obcaecati sunt dolorem iste reprehenderit ut. Vitae alias eos quas autem odit sunt.', 12053.47, 'Pending');
INSERT INTO public.CLAIM(CLAIM_ID, CUSTOMER_ID, CLAIM_TYPE, ACCIDENT, ITEMS_DAMAGED, DESCRIPTION, DECISION, ADJUSTER_NOTES, AMOUNT, CLAIM_STATUS) VALUES
(335286, 562218, ' Health ', ' Fire Damage ', ' N', 'Totam dolor quaerat. Rerum modi et. Quibusdam commodi porro. Impedit animi in! Ea molestias eaque. Quibusdam voluptas sed! Praesentium sunt maxime? Corporis.', ' Pending ', 'Aperiam eligendi in et. Non sed velit et aliquam sit eius. Omnis enim illo omnis ut voluptate nobis.', 37392.66, 'Pending');
INSERT INTO public.CLAIM(CLAIM_ID, CUSTOMER_ID, CLAIM_TYPE, ACCIDENT, ITEMS_DAMAGED, DESCRIPTION, DECISION, ADJUSTER_NOTES, AMOUNT, CLAIM_STATUS) VALUES
(567636, 746567, ' Home ', ' Water Damage ', ' N', 'Omnis voluptas dolor at expedita unde possimus. Omnis nesciunt reiciendis quae sit! Dolores vel ullam. Praesentium maxime totam. Fugit perspiciatis id.', ' Pending ', 'Est quisquam libero doloribus possimus minus; quia autem nesciunt pariatur enim perferendis? Cupiditate et iusto eaque non. Magnam et molestias veritatis sed!', 134971.7, 'Pending');
INSERT INTO public.CLAIM(CLAIM_ID, CUSTOMER_ID, CLAIM_TYPE, ACCIDENT, ITEMS_DAMAGED, DESCRIPTION, DECISION, ADJUSTER_NOTES, AMOUNT, CLAIM_STATUS) VALUES
(477636, 746565, ' Auto ', ' Car Wreck', ' N', 'Dignissimos voluptatem incidunt. Mollitia quo ullam eius aliquam molestias harum. Autem enim sed sit ullam quia nisi.', ' Rejected', 'Sint ut ea. Dolore expedita et. Facere voluptas sed. Placeat reiciendis facilis. Exercitationem et doloribus; non et architecto. Quas perspiciatis ullam?', 49114.47, 'Pending');
INSERT INTO public.CLAIM(CLAIM_ID, CUSTOMER_ID, CLAIM_TYPE, ACCIDENT, ITEMS_DAMAGED, DESCRIPTION, DECISION, ADJUSTER_NOTES, AMOUNT, CLAIM_STATUS) VALUES
(425287, 562218, ' Auto ', ' Health-Related ', ' N', 'Qui ut sit. Vitae iste sequi distinctio modi dignissimos optio. Quis sed esse voluptas cumque beatae ullam; commodi molestiae sapiente.', ' Accepted ', 'Rem eius quod quaerat sed ratione. In nam veniam? Quia mollitia aut! Facere et ut. Accusantium et exercitationem. Voluptatem praesentium quam.', 21066.02, 'Pending');
INSERT INTO public.CLAIM(CLAIM_ID, CUSTOMER_ID, CLAIM_TYPE, ACCIDENT, ITEMS_DAMAGED, DESCRIPTION, DECISION, ADJUSTER_NOTES, AMOUNT, CLAIM_STATUS) VALUES
(801849, 472218, ' Home ', ' Personal Injury ', ' N', 'Dignissimos cupiditate obcaecati et earum. Repudiandae quos laudantium. Totam qui animi sit et perspiciatis consequuntur. Natus iste nostrum ut pariatur.', ' Rejected', 'Magni nulla numquam; quas culpa libero. Dolorem a excepturi! Incidunt consequatur sed. Beatae perferendis voluptatem. Eius omnis exercitationem. Quis ab!', 54535.11, 'Pending');
INSERT INTO public.CLAIM(CLAIM_ID, CUSTOMER_ID, CLAIM_TYPE, ACCIDENT, ITEMS_DAMAGED, DESCRIPTION, DECISION, ADJUSTER_NOTES, AMOUNT, CLAIM_STATUS) VALUES
(335287, 746565, ' Life', ' Personal Injury ', ' Y ', 'Velit ut voluptas. Autem nobis aperiam. Ex magnam ratione; facere excepturi autem et sed aut. Odit accusamus corporis! Ipsa sint voluptatem.', ' Accepted ', 'Minima optio nihil veritatis ea sit accusamus.', 17997.59, 'Pending');
INSERT INTO public.CLAIM(CLAIM_ID, CUSTOMER_ID, CLAIM_TYPE, ACCIDENT, ITEMS_DAMAGED, DESCRIPTION, DECISION, ADJUSTER_NOTES, AMOUNT, CLAIM_STATUS) VALUES
(936976, 562218, ' Home ', ' Health-Related ', ' N', 'Sunt eum quia et nobis unde fugit.', ' Rejected', 'Sit blanditiis incidunt. Maiores natus rerum. Aliquam unde sed. Ut sit aut. Placeat porro natus? Et sed tenetur. Obcaecati mollitia praesentium? Ipsa quis ut...', 111436.76, 'Pending');
INSERT INTO public.CLAIM(CLAIM_ID, CUSTOMER_ID, CLAIM_TYPE, ACCIDENT, ITEMS_DAMAGED, DESCRIPTION, DECISION, ADJUSTER_NOTES, AMOUNT, CLAIM_STATUS) VALUES
(189916, 746561, ' Auto ', ' Water Damage ', ' N', 'Et non deleniti. Ipsam libero repellat. Modi perspiciatis saepe. Non vitae unde. Laudantium a consectetur? Reiciendis quod omnis; tenetur incidunt impedit.', ' Pending ', 'Dolorem ut expedita; assumenda est architecto. Accusamus non atque. Suscipit similique officiis? Dignissimos natus dicta. Voluptatem aut perferendis. Labore;', 18349.95, 'Pending');
INSERT INTO public.CLAIM(CLAIM_ID, CUSTOMER_ID, CLAIM_TYPE, ACCIDENT, ITEMS_DAMAGED, DESCRIPTION, DECISION, ADJUSTER_NOTES, AMOUNT, CLAIM_STATUS) VALUES
(567637, 302177, ' Health ', ' Health-Related ', ' N', 'Nesciunt porro mollitia. Aspernatur dolor omnis? Quam quod sapiente! Unde modi laborum; id voluptatem aut; eligendi id sed. Quisquam illo aperiam. Et rerum.', ' Pending ', 'Aperiam harum veniam. Iste et atque! Enim voluptatem aperiam; nobis error et. Qui ut recusandae. Non laudantium incidunt. Veritatis voluptatum ut.', 71165.51, 'Pending');
INSERT INTO public.CLAIM(CLAIM_ID, CUSTOMER_ID, CLAIM_TYPE, ACCIDENT, ITEMS_DAMAGED, DESCRIPTION, DECISION, ADJUSTER_NOTES, AMOUNT, CLAIM_STATUS) VALUES
(711849, 968879, ' Auto ', ' Water Damage ', ' N', 'Sint doloremque delectus dolore sapiente id magni.', ' Rejected', 'Velit non voluptatem omnis qui. Amet iusto eius consequuntur quia magnam? Omnis perspiciatis quia quisquam ad quibusdam et.', 98686.47, 'Pending');
INSERT INTO public.CLAIM(CLAIM_ID, CUSTOMER_ID, CLAIM_TYPE, ACCIDENT, ITEMS_DAMAGED, DESCRIPTION, DECISION, ADJUSTER_NOTES, AMOUNT, CLAIM_STATUS) VALUES
(846979, NULL, ' Home ', ' Water Damage ', ' N', 'In fugit omnis. Eum consequatur voluptatibus. Natus eos natus. Eos provident eos. Perspiciatis culpa vitae! Aut perspiciatis iure. Omnis rerum itaque.', ' Rejected', 'Fugiat voluptas magni. Autem asperiores repellat? Omnis nulla alias veritatis dicta. Quia qui aut exercitationem modi qui nihil. Cupiditate quisquam sed;', 11666.6, 'Pending');
INSERT INTO public.CLAIM(CLAIM_ID, CUSTOMER_ID, CLAIM_TYPE, ACCIDENT, ITEMS_DAMAGED, DESCRIPTION, DECISION, ADJUSTER_NOTES, AMOUNT, CLAIM_STATUS) VALUES
(477637, 302175, ' Life', ' Health-Related ', ' N', 'Asperiores ut dignissimos laudantium dolores exercitationem corporis. Facilis libero voluptate. Assumenda quas voluptatum! Eos rerum esse. Architecto tempora.', ' Pending ', 'Ut est autem explicabo hic; ullam dolorum nihil. Maiores neque sed. Dolores aperiam dolore consequatur iste. Sit qui numquam? Maxime sequi ut.', 7194.71, 'Pending');
INSERT INTO public.CLAIM(CLAIM_ID, CUSTOMER_ID, CLAIM_TYPE, ACCIDENT, ITEMS_DAMAGED, DESCRIPTION, DECISION, ADJUSTER_NOTES, AMOUNT, CLAIM_STATUS) VALUES
(567638, 472217, ' Home ', ' Personal Property D', ' Y ', 'Eos sed minus. Est explicabo harum. Aut dolorum unde. Laboriosam qui dolore. Ut ratione id. Quam est enim. Consequuntur ratione ea. Sit ullam sed; ex ab esse.', ' Accepted ', 'Consequatur facere suscipit nesciunt dolores voluptatum. Tempora quo ut. Voluptatem earum hic. Rerum est et. Sunt voluptas aspernatur. Fugiat qui sapiente.', 39224.71, 'Pending');
INSERT INTO public.CLAIM(CLAIM_ID, CUSTOMER_ID, CLAIM_TYPE, ACCIDENT, ITEMS_DAMAGED, DESCRIPTION, DECISION, ADJUSTER_NOTES, AMOUNT, CLAIM_STATUS) VALUES
(477638, 746561, ' Auto ', ' Car Wreck', ' Y ', 'Obcaecati voluptates atque enim. Sapiente facilis aut voluptatem error asperiores architecto; qui dolor esse qui assumenda nostrum ut.', ' Rejected', 'Tempora necessitatibus reiciendis tenetur et est repellat. Qui doloremque accusantium reiciendis culpa temporibus sint.', 119348.07, 'Pending');
INSERT INTO public.CLAIM(CLAIM_ID, CUSTOMER_ID, CLAIM_TYPE, ACCIDENT, ITEMS_DAMAGED, DESCRIPTION, DECISION, ADJUSTER_NOTES, AMOUNT, CLAIM_STATUS) VALUES
(801850, 656565, ' Health ', ' Wind and Hail ', ' N', 'Labore tempora voluptate et optio deserunt et.', ' Pending ', 'Voluptas quas omnis. Sint ut voluptate. Repellendus et voluptatum. Voluptatum assumenda omnis? Ullam ab velit. Voluptatem sed sint. Voluptatem error dolorem.', 14978.13, 'Pending');
INSERT INTO public.CLAIM(CLAIM_ID, CUSTOMER_ID, CLAIM_TYPE, ACCIDENT, ITEMS_DAMAGED, DESCRIPTION, DECISION, ADJUSTER_NOTES, AMOUNT, CLAIM_STATUS) VALUES
(711850, 656567, ' Life', ' Theft ', ' N', 'Obcaecati omnis culpa. Sit rerum sunt! Nobis aut accusantium. Perferendis quos voluptatem! Adipisci ex quos. Est eaque magnam; quia non sit. Labore ratione.', ' Accepted ', 'Voluptatem omnis sequi optio quod eveniet quia. Architecto aspernatur autem. Commodi necessitatibus ut rerum excepturi blanditiis architecto.', 78141.44, 'Pending');
INSERT INTO public.CLAIM(CLAIM_ID, CUSTOMER_ID, CLAIM_TYPE, ACCIDENT, ITEMS_DAMAGED, DESCRIPTION, DECISION, ADJUSTER_NOTES, AMOUNT, CLAIM_STATUS) VALUES
(801851, 878881, ' Health ', ' Car Wreck', ' Y ', 'Iste vero autem. Qui molestiae perferendis? Tempora cumque suscipit. Dicta qui aut. Excepturi porro dolore! Qui aliquam nemo. Modi voluptatibus qui! Vero.', ' Accepted ', 'Et veritatis facilis. Neque sit deserunt perspiciatis incidunt. Quo nesciunt necessitatibus sit error consequatur quos. Omnis repudiandae perferendis!', 101952.36, 'Pending');
INSERT INTO public.CLAIM(CLAIM_ID, CUSTOMER_ID, CLAIM_TYPE, ACCIDENT, ITEMS_DAMAGED, DESCRIPTION, DECISION, ADJUSTER_NOTES, AMOUNT, CLAIM_STATUS) VALUES
(425288, 878882, ' Health ', ' Theft ', ' Y ', 'Nemo corporis non. Assumenda ipsa assumenda. Cumque quia nisi. Omnis debitis iure! Necessitatibus quisquam explicabo. Ratione ullam ut! Optio magni possimus;', ' Accepted ', 'Optio impedit saepe quo. Unde omnis et. Unde voluptates assumenda voluptas tempora! Sunt quos illo. Voluptas quisquam molestiae. Quia voluptatem et!', 77828.96, 'Pending');
INSERT INTO public.CLAIM(CLAIM_ID, CUSTOMER_ID, CLAIM_TYPE, ACCIDENT, ITEMS_DAMAGED, DESCRIPTION, DECISION, ADJUSTER_NOTES, AMOUNT, CLAIM_STATUS) VALUES
(936977, 878886, ' Home ', ' Health-Related ', ' N', 'Illum natus est. Error dolorem error. Velit voluptatem sit? Dolores sit necessitatibus. Ab voluptatem repudiandae. Exercitationem suscipit voluptatem. Dolor.', ' Accepted ', 'Ab odio nesciunt. Autem omnis illo. Quae et atque! Neque eos sit? Unde et temporibus! Impedit quos quis. Voluptatem vero eaque. Enim architecto tempora.', 59948.5, 'Pending');
INSERT INTO public.CLAIM(CLAIM_ID, CUSTOMER_ID, CLAIM_TYPE, ACCIDENT, ITEMS_DAMAGED, DESCRIPTION, DECISION, ADJUSTER_NOTES, AMOUNT, CLAIM_STATUS) VALUES
(279917, 472217, ' Life', ' Personal Injury ', ' Y ', 'Voluptate rerum et. Repudiandae hic aliquam! Incidunt ut aliquid. Sed est eius. Repudiandae veritatis ut. Ipsa tenetur sunt; voluptatem laboriosam ut. Non;', ' Pending ', 'Et placeat culpa et delectus. Officia non eum eos perferendis explicabo; odio repellendus ipsam. Et quis sed. Odio omnis ut.', 123946.52, 'Pending');
INSERT INTO public.CLAIM(CLAIM_ID, CUSTOMER_ID, CLAIM_TYPE, ACCIDENT, ITEMS_DAMAGED, DESCRIPTION, DECISION, ADJUSTER_NOTES, AMOUNT, CLAIM_STATUS) VALUES
(846980, 472219, ' Life', ' Wind and Hail ', ' N', 'Explicabo et suscipit eveniet iste consectetur dolorum. Ea aut voluptates. Qui amet natus qui delectus fugit in.', ' Pending ', 'Rerum voluptas quibusdam. Nostrum aliquid exercitationem. Harum odio architecto. Sequi quasi et. Alias commodi fugiat. Aut quis obcaecati. Ullam fugit aut.', 64716.19, 'Pending');
INSERT INTO public.CLAIM(CLAIM_ID, CUSTOMER_ID, CLAIM_TYPE, ACCIDENT, ITEMS_DAMAGED, DESCRIPTION, DECISION, ADJUSTER_NOTES, AMOUNT, CLAIM_STATUS) VALUES
(335288, 392174, ' Home ', ' Water Damage ', ' Y ', 'Velit eligendi aliquid. Aliquam quisquam aut. Nihil est minima. Qui expedita iste! Ea ut perspiciatis. Eligendi ut sit. Exercitationem voluptatem blanditiis.', ' Accepted ', 'Quia necessitatibus ex amet quam vel excepturi. Quia enim sit aut minima id perspiciatis.', 63676.23, 'Pending');
INSERT INTO public.CLAIM(CLAIM_ID, CUSTOMER_ID, CLAIM_TYPE, ACCIDENT, ITEMS_DAMAGED, DESCRIPTION, DECISION, ADJUSTER_NOTES, AMOUNT, CLAIM_STATUS) VALUES
(425289, 746566, ' Home ', ' Water Damage ', ' N', 'Voluptas officiis molestiae totam consectetur ex. Fuga libero quasi sunt quaerat tenetur? Nihil voluptatem repudiandae praesentium voluptatem reprehenderit!', ' Rejected', 'Inventore vero enim quia dolorem ullam optio.', 95690.93, 'Pending');
INSERT INTO public.CLAIM(CLAIM_ID, CUSTOMER_ID, CLAIM_TYPE, ACCIDENT, ITEMS_DAMAGED, DESCRIPTION, DECISION, ADJUSTER_NOTES, AMOUNT, CLAIM_STATUS) VALUES
(711851, 746566, ' Home ', ' Personal Injury ', ' N', 'Porro pariatur ea. Sint totam fugiat iste unde ipsa qui. Accusantium perspiciatis earum numquam mollitia dolorum qui.', ' Pending ', 'Quae consequatur officiis. Voluptatibus sit vitae. Officia fuga molestias. Laboriosam vel eum. Et est sunt. Porro a illo. Ut dicta qui!', 81285.26, 'Pending');
INSERT INTO public.CLAIM(CLAIM_ID, CUSTOMER_ID, CLAIM_TYPE, ACCIDENT, ITEMS_DAMAGED, DESCRIPTION, DECISION, ADJUSTER_NOTES, AMOUNT, CLAIM_STATUS) VALUES
(801852, NULL, ' Home ', ' Health-Related ', ' N', 'Repudiandae sed perspiciatis. Voluptatem voluptas qui. Nam consectetur impedit. Sed ut cupiditate! Exercitationem dignissimos ad? Doloribus sit ut;', ' Pending ', 'In et ipsum perspiciatis id nihil officiis. Et quaerat voluptatem sapiente aut veniam sint.', 108723.17, 'Pending');
INSERT INTO public.CLAIM(CLAIM_ID, CUSTOMER_ID, CLAIM_TYPE, ACCIDENT, ITEMS_DAMAGED, DESCRIPTION, DECISION, ADJUSTER_NOTES, AMOUNT, CLAIM_STATUS) VALUES
(189917, NULL, ' Life', ' Car Wreck', ' Y ', 'Quo vero quisquam. Doloribus atque omnis ut incidunt sit rem. Est sequi et assumenda ad maiores dicta.', ' Pending ', 'Sit sequi perferendis nisi ut fugit natus.', 16176.77, 'Pending');

--
-- Inserting data into table public.POLICY
--
INSERT INTO public.POLICY(POLICY_ID, CUSTOMER_ID, TYPE, COST, COVERAGE, DEDUCTIBLE, COINSURANCE, EFFECTIVE_DATE, EXPIRE_DATE, PLAN, POLICY_STATUS) VALUES
(652810, 562219, 'Family', 1969.18, 334289.18, 4656.12, 3, '09/14/2016 14:51:22', '01/01/2022 00:00:07', 'Health', 'Active');
INSERT INTO public.POLICY(POLICY_ID, CUSTOMER_ID, TYPE, COST, COVERAGE, DEDUCTIBLE, COINSURANCE, EFFECTIVE_DATE, EXPIRE_DATE, PLAN, POLICY_STATUS) VALUES
(638903, 175962, 'Family', 104.03, 333957.3, 4611.43, 12, '01/23/2018 05:27:39', '01/08/2024 07:59:43', 'Life', 'Inactive');
INSERT INTO public.POLICY(POLICY_ID, CUSTOMER_ID, TYPE, COST, COVERAGE, DEDUCTIBLE, COINSURANCE, EFFECTIVE_DATE, EXPIRE_DATE, PLAN, POLICY_STATUS) VALUES
(325369, 656565, 'Family', 1163.12, 255760.01, 4476.72, 3, '01/01/2010 00:01:33', '01/01/2022 00:00:35', 'Auto', 'Active');
INSERT INTO public.POLICY(POLICY_ID, CUSTOMER_ID, TYPE, COST, COVERAGE, DEDUCTIBLE, COINSURANCE, EFFECTIVE_DATE, EXPIRE_DATE, PLAN, POLICY_STATUS) VALUES
(742811, 392177, 'Family', 277.44, 353923.24, 4534.93, 2, '07/24/2012 22:21:15', '03/12/2023 12:52:30', 'Home', 'Inactive');
INSERT INTO public.POLICY(POLICY_ID, CUSTOMER_ID, TYPE, COST, COVERAGE, DEDUCTIBLE, COINSURANCE, EFFECTIVE_DATE, EXPIRE_DATE, PLAN, POLICY_STATUS) VALUES
(103981, 746562, 'Single', 554.61, 251226.35, 3551.08, 5, '01/01/2010 00:13:46', '08/29/2024 04:05:29', 'Auto', 'Active');
INSERT INTO public.POLICY(POLICY_ID, CUSTOMER_ID, TYPE, COST, COVERAGE, DEDUCTIBLE, COINSURANCE, EFFECTIVE_DATE, EXPIRE_DATE, PLAN, POLICY_STATUS) VALUES
(193982, 302175, 'Single', 639.46, 132504.61, 3771.25, 17, '10/16/2011 21:01:47', '02/23/2024 02:29:43', 'Home', 'Active');
INSERT INTO public.POLICY(POLICY_ID, CUSTOMER_ID, TYPE, COST, COVERAGE, DEDUCTIBLE, COINSURANCE, EFFECTIVE_DATE, EXPIRE_DATE, PLAN, POLICY_STATUS) VALUES
(548903, 302174, 'Single', 1054.36, 462755.89, 4443.57, 17, '03/04/2019 13:47:59', '11/07/2026 12:57:15', 'Home', 'Inactive');
INSERT INTO public.POLICY(POLICY_ID, CUSTOMER_ID, TYPE, COST, COVERAGE, DEDUCTIBLE, COINSURANCE, EFFECTIVE_DATE, EXPIRE_DATE, PLAN, POLICY_STATUS) VALUES
(916964, 175961, 'Single', 171.38, 329537.65, 4835.43, 18, '12/26/2016 14:11:00', '05/22/2023 09:10:55', 'Auto', 'Inactive');
INSERT INTO public.POLICY(POLICY_ID, CUSTOMER_ID, TYPE, COST, COVERAGE, DEDUCTIBLE, COINSURANCE, EFFECTIVE_DATE, EXPIRE_DATE, PLAN, POLICY_STATUS) VALUES
(826967, 656562, 'Single', 316.75, 330508.87, 4443.64, 9, '11/10/2015 05:46:13', '08/15/2025 16:43:39', 'Life', 'Active');
INSERT INTO public.POLICY(POLICY_ID, CUSTOMER_ID, TYPE, COST, COVERAGE, DEDUCTIBLE, COINSURANCE, EFFECTIVE_DATE, EXPIRE_DATE, PLAN, POLICY_STATUS) VALUES
(103982, 746568, 'Family', 833.75, 272630.39, 4617.14, 5, '02/20/2015 09:45:44', '01/08/2027 10:49:18', 'Home', 'Active');
INSERT INTO public.POLICY(POLICY_ID, CUSTOMER_ID, TYPE, COST, COVERAGE, DEDUCTIBLE, COINSURANCE, EFFECTIVE_DATE, EXPIRE_DATE, PLAN, POLICY_STATUS) VALUES
(999999, 302173, 'Family', 623.71, 58399.01, 4924.46, 15, '06/13/2020 21:17:21', '04/17/2024 15:53:46', 'Home', 'Active');
INSERT INTO public.POLICY(POLICY_ID, CUSTOMER_ID, TYPE, COST, COVERAGE, DEDUCTIBLE, COINSURANCE, EFFECTIVE_DATE, EXPIRE_DATE, PLAN, POLICY_STATUS) VALUES
(652811, 878883, 'Family', 1600.18, 302678.48, 4874.12, 17, '10/18/2018 03:19:53', '05/15/2029 01:45:28', 'Life', 'Inactive');
INSERT INTO public.POLICY(POLICY_ID, CUSTOMER_ID, TYPE, COST, COVERAGE, DEDUCTIBLE, COINSURANCE, EFFECTIVE_DATE, EXPIRE_DATE, PLAN, POLICY_STATUS) VALUES
(193983, 968881, 'Family', 1714.05, 226159.24, 4512.94, 18, '03/30/2020 15:49:50', '07/04/2025 23:50:52', 'Auto', 'Active');
INSERT INTO public.POLICY(POLICY_ID, CUSTOMER_ID, TYPE, COST, COVERAGE, DEDUCTIBLE, COINSURANCE, EFFECTIVE_DATE, EXPIRE_DATE, PLAN, POLICY_STATUS) VALUES
(415370, 878884, 'Family', 391.66, 104617.18, 4824.05, 4, '01/26/2010 00:58:11', '12/06/2027 05:58:59', 'Home', 'Active');
INSERT INTO public.POLICY(POLICY_ID, CUSTOMER_ID, TYPE, COST, COVERAGE, DEDUCTIBLE, COINSURANCE, EFFECTIVE_DATE, EXPIRE_DATE, PLAN, POLICY_STATUS) VALUES
(742812, 656561, 'Single', 235.81, 292256.34, 4909.22, 20, '01/22/2018 11:25:51', '06/08/2022 05:43:12', 'Auto', 'Active');
INSERT INTO public.POLICY(POLICY_ID, CUSTOMER_ID, TYPE, COST, COVERAGE, DEDUCTIBLE, COINSURANCE, EFFECTIVE_DATE, EXPIRE_DATE, PLAN, POLICY_STATUS) VALUES
(638904, 472218, 'Family', 688.77, 393636.65, 4795.63, 1, '02/09/2010 18:10:27', '03/09/2024 01:24:20', 'Life', 'Inactive');
INSERT INTO public.POLICY(POLICY_ID, CUSTOMER_ID, TYPE, COST, COVERAGE, DEDUCTIBLE, COINSURANCE, EFFECTIVE_DATE, EXPIRE_DATE, PLAN, POLICY_STATUS) VALUES
(103983, 562219, 'Single', 1210.95, 466023.66, 4672.39, 14, '01/01/2010 00:00:52', '08/02/2027 18:02:53', 'Health', 'Inactive');
INSERT INTO public.POLICY(POLICY_ID, CUSTOMER_ID, TYPE, COST, COVERAGE, DEDUCTIBLE, COINSURANCE, EFFECTIVE_DATE, EXPIRE_DATE, PLAN, POLICY_STATUS) VALUES
(548904, 472217, 'Family', 703.32, 240063.65, 4134.84, 5, '12/15/2015 05:56:09', '01/03/2024 15:19:14', 'Health', 'Active');
INSERT INTO public.POLICY(POLICY_ID, CUSTOMER_ID, TYPE, COST, COVERAGE, DEDUCTIBLE, COINSURANCE, EFFECTIVE_DATE, EXPIRE_DATE, PLAN, POLICY_STATUS) VALUES
(652812, 392177, 'Single', 1028, 374366.09, 3614.61, 10, '06/05/2011 23:33:10', '09/13/2024 18:01:42', 'Life', 'Inactive');
INSERT INTO public.POLICY(POLICY_ID, CUSTOMER_ID, TYPE, COST, COVERAGE, DEDUCTIBLE, COINSURANCE, EFFECTIVE_DATE, EXPIRE_DATE, PLAN, POLICY_STATUS) VALUES
(742813, 562218, 'Family', 317.42, 392575.87, 4628.15, 18, '01/01/2010 01:44:44', '07/23/2027 00:13:38', 'Life', 'Active');
INSERT INTO public.POLICY(POLICY_ID, CUSTOMER_ID, TYPE, COST, COVERAGE, DEDUCTIBLE, COINSURANCE, EFFECTIVE_DATE, EXPIRE_DATE, PLAN, POLICY_STATUS) VALUES
(652813, 656566, 'Single', 1991.98, 252333.12, 4645.77, 17, '01/01/2010 00:00:35', '07/21/2024 21:50:18', 'Auto', 'Active');
INSERT INTO public.POLICY(POLICY_ID, CUSTOMER_ID, TYPE, COST, COVERAGE, DEDUCTIBLE, COINSURANCE, EFFECTIVE_DATE, EXPIRE_DATE, PLAN, POLICY_STATUS) VALUES
(325370, 562219, 'Single', 144.83, 259754.01, 4961.99, 10, '01/01/2010 00:05:17', '04/09/2028 07:20:35', 'Life', 'Active');
INSERT INTO public.POLICY(POLICY_ID, CUSTOMER_ID, TYPE, COST, COVERAGE, DEDUCTIBLE, COINSURANCE, EFFECTIVE_DATE, EXPIRE_DATE, PLAN, POLICY_STATUS) VALUES
(916965, 746562, 'Single', 1415.92, 146294.19, 3904.69, 20, '01/30/2010 00:57:15', '08/07/2023 17:59:43', 'Home', 'Inactive');
INSERT INTO public.POLICY(POLICY_ID, CUSTOMER_ID, TYPE, COST, COVERAGE, DEDUCTIBLE, COINSURANCE, EFFECTIVE_DATE, EXPIRE_DATE, PLAN, POLICY_STATUS) VALUES
(742814, 968881, 'Family', 840.17, 409464.12, 4228.51, 13, '06/16/2014 23:47:09', '01/01/2022 00:00:04', 'Life', 'Active');
INSERT INTO public.POLICY(POLICY_ID, CUSTOMER_ID, TYPE, COST, COVERAGE, DEDUCTIBLE, COINSURANCE, EFFECTIVE_DATE, EXPIRE_DATE, PLAN, POLICY_STATUS) VALUES
(652814, 562219, 'Family', 629.46, 263794.56, 4456.17, 20, '01/01/2010 00:01:27', '07/22/2029 07:29:09', 'Home', 'Active');
INSERT INTO public.POLICY(POLICY_ID, CUSTOMER_ID, TYPE, COST, COVERAGE, DEDUCTIBLE, COINSURANCE, EFFECTIVE_DATE, EXPIRE_DATE, PLAN, POLICY_STATUS) VALUES
(638905, 265961, 'Single', 1375.88, 296422.22, 3075.32, 6, '01/01/2010 00:00:08', '06/02/2025 02:12:58', 'Auto', 'Inactive');
INSERT INTO public.POLICY(POLICY_ID, CUSTOMER_ID, TYPE, COST, COVERAGE, DEDUCTIBLE, COINSURANCE, EFFECTIVE_DATE, EXPIRE_DATE, PLAN, POLICY_STATUS) VALUES
(415371, 968883, 'Family', 263.09, 193762.53, 3186.63, 9, '01/01/2010 01:36:38', '01/01/2022 00:14:21', 'Life', 'Inactive');
INSERT INTO public.POLICY(POLICY_ID, CUSTOMER_ID, TYPE, COST, COVERAGE, DEDUCTIBLE, COINSURANCE, EFFECTIVE_DATE, EXPIRE_DATE, PLAN, POLICY_STATUS) VALUES
(193984, 746568, 'Family', 1146.77, 120700.92, 3735.01, 10, '10/03/2016 09:52:57', '07/10/2022 17:36:17', 'Auto', 'Inactive');
INSERT INTO public.POLICY(POLICY_ID, CUSTOMER_ID, TYPE, COST, COVERAGE, DEDUCTIBLE, COINSURANCE, EFFECTIVE_DATE, EXPIRE_DATE, PLAN, POLICY_STATUS) VALUES
(742815, 968880, 'Single', 789.22, 189489.74, 2728.64, 18, '03/29/2016 09:08:52', '05/19/2023 16:41:47', 'Home', 'Inactive');
INSERT INTO public.POLICY(POLICY_ID, CUSTOMER_ID, TYPE, COST, COVERAGE, DEDUCTIBLE, COINSURANCE, EFFECTIVE_DATE, EXPIRE_DATE, PLAN, POLICY_STATUS) VALUES
(652815, 746566, 'Single', 711.45, 335995.76, 4142.07, 3, '04/03/2014 03:10:01', '01/01/2022 00:15:58', 'Life', 'Active');
INSERT INTO public.POLICY(POLICY_ID, CUSTOMER_ID, TYPE, COST, COVERAGE, DEDUCTIBLE, COINSURANCE, EFFECTIVE_DATE, EXPIRE_DATE, PLAN, POLICY_STATUS) VALUES
(742816, 392176, 'Family', 1326.39, 324968.1, 3107.45, 17, '01/01/2010 00:00:33', '10/02/2022 22:51:15', 'Health', 'Active');
INSERT INTO public.POLICY(POLICY_ID, CUSTOMER_ID, TYPE, COST, COVERAGE, DEDUCTIBLE, COINSURANCE, EFFECTIVE_DATE, EXPIRE_DATE, PLAN, POLICY_STATUS) VALUES
(103984, 392177, 'Single', 1381.53, 325994.52, 3857.33, 18, '03/21/2013 10:57:57', '01/01/2022 01:04:21', 'Auto', 'Active');
INSERT INTO public.POLICY(POLICY_ID, CUSTOMER_ID, TYPE, COST, COVERAGE, DEDUCTIBLE, COINSURANCE, EFFECTIVE_DATE, EXPIRE_DATE, PLAN, POLICY_STATUS) VALUES
(325371, 265963, 'Single', 490.73, 181451.73, 3006.1, 17, '09/17/2013 04:55:57', '06/24/2027 11:15:37', 'Home', 'Active');
INSERT INTO public.POLICY(POLICY_ID, CUSTOMER_ID, TYPE, COST, COVERAGE, DEDUCTIBLE, COINSURANCE, EFFECTIVE_DATE, EXPIRE_DATE, PLAN, POLICY_STATUS) VALUES
(193985, 562217, 'Family', 1688.59, 113895.7, 2872.5, 9, '11/12/2015 07:12:07', '01/01/2022 00:00:07', 'Home', 'Active');
INSERT INTO public.POLICY(POLICY_ID, CUSTOMER_ID, TYPE, COST, COVERAGE, DEDUCTIBLE, COINSURANCE, EFFECTIVE_DATE, EXPIRE_DATE, PLAN, POLICY_STATUS) VALUES
(415372, 656567, 'Family', 387.93, 83376.46, 2927.58, 16, '02/18/2015 23:45:41', '05/15/2023 08:48:57', 'Life', 'Active');
INSERT INTO public.POLICY(POLICY_ID, CUSTOMER_ID, TYPE, COST, COVERAGE, DEDUCTIBLE, COINSURANCE, EFFECTIVE_DATE, EXPIRE_DATE, PLAN, POLICY_STATUS) VALUES
(325372, 656561, 'Single', 1692.63, 149915.22, 3937.49, 3, '09/25/2013 23:08:37', '07/07/2024 17:46:37', 'Health', 'Active');
INSERT INTO public.POLICY(POLICY_ID, CUSTOMER_ID, TYPE, COST, COVERAGE, DEDUCTIBLE, COINSURANCE, EFFECTIVE_DATE, EXPIRE_DATE, PLAN, POLICY_STATUS) VALUES
(548905, 392174, 'Family', 195.92, 386754.47, 2583.39, 11, '08/27/2013 08:51:14', '04/04/2023 05:53:11', 'Health', 'Inactive');
INSERT INTO public.POLICY(POLICY_ID, CUSTOMER_ID, TYPE, COST, COVERAGE, DEDUCTIBLE, COINSURANCE, EFFECTIVE_DATE, EXPIRE_DATE, PLAN, POLICY_STATUS) VALUES
(652816, 746563, 'Family', 1944.02, 120419.06, 3143.26, 15, '01/01/2010 01:02:07', '07/23/2026 11:56:24', 'Home', 'Inactive');
INSERT INTO public.POLICY(POLICY_ID, CUSTOMER_ID, TYPE, COST, COVERAGE, DEDUCTIBLE, COINSURANCE, EFFECTIVE_DATE, EXPIRE_DATE, PLAN, POLICY_STATUS) VALUES
(103985, 302177, 'Family', 778.1, 431545.39, 3526.21, 6, '08/09/2011 15:25:50', '01/01/2022 00:00:00', 'Health', 'Inactive');
INSERT INTO public.POLICY(POLICY_ID, CUSTOMER_ID, TYPE, COST, COVERAGE, DEDUCTIBLE, COINSURANCE, EFFECTIVE_DATE, EXPIRE_DATE, PLAN, POLICY_STATUS) VALUES
(826968, 175962, 'Single', 846.67, 386989.23, 4512.26, 2, '07/16/2018 21:19:26', '01/14/2024 14:06:50', 'Auto', 'Active');
INSERT INTO public.POLICY(POLICY_ID, CUSTOMER_ID, TYPE, COST, COVERAGE, DEDUCTIBLE, COINSURANCE, EFFECTIVE_DATE, EXPIRE_DATE, PLAN, POLICY_STATUS) VALUES
(193986, 746568, 'Family', 883.97, 201973.87, 2714.26, 9, '05/21/2018 12:40:29', '01/06/2025 20:31:54', 'Auto', 'Inactive');
INSERT INTO public.POLICY(POLICY_ID, CUSTOMER_ID, TYPE, COST, COVERAGE, DEDUCTIBLE, COINSURANCE, EFFECTIVE_DATE, EXPIRE_DATE, PLAN, POLICY_STATUS) VALUES
(415373, 878885, 'Family', 1311.6, 79808.08, 4295.8, 8, '01/01/2010 00:01:21', '08/17/2024 21:36:14', 'Health', 'Inactive');
INSERT INTO public.POLICY(POLICY_ID, CUSTOMER_ID, TYPE, COST, COVERAGE, DEDUCTIBLE, COINSURANCE, EFFECTIVE_DATE, EXPIRE_DATE, PLAN, POLICY_STATUS) VALUES
(638906, 656564, 'Family', 992.17, 291320.07, 4122.84, 2, '01/01/2010 00:00:12', '10/29/2026 08:50:34', 'Auto', 'Active');
INSERT INTO public.POLICY(POLICY_ID, CUSTOMER_ID, TYPE, COST, COVERAGE, DEDUCTIBLE, COINSURANCE, EFFECTIVE_DATE, EXPIRE_DATE, PLAN, POLICY_STATUS) VALUES
(548906, 265962, 'Single', 432.95, 456992.93, 3454.69, 13, '01/01/2010 00:00:21', '02/18/2023 10:01:57', 'Auto', 'Inactive');
INSERT INTO public.POLICY(POLICY_ID, CUSTOMER_ID, TYPE, COST, COVERAGE, DEDUCTIBLE, COINSURANCE, EFFECTIVE_DATE, EXPIRE_DATE, PLAN, POLICY_STATUS) VALUES
(325373, 472216, 'Family', 1985.12, 275962.63, 2766.23, 18, '01/01/2010 00:32:49', '04/18/2023 22:43:00', 'Health', 'Active');
INSERT INTO public.POLICY(POLICY_ID, CUSTOMER_ID, TYPE, COST, COVERAGE, DEDUCTIBLE, COINSURANCE, EFFECTIVE_DATE, EXPIRE_DATE, PLAN, POLICY_STATUS) VALUES
(916966, 562219, 'Family', 912.16, 280414.1, 3210.43, 11, '01/01/2010 00:01:22', '08/02/2022 23:39:18', 'Auto', 'Active');
INSERT INTO public.POLICY(POLICY_ID, CUSTOMER_ID, TYPE, COST, COVERAGE, DEDUCTIBLE, COINSURANCE, EFFECTIVE_DATE, EXPIRE_DATE, PLAN, POLICY_STATUS) VALUES
(826969, 968883, 'Family', 554.72, 323644.93, 4179.29, 18, '03/09/2020 19:24:20', '05/27/2029 23:15:58', 'Life', 'Active');
INSERT INTO public.POLICY(POLICY_ID, CUSTOMER_ID, TYPE, COST, COVERAGE, DEDUCTIBLE, COINSURANCE, EFFECTIVE_DATE, EXPIRE_DATE, PLAN, POLICY_STATUS) VALUES
(638907, 968879, 'Single', 633, 314170.26, 2828.95, 7, '09/05/2012 05:14:27', '05/04/2026 11:24:20', 'Health', 'Inactive');
INSERT INTO public.POLICY(POLICY_ID, CUSTOMER_ID, TYPE, COST, COVERAGE, DEDUCTIBLE, COINSURANCE, EFFECTIVE_DATE, EXPIRE_DATE, PLAN, POLICY_STATUS) VALUES
(916967, 968878, 'Family', 1437.5, 125445.9, 2718.21, 18, '01/13/2010 00:48:20', '01/01/2022 00:00:14', 'Life', 'Active');
INSERT INTO public.POLICY(POLICY_ID, CUSTOMER_ID, TYPE, COST, COVERAGE, DEDUCTIBLE, COINSURANCE, EFFECTIVE_DATE, EXPIRE_DATE, PLAN, POLICY_STATUS) VALUES
(103986, 392174, 'Single', 1056.23, 487705.18, 3363.97, 4, '08/04/2014 10:06:00', '01/01/2022 00:00:09', 'Auto', 'Inactive');

--
-- Inserting data into table public.ITEM
--
INSERT INTO public.ITEM(ITEM_ID, CLAIM_ID, POLICY_ID, ITEM_TYPE, ITEM_VALUE, DESCRIPTION) VALUES
(777564, 477636, 548906, ' Musical Instruments', 5305.6, 'Molestiae molestias iusto omnis quos dolorum deleniti; aut ullam et perspiciatis quasi nulla quisquam.');
INSERT INTO public.ITEM(ITEM_ID, CLAIM_ID, POLICY_ID, ITEM_TYPE, ITEM_VALUE, DESCRIPTION) VALUES
(399554, 477638, 415372, ' Electronics ', 2689.34, 'Dolorem tenetur repellendus ad eum. Aut sed veritatis ea facere facilis. Quia quos laborum quae vel; dignissimos possimus ipsum asperiores libero.');
INSERT INTO public.ITEM(ITEM_ID, CLAIM_ID, POLICY_ID, ITEM_TYPE, ITEM_VALUE, DESCRIPTION) VALUES
(820040, 425284, 325372, ' Jewelry and Preciou', 8954.27, 'Minus dolorem voluptas. Iusto placeat architecto. Minus ratione ullam. Omnis aut impedit. Sit eius non. Inventore autem recusandae. Numquam excepturi!');
INSERT INTO public.ITEM(ITEM_ID, CLAIM_ID, POLICY_ID, ITEM_TYPE, ITEM_VALUE, DESCRIPTION) VALUES
(999999, 335283, 742811, '', 2017.68, 'Veniam eveniet natus. Sit dicta obcaecati. Voluptatem aperiam officia! Omnis cupiditate eos. Earum expedita corporis. Voluptate officia obcaecati. Ut qui.');
INSERT INTO public.ITEM(ITEM_ID, CLAIM_ID, POLICY_ID, ITEM_TYPE, ITEM_VALUE, DESCRIPTION) VALUES
(481279, 335283, 916964, ' Landscaping ', 3435, 'In hic sapiente. Qui exercitationem rem? Rem eveniet consequatur. Tenetur nam assumenda. Consectetur enim magnam. Quia eius ut. Earum in deserunt; aut ut...');
INSERT INTO public.ITEM(ITEM_ID, CLAIM_ID, POLICY_ID, ITEM_TYPE, ITEM_VALUE, DESCRIPTION) VALUES
(687564, 846980, 742816, ' Landscaping ', 688.44, 'Eveniet maiores aut placeat aut minima architecto. Nulla ut et nisi ad explicabo laudantium.');
INSERT INTO public.ITEM(ITEM_ID, CLAIM_ID, POLICY_ID, ITEM_TYPE, ITEM_VALUE, DESCRIPTION) VALUES
(571280, 999999, 193983, ' Musical Instruments', 5956.76, 'Explicabo repellendus accusamus. Illum possimus quas? Aut a eaque. Laborum est quia? Molestiae dolorem quibusdam; accusantium totam molestiae. Expedita quo.');
INSERT INTO public.ITEM(ITEM_ID, CLAIM_ID, POLICY_ID, ITEM_TYPE, ITEM_VALUE, DESCRIPTION) VALUES
(309554, 425289, 548904, ' Artwork ', 6720.39, 'Et commodi nihil exercitationem in sint voluptatem. Rerum vitae ut temporibus voluptatem ut nemo...');
INSERT INTO public.ITEM(ITEM_ID, CLAIM_ID, POLICY_ID, ITEM_TYPE, ITEM_VALUE, DESCRIPTION) VALUES
(777565, 801847, 325369, ' Jewelry and Preciou', 1737.12, 'Fugiat dolores dolorum exercitationem quasi aut eos.');
INSERT INTO public.ITEM(ITEM_ID, CLAIM_ID, POLICY_ID, ITEM_TYPE, ITEM_VALUE, DESCRIPTION) VALUES
(399555, 477634, 325372, '', 1377.37, 'Cumque rem omnis nisi. Sed incidunt exercitationem nihil; consequatur excepturi earum doloremque corporis culpa nisi. Et eveniet culpa. Eveniet culpa.');
INSERT INTO public.ITEM(ITEM_ID, CLAIM_ID, POLICY_ID, ITEM_TYPE, ITEM_VALUE, DESCRIPTION) VALUES
(309555, 801847, 325369, ' Fitness and Sports ', 1402.75, 'Minima aliquam recusandae. Quis sed quo veritatis provident. Dignissimos labore qui voluptatibus corporis. Sit aut et; possimus id corrupti. Ut quia saepe!');
INSERT INTO public.ITEM(ITEM_ID, CLAIM_ID, POLICY_ID, ITEM_TYPE, ITEM_VALUE, DESCRIPTION) VALUES
(119607, 801849, 652811, ' Artwork ', 7280.48, 'Magni dolore eaque. Est nisi omnis. Optio itaque repellat. Nesciunt dolor voluptatum; minima assumenda doloremque. Quas eveniet error. Dolorem quaerat.');
INSERT INTO public.ITEM(ITEM_ID, CLAIM_ID, POLICY_ID, ITEM_TYPE, ITEM_VALUE, DESCRIPTION) VALUES
(399556, 477635, 415372, ' Electronics ', 4296.84, 'Nesciunt perferendis id sed et. Ea odit minima! Et iusto dolor praesentium veniam consequatur; voluptas dolores et repellendus.');
INSERT INTO public.ITEM(ITEM_ID, CLAIM_ID, POLICY_ID, ITEM_TYPE, ITEM_VALUE, DESCRIPTION) VALUES
(910038, 335286, 742812, ' Fitness and Sports ', 1453.11, 'Amet unde ut. Omnis possimus nesciunt! Quia earum enim. Quis vel quia. Quisquam incidunt qui? Voluptatem sed ipsa. Distinctio dolor expedita!');
INSERT INTO public.ITEM(ITEM_ID, CLAIM_ID, POLICY_ID, ITEM_TYPE, ITEM_VALUE, DESCRIPTION) VALUES
(309556, 425287, 742811, ' Jewelry and Preciou', 8347.24, 'Assumenda non rerum laboriosam. Alias laudantium ea accusantium numquam; sed neque voluptatem; temporibus perspiciatis aspernatur? Aut alias natus. Ut!');
INSERT INTO public.ITEM(ITEM_ID, CLAIM_ID, POLICY_ID, ITEM_TYPE, ITEM_VALUE, DESCRIPTION) VALUES
(687565, 425286, 325372, '', 8001.99, 'Sunt omnis aliquid iure; consequuntur repellat quis. Repellendus qui repudiandae et reprehenderit nostrum quod. Repellat ex accusamus minima quam qui sunt.');
INSERT INTO public.ITEM(ITEM_ID, CLAIM_ID, POLICY_ID, ITEM_TYPE, ITEM_VALUE, DESCRIPTION) VALUES
(399557, 936976, 325369, ' Appliances ', 7713.57, 'Sit autem eos. Et itaque minima ut rem unde nulla. Soluta omnis consequuntur molestias ut et corporis.');
INSERT INTO public.ITEM(ITEM_ID, CLAIM_ID, POLICY_ID, ITEM_TYPE, ITEM_VALUE, DESCRIPTION) VALUES
(209608, 846977, 638905, '', 2454.39, NULL);
INSERT INTO public.ITEM(ITEM_ID, CLAIM_ID, POLICY_ID, ITEM_TYPE, ITEM_VALUE, DESCRIPTION) VALUES
(309557, 189915, 103985, ' Collections ', 3947.51, 'Molestiae perspiciatis omnis. Sed aut ad. Repellendus est veniam. Adipisci commodi ab! Qui eum dolor. Dicta ipsa et? Fugit omnis et. A non magnam! Temporibus.');
INSERT INTO public.ITEM(ITEM_ID, CLAIM_ID, POLICY_ID, ITEM_TYPE, ITEM_VALUE, DESCRIPTION) VALUES
(820041, 711848, 548904, ' Fitness and Sports ', 3633.74, 'Et rem atque nulla neque laboriosam voluptatem.');
INSERT INTO public.ITEM(ITEM_ID, CLAIM_ID, POLICY_ID, ITEM_TYPE, ITEM_VALUE, DESCRIPTION) VALUES
(399558, 425288, 638907, ' Recreational Vehicl', 6674.51, 'Exercitationem ducimus error. Iure modi rerum! Omnis sed molestiae. Sit voluptas id. Debitis obcaecati facilis! Obcaecati hic aut. Ullam id temporibus?');
INSERT INTO public.ITEM(ITEM_ID, CLAIM_ID, POLICY_ID, ITEM_TYPE, ITEM_VALUE, DESCRIPTION) VALUES
(910039, 477634, 325373, ' Tools', 7145.82, 'Quod velit sit perspiciatis error distinctio explicabo. Quas a natus mollitia vitae adipisci praesentium.');
INSERT INTO public.ITEM(ITEM_ID, CLAIM_ID, POLICY_ID, ITEM_TYPE, ITEM_VALUE, DESCRIPTION) VALUES
(119608, 711850, 193984, ' Musical Instruments', 6313.73, 'Error expedita consequuntur. Iste laboriosam accusamus! Quo sint aut. Aliquid vero iste. Omnis consequatur sequi! Qui quidem eum. Officiis pariatur quos!');
INSERT INTO public.ITEM(ITEM_ID, CLAIM_ID, POLICY_ID, ITEM_TYPE, ITEM_VALUE, DESCRIPTION) VALUES
(209609, 711848, 638903, ' Electronics ', 1918.71, 'Et est sit. Ut dolorem sunt! Iste similique ab; modi nulla corrupti. Veritatis omnis veritatis. Consectetur ut et. Quia est ea. Id ut cupiditate? Repellendus.');
INSERT INTO public.ITEM(ITEM_ID, CLAIM_ID, POLICY_ID, ITEM_TYPE, ITEM_VALUE, DESCRIPTION) VALUES
(777566, 846980, 103981, ' Appliances ', 9130.21, 'Laudantium qui voluptatem. Eius tempore ut. Ea laudantium aperiam! Ea perspiciatis ipsa. Minima fugiat est. Quis reprehenderit ea. Consectetur eos esse.');
INSERT INTO public.ITEM(ITEM_ID, CLAIM_ID, POLICY_ID, ITEM_TYPE, ITEM_VALUE, DESCRIPTION) VALUES
(481280, 279916, 193984, ' Furniture ', 904.6, 'Quae suscipit et; nostrum facere ipsam. Architecto iste ratione. Aut ea quaerat. Et quisquam vero! Voluptatem et qui. Sint sit molestiae.');
INSERT INTO public.ITEM(ITEM_ID, CLAIM_ID, POLICY_ID, ITEM_TYPE, ITEM_VALUE, DESCRIPTION) VALUES
(687566, 801850, 826968, ' Jewelry and Preciou', 3827.64, 'Ut est earum. Quasi mollitia similique. In quo nihil? Fuga id ut. Repellendus quia aut. Nisi rerum repellendus? Est molestiae beatae. Quibusdam voluptatem.');
INSERT INTO public.ITEM(ITEM_ID, CLAIM_ID, POLICY_ID, ITEM_TYPE, ITEM_VALUE, DESCRIPTION) VALUES
(119609, 999999, 652810, ' Artwork ', 9696.95, 'Nisi quia nam. Doloribus autem eveniet. Nesciunt aut nihil. Inventore dicta incidunt! Necessitatibus magni consequatur; eos voluptatem quis. Sit esse ut.');
INSERT INTO public.ITEM(ITEM_ID, CLAIM_ID, POLICY_ID, ITEM_TYPE, ITEM_VALUE, DESCRIPTION) VALUES
(209610, 189917, 325369, ' Furniture ', 7827.31, NULL);
INSERT INTO public.ITEM(ITEM_ID, CLAIM_ID, POLICY_ID, ITEM_TYPE, ITEM_VALUE, DESCRIPTION) VALUES
(571281, 846977, 415372, ' Electronics ', 5684.45, 'Itaque et reprehenderit commodi ad et magnam. Neque voluptas sed tempore eos harum adipisci.');
INSERT INTO public.ITEM(ITEM_ID, CLAIM_ID, POLICY_ID, ITEM_TYPE, ITEM_VALUE, DESCRIPTION) VALUES
(481281, 189916, 742814, ' Electronics ', 9965.79, 'Error sit qui. Qui omnis pariatur! Asperiores sint corporis. Quaerat tenetur fuga. Aut odit fuga. Error odit dolor. Perspiciatis cum sit.');
INSERT INTO public.ITEM(ITEM_ID, CLAIM_ID, POLICY_ID, ITEM_TYPE, ITEM_VALUE, DESCRIPTION) VALUES
(571282, 846979, 652814, ' Appliances ', 2273.48, 'Qui nam consequatur quia. Ut exercitationem voluptatem. Perspiciatis ut minima distinctio consectetur quos; autem dolorem et quisquam enim.');
INSERT INTO public.ITEM(ITEM_ID, CLAIM_ID, POLICY_ID, ITEM_TYPE, ITEM_VALUE, DESCRIPTION) VALUES
(820042, 279916, 193984, ' Recreational Vehicl', 3671, 'Odit reprehenderit aut quibusdam. Delectus ea similique et molestiae omnis modi. Quibusdam quisquam facilis accusantium. Qui magni dolore! Non dolorem culpa.');
INSERT INTO public.ITEM(ITEM_ID, CLAIM_ID, POLICY_ID, ITEM_TYPE, ITEM_VALUE, DESCRIPTION) VALUES
(910040, 335288, 193986, ' Furniture ', 6126.54, 'Sed aliquid sed. Et tempore doloremque. Magni dicta illo; quia corrupti omnis. Impedit nam distinctio. Blanditiis aperiam numquam. Dolores necessitatibus sit.');
INSERT INTO public.ITEM(ITEM_ID, CLAIM_ID, POLICY_ID, ITEM_TYPE, ITEM_VALUE, DESCRIPTION) VALUES
(309558, 846978, 325371, ' Fitness and Sports ', 8044.81, 'Officiis placeat laboriosam. Nesciunt iste totam. Sed cupiditate aliquam. Maxime qui voluptate. Fuga nulla neque! Quia assumenda sint. Assumenda voluptatem.');
INSERT INTO public.ITEM(ITEM_ID, CLAIM_ID, POLICY_ID, ITEM_TYPE, ITEM_VALUE, DESCRIPTION) VALUES
(399559, 335284, 325372, '', 4767.88, 'Dolorem architecto eligendi voluptate aut quo dolores. Non nulla porro voluptatem repellat soluta dignissimos. Id dolores explicabo; magnam veritatis aliquid.');
INSERT INTO public.ITEM(ITEM_ID, CLAIM_ID, POLICY_ID, ITEM_TYPE, ITEM_VALUE, DESCRIPTION) VALUES
(481282, 335284, 415371, ' Fitness and Sports ', 8459.05, 'Est quidem dicta illo. Odit enim cum sapiente asperiores earum est? Enim quidem repellendus voluptatem nemo ut error.');
INSERT INTO public.ITEM(ITEM_ID, CLAIM_ID, POLICY_ID, ITEM_TYPE, ITEM_VALUE, DESCRIPTION) VALUES
(777567, 999999, 652815, ' Tools', 944.37, 'Facere vel vitae. Ut tempora quibusdam. Tempora expedita vero. Nostrum itaque nam. Ut consequatur enim. Assumenda alias voluptate! Sit laudantium sit. Illo...');
INSERT INTO public.ITEM(ITEM_ID, CLAIM_ID, POLICY_ID, ITEM_TYPE, ITEM_VALUE, DESCRIPTION) VALUES
(820043, 335283, 638906, ' Recreational Vehicl', 678.52, 'Dolorem veritatis dolore. Consequatur sed cum saepe ab facilis tempora. Non magni laborum quo nostrum accusamus quis.');
INSERT INTO public.ITEM(ITEM_ID, CLAIM_ID, POLICY_ID, ITEM_TYPE, ITEM_VALUE, DESCRIPTION) VALUES
(309559, 567635, 548905, ' Furniture ', 8957.33, NULL);
INSERT INTO public.ITEM(ITEM_ID, CLAIM_ID, POLICY_ID, ITEM_TYPE, ITEM_VALUE, DESCRIPTION) VALUES
(571283, 711847, 415370, ' Recreational Vehicl', 3403.52, 'Recusandae error doloremque eaque ipsa ut non. Sed et recusandae voluptatem aliquam eum molestias.');
INSERT INTO public.ITEM(ITEM_ID, CLAIM_ID, POLICY_ID, ITEM_TYPE, ITEM_VALUE, DESCRIPTION) VALUES
(687567, 801849, 652816, ' Tools', 5955.56, 'Neque quas odio aut similique. Et nostrum excepturi vel! Doloribus maiores ut ipsam; consequatur cum quia pariatur voluptas sit.');
INSERT INTO public.ITEM(ITEM_ID, CLAIM_ID, POLICY_ID, ITEM_TYPE, ITEM_VALUE, DESCRIPTION) VALUES
(910041, 567637, 652814, ' Landscaping ', 9154.69, NULL);
INSERT INTO public.ITEM(ITEM_ID, CLAIM_ID, POLICY_ID, ITEM_TYPE, ITEM_VALUE, DESCRIPTION) VALUES
(119610, 477634, 916967, ' Tools', 7189.06, NULL);
INSERT INTO public.ITEM(ITEM_ID, CLAIM_ID, POLICY_ID, ITEM_TYPE, ITEM_VALUE, DESCRIPTION) VALUES
(399560, 936977, 415372, ' Artwork ', 6202.43, 'Tenetur eaque molestiae ducimus soluta omnis exercitationem.');
INSERT INTO public.ITEM(ITEM_ID, CLAIM_ID, POLICY_ID, ITEM_TYPE, ITEM_VALUE, DESCRIPTION) VALUES
(209611, 279917, 415370, ' Jewelry and Preciou', 3677.25, 'Dolor labore molestiae explicabo qui doloremque nam.');
INSERT INTO public.ITEM(ITEM_ID, CLAIM_ID, POLICY_ID, ITEM_TYPE, ITEM_VALUE, DESCRIPTION) VALUES
(481283, 279917, 325372, ' Tools', 1550.81, 'Provident numquam et quibusdam nobis voluptatem. Sapiente modi vel porro ad. Non consequuntur dolores non error et autem. At debitis facilis? Consequatur.');
INSERT INTO public.ITEM(ITEM_ID, CLAIM_ID, POLICY_ID, ITEM_TYPE, ITEM_VALUE, DESCRIPTION) VALUES
(309560, 801851, 325370, ' Electronics ', 9893.61, 'Enim sit hic praesentium dolor illum repellat...');
INSERT INTO public.ITEM(ITEM_ID, CLAIM_ID, POLICY_ID, ITEM_TYPE, ITEM_VALUE, DESCRIPTION) VALUES
(777568, 425286, 548904, ' Jewelry and Preciou', 8609.91, 'Quam nisi fugiat illo assumenda in reiciendis. Vero rerum quia et. Dolore rerum sint aliquam sed sit ipsum.');
INSERT INTO public.ITEM(ITEM_ID, CLAIM_ID, POLICY_ID, ITEM_TYPE, ITEM_VALUE, DESCRIPTION) VALUES
(399561, 425287, 638904, ' Appliances ', 6457.8, 'Eos suscipit voluptas sit perspiciatis velit quia. Nihil ut nihil quos nihil velit nulla...');

--
-- Inserting data into table public.ACH_TRANSFER
--
INSERT INTO public.ACH_TRANSFER(PAYMENT_ID, CLAIM_ID, ACCOUNT_NUMBER, ROUTING_NUMBER) VALUES
(826969, 425289, 592342716623, 208552341);
INSERT INTO public.ACH_TRANSFER(PAYMENT_ID, CLAIM_ID, ACCOUNT_NUMBER, ROUTING_NUMBER) VALUES
(826967, 189915, 493757988209, 320678968);
INSERT INTO public.ACH_TRANSFER(PAYMENT_ID, CLAIM_ID, ACCOUNT_NUMBER, ROUTING_NUMBER) VALUES
(548904, 335285, 240568799671, 826572225);
INSERT INTO public.ACH_TRANSFER(PAYMENT_ID, CLAIM_ID, ACCOUNT_NUMBER, ROUTING_NUMBER) VALUES
(742811, 936974, 231837797604, 464367293);
INSERT INTO public.ACH_TRANSFER(PAYMENT_ID, CLAIM_ID, ACCOUNT_NUMBER, ROUTING_NUMBER) VALUES
(193984, 425287, 319104957040, 787631763);
INSERT INTO public.ACH_TRANSFER(PAYMENT_ID, CLAIM_ID, ACCOUNT_NUMBER, ROUTING_NUMBER) VALUES
(103986, 189917, 197832694891, 620999813);
INSERT INTO public.ACH_TRANSFER(PAYMENT_ID, CLAIM_ID, ACCOUNT_NUMBER, ROUTING_NUMBER) VALUES
(325373, 846980, 409165686604, 372538613);
INSERT INTO public.ACH_TRANSFER(PAYMENT_ID, CLAIM_ID, ACCOUNT_NUMBER, ROUTING_NUMBER) VALUES
(638907, 711851, 252527387927, 855183474);
INSERT INTO public.ACH_TRANSFER(PAYMENT_ID, CLAIM_ID, ACCOUNT_NUMBER, ROUTING_NUMBER) VALUES
(916966, 335288, 271588194517, 848649095);
INSERT INTO public.ACH_TRANSFER(PAYMENT_ID, CLAIM_ID, ACCOUNT_NUMBER, ROUTING_NUMBER) VALUES
(916965, 711848, 934180177492, 634484863);
INSERT INTO public.ACH_TRANSFER(PAYMENT_ID, CLAIM_ID, ACCOUNT_NUMBER, ROUTING_NUMBER) VALUES
(193983, 936975, 179479876375, 770770969);
INSERT INTO public.ACH_TRANSFER(PAYMENT_ID, CLAIM_ID, ACCOUNT_NUMBER, ROUTING_NUMBER) VALUES
(652812, 279916, 285899559730, 103407953);
INSERT INTO public.ACH_TRANSFER(PAYMENT_ID, CLAIM_ID, ACCOUNT_NUMBER, ROUTING_NUMBER) VALUES
(415373, 425288, 795784295792, 408023464);
INSERT INTO public.ACH_TRANSFER(PAYMENT_ID, CLAIM_ID, ACCOUNT_NUMBER, ROUTING_NUMBER) VALUES
(415370, 477635, 336064189468, 116021121);
INSERT INTO public.ACH_TRANSFER(PAYMENT_ID, CLAIM_ID, ACCOUNT_NUMBER, ROUTING_NUMBER) VALUES
(742813, 711847, 907334497579, 210799825);
INSERT INTO public.ACH_TRANSFER(PAYMENT_ID, CLAIM_ID, ACCOUNT_NUMBER, ROUTING_NUMBER) VALUES
(916967, 801852, 700517230179, 228086582);
INSERT INTO public.ACH_TRANSFER(PAYMENT_ID, CLAIM_ID, ACCOUNT_NUMBER, ROUTING_NUMBER) VALUES
(742812, 335284, 508905145945, 218310299);
INSERT INTO public.ACH_TRANSFER(PAYMENT_ID, CLAIM_ID, ACCOUNT_NUMBER, ROUTING_NUMBER) VALUES
(548905, 567638, 744706763516, 963993487);
INSERT INTO public.ACH_TRANSFER(PAYMENT_ID, CLAIM_ID, ACCOUNT_NUMBER, ROUTING_NUMBER) VALUES
(638906, 936977, 849012721026, 884070038);
INSERT INTO public.ACH_TRANSFER(PAYMENT_ID, CLAIM_ID, ACCOUNT_NUMBER, ROUTING_NUMBER) VALUES
(652813, 801848, 259805234047, 427428421);
INSERT INTO public.ACH_TRANSFER(PAYMENT_ID, CLAIM_ID, ACCOUNT_NUMBER, ROUTING_NUMBER) VALUES
(742815, 801849, 396750059892, 378694944);
INSERT INTO public.ACH_TRANSFER(PAYMENT_ID, CLAIM_ID, ACCOUNT_NUMBER, ROUTING_NUMBER) VALUES
(652816, 477638, 247983098656, 422811181);
INSERT INTO public.ACH_TRANSFER(PAYMENT_ID, CLAIM_ID, ACCOUNT_NUMBER, ROUTING_NUMBER) VALUES
(103982, 846977, 621520299005, 356624777);
INSERT INTO public.ACH_TRANSFER(PAYMENT_ID, CLAIM_ID, ACCOUNT_NUMBER, ROUTING_NUMBER) VALUES
(638904, 801847, 537378743909, 241403275);
INSERT INTO public.ACH_TRANSFER(PAYMENT_ID, CLAIM_ID, ACCOUNT_NUMBER, ROUTING_NUMBER) VALUES
(103981, 711846, 305654867040, 978115213);
INSERT INTO public.ACH_TRANSFER(PAYMENT_ID, CLAIM_ID, ACCOUNT_NUMBER, ROUTING_NUMBER) VALUES
(999999, 425284, 281259158078, 289306485);
INSERT INTO public.ACH_TRANSFER(PAYMENT_ID, CLAIM_ID, ACCOUNT_NUMBER, ROUTING_NUMBER) VALUES
(742814, 425286, 804645282745, 164181964);
INSERT INTO public.ACH_TRANSFER(PAYMENT_ID, CLAIM_ID, ACCOUNT_NUMBER, ROUTING_NUMBER) VALUES
(652815, 335287, 381700446992, 963661988);
INSERT INTO public.ACH_TRANSFER(PAYMENT_ID, CLAIM_ID, ACCOUNT_NUMBER, ROUTING_NUMBER) VALUES
(652814, 335286, 590374197747, 275339864);
INSERT INTO public.ACH_TRANSFER(PAYMENT_ID, CLAIM_ID, ACCOUNT_NUMBER, ROUTING_NUMBER) VALUES
(325370, 846978, 720275900688, 890612942);
INSERT INTO public.ACH_TRANSFER(PAYMENT_ID, CLAIM_ID, ACCOUNT_NUMBER, ROUTING_NUMBER) VALUES
(548906, 279917, 907039286750, 498725124);
INSERT INTO public.ACH_TRANSFER(PAYMENT_ID, CLAIM_ID, ACCOUNT_NUMBER, ROUTING_NUMBER) VALUES
(193982, 477634, 726107855731, 759852833);
INSERT INTO public.ACH_TRANSFER(PAYMENT_ID, CLAIM_ID, ACCOUNT_NUMBER, ROUTING_NUMBER) VALUES
(742816, 936976, 426592691585, 731315685);
INSERT INTO public.ACH_TRANSFER(PAYMENT_ID, CLAIM_ID, ACCOUNT_NUMBER, ROUTING_NUMBER) VALUES
(103985, 801850, 573627217579, 279517381);
INSERT INTO public.ACH_TRANSFER(PAYMENT_ID, CLAIM_ID, ACCOUNT_NUMBER, ROUTING_NUMBER) VALUES
(638905, 567636, 701803124024, 540326869);
INSERT INTO public.ACH_TRANSFER(PAYMENT_ID, CLAIM_ID, ACCOUNT_NUMBER, ROUTING_NUMBER) VALUES
(103984, 189916, 628814555223, 692978774);
INSERT INTO public.ACH_TRANSFER(PAYMENT_ID, CLAIM_ID, ACCOUNT_NUMBER, ROUTING_NUMBER) VALUES
(103983, 425285, 949650337366, 965094212);
INSERT INTO public.ACH_TRANSFER(PAYMENT_ID, CLAIM_ID, ACCOUNT_NUMBER, ROUTING_NUMBER) VALUES
(652811, 999999, 636412166585, 455722252);
INSERT INTO public.ACH_TRANSFER(PAYMENT_ID, CLAIM_ID, ACCOUNT_NUMBER, ROUTING_NUMBER) VALUES
(652810, 335283, 375428803967, 685166317);
INSERT INTO public.ACH_TRANSFER(PAYMENT_ID, CLAIM_ID, ACCOUNT_NUMBER, ROUTING_NUMBER) VALUES
(193985, 711849, 845916667258, 641468134);
INSERT INTO public.ACH_TRANSFER(PAYMENT_ID, CLAIM_ID, ACCOUNT_NUMBER, ROUTING_NUMBER) VALUES
(826968, 711850, 479709630632, 876697452);
INSERT INTO public.ACH_TRANSFER(PAYMENT_ID, CLAIM_ID, ACCOUNT_NUMBER, ROUTING_NUMBER) VALUES
(415371, 477636, 832420082304, 436583690);
INSERT INTO public.ACH_TRANSFER(PAYMENT_ID, CLAIM_ID, ACCOUNT_NUMBER, ROUTING_NUMBER) VALUES
(325371, 567637, 313408697222, 362590356);
INSERT INTO public.ACH_TRANSFER(PAYMENT_ID, CLAIM_ID, ACCOUNT_NUMBER, ROUTING_NUMBER) VALUES
(548903, 279915, 993535196645, 652047863);
INSERT INTO public.ACH_TRANSFER(PAYMENT_ID, CLAIM_ID, ACCOUNT_NUMBER, ROUTING_NUMBER) VALUES
(415372, 846979, 179896676971, 927224355);
INSERT INTO public.ACH_TRANSFER(PAYMENT_ID, CLAIM_ID, ACCOUNT_NUMBER, ROUTING_NUMBER) VALUES
(193986, 801851, 544878933299, 917942536);
INSERT INTO public.ACH_TRANSFER(PAYMENT_ID, CLAIM_ID, ACCOUNT_NUMBER, ROUTING_NUMBER) VALUES
(325372, 477637, 919870429516, 130547881);
INSERT INTO public.ACH_TRANSFER(PAYMENT_ID, CLAIM_ID, ACCOUNT_NUMBER, ROUTING_NUMBER) VALUES
(638903, 936973, 904799341122, 628316515);
INSERT INTO public.ACH_TRANSFER(PAYMENT_ID, CLAIM_ID, ACCOUNT_NUMBER, ROUTING_NUMBER) VALUES
(916964, 567635, 265041343334, 290311213);
INSERT INTO public.ACH_TRANSFER(PAYMENT_ID, CLAIM_ID, ACCOUNT_NUMBER, ROUTING_NUMBER) VALUES
(325369, 846976, 988341747378, 380700329);

--
-- Inserting data into table public.AUTO_INSURANCE
--
INSERT INTO public.AUTO_INSURANCE(POLICY_ID, YEAR, MAKE, MODEL, VIN, LICENSE_PLATE, DRIVER_LICENSE, TOTAL_MILEAGE, ANNUAL_MILES, MARKET_VALUE, AGE, GENDER, CREDIT_SCORE, NUMBER_OF_DEPENDANTS, TRAFFIC_VIOLATIONS, STATE, PLAN_CATEGORY) VALUES
(652815, 2014, 'Chrysler', ' Renegdage', '1FTKP2487D6909059', 'K18TQ71', '1ZP9U3B3F1RQJIFK8X09', 92284, 45639, 55717.11, '01/01/1900 00:00:00', 'M', 505, 4, 'Y ', 'Washington', ' Collision ');
INSERT INTO public.AUTO_INSURANCE(POLICY_ID, YEAR, MAKE, MODEL, VIN, LICENSE_PLATE, DRIVER_LICENSE, TOTAL_MILEAGE, ANNUAL_MILES, MARKET_VALUE, AGE, GENDER, CREDIT_SCORE, NUMBER_OF_DEPENDANTS, TRAFFIC_VIOLATIONS, STATE, PLAN_CATEGORY) VALUES
(916964, 2009, 'BMW', ' F-Series ', '2G1JH87G5D1156861', 'BMQM3Q5', 'WW623723038085QP2152', 107167, 10366, 3316.94, '10/07/1915 03:10:45', 'M', 459, 3, 'Y ', 'Colorado', ' Motorist');
INSERT INTO public.AUTO_INSURANCE(POLICY_ID, YEAR, MAKE, MODEL, VIN, LICENSE_PLATE, DRIVER_LICENSE, TOTAL_MILEAGE, ANNUAL_MILES, MARKET_VALUE, AGE, GENDER, CREDIT_SCORE, NUMBER_OF_DEPENDANTS, TRAFFIC_VIOLATIONS, STATE, PLAN_CATEGORY) VALUES
(103986, 2026, 'Volvo', ' Yaris ', '8GGYZ97F1A6527539', 'UYF6374', '56FVEZY369VZ6H71UHWA', 50335, 21360, 110567.17, '08/01/1979 17:09:07', 'F', 631, 0, ' N', 'Delaware', ' Personal Injury ');
INSERT INTO public.AUTO_INSURANCE(POLICY_ID, YEAR, MAKE, MODEL, VIN, LICENSE_PLATE, DRIVER_LICENSE, TOTAL_MILEAGE, ANNUAL_MILES, MARKET_VALUE, AGE, GENDER, CREDIT_SCORE, NUMBER_OF_DEPENDANTS, TRAFFIC_VIOLATIONS, STATE, PLAN_CATEGORY) VALUES
(652814, 2029, 'Cadillac', ' S ', 'ZHMRD827XAS616380', 'S88809R', 'NG16Q81O89SZ072U38KC', 64073, 7628, 109401.82, '10/12/1913 01:58:37', 'M', 756, 4, ' N', 'Connecticut', 'Liability ');
INSERT INTO public.AUTO_INSURANCE(POLICY_ID, YEAR, MAKE, MODEL, VIN, LICENSE_PLATE, DRIVER_LICENSE, TOTAL_MILEAGE, ANNUAL_MILES, MARKET_VALUE, AGE, GENDER, CREDIT_SCORE, NUMBER_OF_DEPENDANTS, TRAFFIC_VIOLATIONS, STATE, PLAN_CATEGORY) VALUES
(325369, 2024, 'Volvo', ' Wrangler ', 'W08VR57Y2ER868517', 'DGE3VI7', '1671I83722F7E0M84418', 24308, 44324, 111918.47, '09/04/1939 11:55:51', 'F', 667, 7, 'Y ', 'Hawaii', ' Personal Injury ');
INSERT INTO public.AUTO_INSURANCE(POLICY_ID, YEAR, MAKE, MODEL, VIN, LICENSE_PLATE, DRIVER_LICENSE, TOTAL_MILEAGE, ANNUAL_MILES, MARKET_VALUE, AGE, GENDER, CREDIT_SCORE, NUMBER_OF_DEPENDANTS, TRAFFIC_VIOLATIONS, STATE, PLAN_CATEGORY) VALUES
(826967, 2006, 'Subaru', ' Explorer ', '2T1CM80A6DN161929', 'Y3P7N45', '18I009639425ORV707D4', 127136, 46662, 17383.41, '05/07/1934 05:10:09', 'M', 710, 4, ' N', 'Connecticut', ' Motorist');
INSERT INTO public.AUTO_INSURANCE(POLICY_ID, YEAR, MAKE, MODEL, VIN, LICENSE_PLATE, DRIVER_LICENSE, TOTAL_MILEAGE, ANNUAL_MILES, MARKET_VALUE, AGE, GENDER, CREDIT_SCORE, NUMBER_OF_DEPENDANTS, TRAFFIC_VIOLATIONS, STATE, PLAN_CATEGORY) VALUES
(742816, 2015, 'Chevrolet', ' Renegdage', '6G1ZE17Y3E3243314', '77PD56R', '761UR83F7D573LNUISLJ', 195581, 15311, 105814.34, '03/24/2002 13:20:33', 'M', 539, 2, 'Y ', 'Wyoming', ' Personal Injury ');
INSERT INTO public.AUTO_INSURANCE(POLICY_ID, YEAR, MAKE, MODEL, VIN, LICENSE_PLATE, DRIVER_LICENSE, TOTAL_MILEAGE, ANNUAL_MILES, MARKET_VALUE, AGE, GENDER, CREDIT_SCORE, NUMBER_OF_DEPENDANTS, TRAFFIC_VIOLATIONS, STATE, PLAN_CATEGORY) VALUES
(103985, 2008, 'Suzuki', ' Renegdage', '3G1ZE27T4E5156862', '2L99EJA', 'A01JDEW8N7T9547YLLUL', 113601, 49523, 69381.32, '01/01/1900 00:00:05', 'F', 681, 3, ' N', 'Alabama', ' Personal Injury ');
INSERT INTO public.AUTO_INSURANCE(POLICY_ID, YEAR, MAKE, MODEL, VIN, LICENSE_PLATE, DRIVER_LICENSE, TOTAL_MILEAGE, ANNUAL_MILES, MARKET_VALUE, AGE, GENDER, CREDIT_SCORE, NUMBER_OF_DEPENDANTS, TRAFFIC_VIOLATIONS, STATE, PLAN_CATEGORY) VALUES
(325373, 2027, 'Bugatti', ' RAV4 ', 'MALEF21V9EK576558', '5L8N46Z', 'UDG85477889Y4W8CQL96', 142143, 45756, 96384.28, '01/01/1900 00:00:08', 'M', 452, 7, ' N', 'Montana', 'Liability ');
INSERT INTO public.AUTO_INSURANCE(POLICY_ID, YEAR, MAKE, MODEL, VIN, LICENSE_PLATE, DRIVER_LICENSE, TOTAL_MILEAGE, ANNUAL_MILES, MARKET_VALUE, AGE, GENDER, CREDIT_SCORE, NUMBER_OF_DEPENDANTS, TRAFFIC_VIOLATIONS, STATE, PLAN_CATEGORY) VALUES
(638907, 2008, 'Infiniti', ' Compass ', 'SHMYF1129FP837068', 'YY298O', '50U063VFOFLF8Z181OJL', 38004, 39303, 49911.69, '10/30/1970 13:17:27', 'M', 693, 3, ' N', 'New Mexico', 'Liability ');
INSERT INTO public.AUTO_INSURANCE(POLICY_ID, YEAR, MAKE, MODEL, VIN, LICENSE_PLATE, DRIVER_LICENSE, TOTAL_MILEAGE, ANNUAL_MILES, MARKET_VALUE, AGE, GENDER, CREDIT_SCORE, NUMBER_OF_DEPENDANTS, TRAFFIC_VIOLATIONS, STATE, PLAN_CATEGORY) VALUES
(916966, 2008, 'BMW', ' Yaris ', '2FDLP01W5CL996462', 'AKTHUY5', 'NJQKAEDDW9X10NMA04KT', 48185, 21369, 39489.95, '01/01/1900 00:01:02', 'M', 812, 6, ' N', 'Texas', ' Personal Injury ');
INSERT INTO public.AUTO_INSURANCE(POLICY_ID, YEAR, MAKE, MODEL, VIN, LICENSE_PLATE, DRIVER_LICENSE, TOTAL_MILEAGE, ANNUAL_MILES, MARKET_VALUE, AGE, GENDER, CREDIT_SCORE, NUMBER_OF_DEPENDANTS, TRAFFIC_VIOLATIONS, STATE, PLAN_CATEGORY) VALUES
(325370, 2007, 'Ram', ' 500X ', '2FAKP13T5E0313942', 'P14ZR56', '3OI0IOQQELH4E747C27D', 35317, 7980, 73549.53, '05/11/1934 04:17:32', 'M', 764, 5, 'Y ', 'Montana', ' Collision ');
INSERT INTO public.AUTO_INSURANCE(POLICY_ID, YEAR, MAKE, MODEL, VIN, LICENSE_PLATE, DRIVER_LICENSE, TOTAL_MILEAGE, ANNUAL_MILES, MARKET_VALUE, AGE, GENDER, CREDIT_SCORE, NUMBER_OF_DEPENDANTS, TRAFFIC_VIOLATIONS, STATE, PLAN_CATEGORY) VALUES
(638905, 2008, 'Nissan', ' Yaris ', '2T3GF82Y0AN582487', 'F153BAI', 'TL46190FE1292780WI72', 130170, 16248, 89752.98, '06/25/1972 03:55:41', 'F', 607, 3, 'Y ', 'Kansas', ' Motorist');
INSERT INTO public.AUTO_INSURANCE(POLICY_ID, YEAR, MAKE, MODEL, VIN, LICENSE_PLATE, DRIVER_LICENSE, TOTAL_MILEAGE, ANNUAL_MILES, MARKET_VALUE, AGE, GENDER, CREDIT_SCORE, NUMBER_OF_DEPENDANTS, TRAFFIC_VIOLATIONS, STATE, PLAN_CATEGORY) VALUES
(742811, 2006, 'Subaru', ' X ', '1G2SM1780FR243315', 'A51L20A', '51I03H5YAQUAG76SJNUG', 177629, 34838, 61104.44, '07/23/1982 00:56:04', 'M', 801, 1, 'Y ', 'Washington', ' Comprehensive ');
INSERT INTO public.AUTO_INSURANCE(POLICY_ID, YEAR, MAKE, MODEL, VIN, LICENSE_PLATE, DRIVER_LICENSE, TOTAL_MILEAGE, ANNUAL_MILES, MARKET_VALUE, AGE, GENDER, CREDIT_SCORE, NUMBER_OF_DEPENDANTS, TRAFFIC_VIOLATIONS, STATE, PLAN_CATEGORY) VALUES
(103983, 2028, 'Mercedes-B', ' Corolla ', '5N1AZ1MU3BW166845', 'ER59S4E', 'BBUN8IQ68MV31724ER2Q', 84106, 29155, 5034.82, '09/01/1979 03:10:05', 'M', 821, 3, 'Y ', 'Wisconsin', ' Personal Injury ');
INSERT INTO public.AUTO_INSURANCE(POLICY_ID, YEAR, MAKE, MODEL, VIN, LICENSE_PLATE, DRIVER_LICENSE, TOTAL_MILEAGE, ANNUAL_MILES, MARKET_VALUE, AGE, GENDER, CREDIT_SCORE, NUMBER_OF_DEPENDANTS, TRAFFIC_VIOLATIONS, STATE, PLAN_CATEGORY) VALUES
(103984, 2022, 'Chevrolet', ' Wrangler ', '9BGCG37U3FK954968', 'J24UCV8', '4Q47WP3A7F18K4M3703U', 133322, 22560, 21289.99, '01/01/1900 00:00:10', 'F', 830, 4, 'Y ', 'Nebraska', ' Collision ');
INSERT INTO public.AUTO_INSURANCE(POLICY_ID, YEAR, MAKE, MODEL, VIN, LICENSE_PLATE, DRIVER_LICENSE, TOTAL_MILEAGE, ANNUAL_MILES, MARKET_VALUE, AGE, GENDER, CREDIT_SCORE, NUMBER_OF_DEPENDANTS, TRAFFIC_VIOLATIONS, STATE, PLAN_CATEGORY) VALUES
(415371, 2012, 'Kia', ' Mustang ', '1G6YV3730C0613992', '53S4PV2', '9Y5U3722XR9EH3F0FU8S', 46792, 6585, 121305.77, '03/20/1902 16:14:14', 'M', 795, 2, ' N', 'Alaska', ' Motorist');
INSERT INTO public.AUTO_INSURANCE(POLICY_ID, YEAR, MAKE, MODEL, VIN, LICENSE_PLATE, DRIVER_LICENSE, TOTAL_MILEAGE, ANNUAL_MILES, MARKET_VALUE, AGE, GENDER, CREDIT_SCORE, NUMBER_OF_DEPENDANTS, TRAFFIC_VIOLATIONS, STATE, PLAN_CATEGORY) VALUES
(325371, 2015, 'Suzuki', ' Y ', 'W08JB87P0C0987521', 'R178A7A', 'NO55R7DV82BFT5DYUZ94', 197014, 9348, 25716.8, '05/05/1908 10:01:07', 'F', 469, 7, 'Y ', 'Iowa', ' Collision ');
INSERT INTO public.AUTO_INSURANCE(POLICY_ID, YEAR, MAKE, MODEL, VIN, LICENSE_PLATE, DRIVER_LICENSE, TOTAL_MILEAGE, ANNUAL_MILES, MARKET_VALUE, AGE, GENDER, CREDIT_SCORE, NUMBER_OF_DEPENDANTS, TRAFFIC_VIOLATIONS, STATE, PLAN_CATEGORY) VALUES
(193985, 2007, 'Audi', ' S ', 'W08SL67D5C0675710', '86CEN', 'I52W9NJYLOU8LL5NWB9I', 143110, 14596, 6915.28, '10/16/1955 11:56:04', 'F', 754, 2, ' N', 'Virginia', 'Liability ');
INSERT INTO public.AUTO_INSURANCE(POLICY_ID, YEAR, MAKE, MODEL, VIN, LICENSE_PLATE, DRIVER_LICENSE, TOTAL_MILEAGE, ANNUAL_MILES, MARKET_VALUE, AGE, GENDER, CREDIT_SCORE, NUMBER_OF_DEPENDANTS, TRAFFIC_VIOLATIONS, STATE, PLAN_CATEGORY) VALUES
(826968, 2026, 'Jeep', ' F-Series ', '5Y2EC37S3A3156863', '4ZAH3BQ', 'R190130266NLF8ZKR52B', 15552, 15184, 102467.59, '01/01/1900 00:00:42', 'M', 824, 8, 'Y ', 'Rhode Island', 'Liability ');
INSERT INTO public.AUTO_INSURANCE(POLICY_ID, YEAR, MAKE, MODEL, VIN, LICENSE_PLATE, DRIVER_LICENSE, TOTAL_MILEAGE, ANNUAL_MILES, MARKET_VALUE, AGE, GENDER, CREDIT_SCORE, NUMBER_OF_DEPENDANTS, TRAFFIC_VIOLATIONS, STATE, PLAN_CATEGORY) VALUES
(652811, 2007, 'Pontiac', ' S ', '3HMKB1527BP987521', 'QXIS11E', '44V6B0V885W2S6VGWXE5', 92168, 14594, 65004.44, '07/14/1915 14:22:21', 'F', 504, 9, 'Y ', 'Arkansas', 'Liability ');
INSERT INTO public.AUTO_INSURANCE(POLICY_ID, YEAR, MAKE, MODEL, VIN, LICENSE_PLATE, DRIVER_LICENSE, TOTAL_MILEAGE, ANNUAL_MILES, MARKET_VALUE, AGE, GENDER, CREDIT_SCORE, NUMBER_OF_DEPENDANTS, TRAFFIC_VIOLATIONS, STATE, PLAN_CATEGORY) VALUES
(103982, 2007, 'Ferrari', ' Equinox ', 'KNDSA14D6AL987521', 'HIT66UV', '29Y494M9FLQX3QMIP7V7', 105337, 8707, 71573.16, '01/01/1900 01:58:06', 'M', 712, 1, 'Y ', 'Alabama', 'Liability ');
INSERT INTO public.AUTO_INSURANCE(POLICY_ID, YEAR, MAKE, MODEL, VIN, LICENSE_PLATE, DRIVER_LICENSE, TOTAL_MILEAGE, ANNUAL_MILES, MARKET_VALUE, AGE, GENDER, CREDIT_SCORE, NUMBER_OF_DEPENDANTS, TRAFFIC_VIOLATIONS, STATE, PLAN_CATEGORY) VALUES
(193984, 2006, 'Lincoln', ' Accord ', '1LJCP13U89W909060', '4X29LU8', 'O292037415Y62LZU21T3', 109264, 48508, 98633.88, '11/05/1915 23:11:54', 'F', 821, 8, ' N', 'Alabama', ' Motorist');
INSERT INTO public.AUTO_INSURANCE(POLICY_ID, YEAR, MAKE, MODEL, VIN, LICENSE_PLATE, DRIVER_LICENSE, TOTAL_MILEAGE, ANNUAL_MILES, MARKET_VALUE, AGE, GENDER, CREDIT_SCORE, NUMBER_OF_DEPENDANTS, TRAFFIC_VIOLATIONS, STATE, PLAN_CATEGORY) VALUES
(103981, 2009, 'Honda', ' Corolla ', '1L1PP13948L547631', 'FRM626J', 'JXXBIJQ9KXJLURVQU83Q', 61334, 18085, 30155.98, '04/12/1928 15:31:48', 'M', 768, 1, ' N', 'New Hampshire', ' Motorist');
INSERT INTO public.AUTO_INSURANCE(POLICY_ID, YEAR, MAKE, MODEL, VIN, LICENSE_PLATE, DRIVER_LICENSE, TOTAL_MILEAGE, ANNUAL_MILES, MARKET_VALUE, AGE, GENDER, CREDIT_SCORE, NUMBER_OF_DEPENDANTS, TRAFFIC_VIOLATIONS, STATE, PLAN_CATEGORY) VALUES
(548904, 2012, 'Dodge', ' Spider ', '5YFHU1FJ88C497031', '8A347IS', '93HEN0YH764VTMS9R288', 124329, 17363, 101654.51, '10/08/1979 23:34:54', 'M', 615, 9, ' N', 'West Virginia', ' Motorist');
INSERT INTO public.AUTO_INSURANCE(POLICY_ID, YEAR, MAKE, MODEL, VIN, LICENSE_PLATE, DRIVER_LICENSE, TOTAL_MILEAGE, ANNUAL_MILES, MARKET_VALUE, AGE, GENDER, CREDIT_SCORE, NUMBER_OF_DEPENDANTS, TRAFFIC_VIOLATIONS, STATE, PLAN_CATEGORY) VALUES
(999999, 2007, 'Maserati', ' X ', '8AGHR176885527540', '0LI5OZ4', '4PYPLT20QXSA2N91IZ1W', 92620, 31888, 122309.4, '02/22/1993 15:37:12', 'M', 469, 3, ' N', 'Maine', ' Comprehensive ');
INSERT INTO public.AUTO_INSURANCE(POLICY_ID, YEAR, MAKE, MODEL, VIN, LICENSE_PLATE, DRIVER_LICENSE, TOTAL_MILEAGE, ANNUAL_MILES, MARKET_VALUE, AGE, GENDER, CREDIT_SCORE, NUMBER_OF_DEPENDANTS, TRAFFIC_VIOLATIONS, STATE, PLAN_CATEGORY) VALUES
(916967, 2008, 'Pontiac', ' S ', '6G1DV27TXD4762163', 'G8TPV7P', 'F9LCJ31332UI07683I60', 29903, 15890, 102740.19, '09/05/1924 16:38:48', 'F', 794, 8, ' N', 'West Virginia', ' Comprehensive ');
INSERT INTO public.AUTO_INSURANCE(POLICY_ID, YEAR, MAKE, MODEL, VIN, LICENSE_PLATE, DRIVER_LICENSE, TOTAL_MILEAGE, ANNUAL_MILES, MARKET_VALUE, AGE, GENDER, CREDIT_SCORE, NUMBER_OF_DEPENDANTS, TRAFFIC_VIOLATIONS, STATE, PLAN_CATEGORY) VALUES
(415372, 2026, 'Chevrolet', ' S-Series ', '5HMGH4120DS278753', 'WKU960H', 'G7285C0SX0ZZBG6DM7A7', 181942, 34510, 43891.44, '08/07/1906 11:33:35', 'F', 709, 3, 'Y ', 'Massachusetts', ' Collision ');
INSERT INTO public.AUTO_INSURANCE(POLICY_ID, YEAR, MAKE, MODEL, VIN, LICENSE_PLATE, DRIVER_LICENSE, TOTAL_MILEAGE, ANNUAL_MILES, MARKET_VALUE, AGE, GENDER, CREDIT_SCORE, NUMBER_OF_DEPENDANTS, TRAFFIC_VIOLATIONS, STATE, PLAN_CATEGORY) VALUES
(916965, 2010, 'Dodge', ' Corolla ', '5N1AZ1MU7FW625137', 'XWA2PLF', 'SFSY1JYT4V2BR0TQELVE', 53479, 11799, 102928.31, '06/26/1909 08:33:48', 'M', 477, 8, ' N', 'Arizona', 'Liability ');
INSERT INTO public.AUTO_INSURANCE(POLICY_ID, YEAR, MAKE, MODEL, VIN, LICENSE_PLATE, DRIVER_LICENSE, TOTAL_MILEAGE, ANNUAL_MILES, MARKET_VALUE, AGE, GENDER, CREDIT_SCORE, NUMBER_OF_DEPENDANTS, TRAFFIC_VIOLATIONS, STATE, PLAN_CATEGORY) VALUES
(826969, 2019, 'Honda', ' Y ', 'KL1NE677XB1243316', 'AUB50JK', '135U2UD9W29Q54SKXUN8', 191814, 34751, 12524.45, '10/08/1921 07:34:50', 'M', 701, 2, 'Y ', 'Missouri', 'Liability ');
INSERT INTO public.AUTO_INSURANCE(POLICY_ID, YEAR, MAKE, MODEL, VIN, LICENSE_PLATE, DRIVER_LICENSE, TOTAL_MILEAGE, ANNUAL_MILES, MARKET_VALUE, AGE, GENDER, CREDIT_SCORE, NUMBER_OF_DEPENDANTS, TRAFFIC_VIOLATIONS, STATE, PLAN_CATEGORY) VALUES
(193982, 2017, 'Chevrolet', ' Civic  ', 'NLHCF35M39P326198', '2HHK2YZ', '1YEQ9EB81677G93F438Q', 187161, 5029, 26350.55, '01/01/1900 00:11:50', 'F', 558, 2, 'Y ', 'Nebraska', ' Collision ');
INSERT INTO public.AUTO_INSURANCE(POLICY_ID, YEAR, MAKE, MODEL, VIN, LICENSE_PLATE, DRIVER_LICENSE, TOTAL_MILEAGE, ANNUAL_MILES, MARKET_VALUE, AGE, GENDER, CREDIT_SCORE, NUMBER_OF_DEPENDANTS, TRAFFIC_VIOLATIONS, STATE, PLAN_CATEGORY) VALUES
(652810, 2013, 'Lincoln', ' Yaris ', '5T1CU8197EX932472', '1FAP114', '78CN4N50PH6B195FLS70', 85530, 44639, 51444.14, '12/19/1934 14:11:55', 'F', 755, 6, ' N', 'Kentucky', ' Motorist');
INSERT INTO public.AUTO_INSURANCE(POLICY_ID, YEAR, MAKE, MODEL, VIN, LICENSE_PLATE, DRIVER_LICENSE, TOTAL_MILEAGE, ANNUAL_MILES, MARKET_VALUE, AGE, GENDER, CREDIT_SCORE, NUMBER_OF_DEPENDANTS, TRAFFIC_VIOLATIONS, STATE, PLAN_CATEGORY) VALUES
(193986, 2021, 'Buick', ' RAV4 ', '5N1AL3AP58K251052', '39VT9DD', 'K109YHK6RLHZ91244650', 10576, 21782, 57211.16, '01/01/1900 02:37:18', 'F', 686, 6, 'Y ', 'Michigan', ' Collision ');
INSERT INTO public.AUTO_INSURANCE(POLICY_ID, YEAR, MAKE, MODEL, VIN, LICENSE_PLATE, DRIVER_LICENSE, TOTAL_MILEAGE, ANNUAL_MILES, MARKET_VALUE, AGE, GENDER, CREDIT_SCORE, NUMBER_OF_DEPENDANTS, TRAFFIC_VIOLATIONS, STATE, PLAN_CATEGORY) VALUES
(193983, 2006, 'Infiniti', ' Spider ', '5T1CM82J1DW723144', '61LASSG', 'V50GN5RHRXII7540834K', 189510, 12478, 105423.69, '09/03/1925 04:37:01', 'M', 796, 7, 'Y ', 'South Carolina', ' Collision ');
INSERT INTO public.AUTO_INSURANCE(POLICY_ID, YEAR, MAKE, MODEL, VIN, LICENSE_PLATE, DRIVER_LICENSE, TOTAL_MILEAGE, ANNUAL_MILES, MARKET_VALUE, AGE, GENDER, CREDIT_SCORE, NUMBER_OF_DEPENDANTS, TRAFFIC_VIOLATIONS, STATE, PLAN_CATEGORY) VALUES
(548903, 2008, 'Chrysler', ' Jerokee ', '5YFJ41238AX582488', 'X54203S', '39V811A1M15F5S9YVHF7', 56456, 43559, 82557.34, '04/01/1993 07:03:03', 'F', 606, 5, ' N', 'Massachusetts', ' Motorist');
INSERT INTO public.AUTO_INSURANCE(POLICY_ID, YEAR, MAKE, MODEL, VIN, LICENSE_PLATE, DRIVER_LICENSE, TOTAL_MILEAGE, ANNUAL_MILES, MARKET_VALUE, AGE, GENDER, CREDIT_SCORE, NUMBER_OF_DEPENDANTS, TRAFFIC_VIOLATIONS, STATE, PLAN_CATEGORY) VALUES
(325372, 2022, 'Cadillac', ' Mustang ', '1L1HK03U2E3635039', 'H006ZT1', '9H66769F34A5HOD64P50', 105414, 33635, 14748.36, '04/19/1901 16:40:39', 'F', 570, 8, 'Y ', 'Colorado', ' Personal Injury ');
INSERT INTO public.AUTO_INSURANCE(POLICY_ID, YEAR, MAKE, MODEL, VIN, LICENSE_PLATE, DRIVER_LICENSE, TOTAL_MILEAGE, ANNUAL_MILES, MARKET_VALUE, AGE, GENDER, CREDIT_SCORE, NUMBER_OF_DEPENDANTS, TRAFFIC_VIOLATIONS, STATE, PLAN_CATEGORY) VALUES
(638903, 2009, 'Chevrolet', ' Wrangler ', '8GGKY87W19R156864', 'G0AEM84', 'HN66KKYWW306MA3G0JA6', 33945, 24411, 8591.58, '01/01/1900 00:00:08', 'F', 827, 6, ' N', 'Minnesota', ' Personal Injury ');
INSERT INTO public.AUTO_INSURANCE(POLICY_ID, YEAR, MAKE, MODEL, VIN, LICENSE_PLATE, DRIVER_LICENSE, TOTAL_MILEAGE, ANNUAL_MILES, MARKET_VALUE, AGE, GENDER, CREDIT_SCORE, NUMBER_OF_DEPENDANTS, TRAFFIC_VIOLATIONS, STATE, PLAN_CATEGORY) VALUES
(415373, 2017, 'Japan', ' S-Series ', '5N1AF5MR29W862229', 'T5STBBW', '952603655X89G2QMECNS', 146460, 30712, 114306.28, '01/01/1900 00:11:59', 'M', 829, 4, ' N', 'New York', ' Personal Injury ');
INSERT INTO public.AUTO_INSURANCE(POLICY_ID, YEAR, MAKE, MODEL, VIN, LICENSE_PLATE, DRIVER_LICENSE, TOTAL_MILEAGE, ANNUAL_MILES, MARKET_VALUE, AGE, GENDER, CREDIT_SCORE, NUMBER_OF_DEPENDANTS, TRAFFIC_VIOLATIONS, STATE, PLAN_CATEGORY) VALUES
(742815, 2022, 'Nissan', ' Explorer ', '5TFCA5DW8AN847018', 'ER7J28O', 'R1UA8JOY322A7NN614WK', 60560, 22325, 18555.02, '07/19/1968 11:18:08', 'M', 469, 1, ' N', 'New Mexico', 'Liability ');
INSERT INTO public.AUTO_INSURANCE(POLICY_ID, YEAR, MAKE, MODEL, VIN, LICENSE_PLATE, DRIVER_LICENSE, TOTAL_MILEAGE, ANNUAL_MILES, MARKET_VALUE, AGE, GENDER, CREDIT_SCORE, NUMBER_OF_DEPENDANTS, TRAFFIC_VIOLATIONS, STATE, PLAN_CATEGORY) VALUES
(742814, 2018, 'Cadillac', ' Mustang ', '2T1LR8286DU247386', '4JTWBO3', '15Q4UX4VM91G22XX4B73', 81813, 38350, 93192.93, '01/01/1900 00:00:01', 'M', 470, 2, 'Y ', 'New York', ' Comprehensive ');
INSERT INTO public.AUTO_INSURANCE(POLICY_ID, YEAR, MAKE, MODEL, VIN, LICENSE_PLATE, DRIVER_LICENSE, TOTAL_MILEAGE, ANNUAL_MILES, MARKET_VALUE, AGE, GENDER, CREDIT_SCORE, NUMBER_OF_DEPENDANTS, TRAFFIC_VIOLATIONS, STATE, PLAN_CATEGORY) VALUES
(652812, 2012, 'Buick', ' Mustang ', '4T1JU1DJ6ES497032', '43HZ8M5', '1LX8ZHH3QARB0BHQ3F7P', 102485, 33595, 89254.32, '07/29/1967 01:50:06', 'F', 672, 6, ' N', 'Minnesota', ' Collision ');
INSERT INTO public.AUTO_INSURANCE(POLICY_ID, YEAR, MAKE, MODEL, VIN, LICENSE_PLATE, DRIVER_LICENSE, TOTAL_MILEAGE, ANNUAL_MILES, MARKET_VALUE, AGE, GENDER, CREDIT_SCORE, NUMBER_OF_DEPENDANTS, TRAFFIC_VIOLATIONS, STATE, PLAN_CATEGORY) VALUES
(415370, 2015, 'Hyundai', ' 500X ', '1G8ZR5761F1243317', '3Y678VS', 'E58TI74OOQ1HCG74HL22', 22151, 30003, 49696.1, '01/01/1900 00:00:04', 'M', 503, 0, 'Y ', 'Arkansas', ' Motorist');
INSERT INTO public.AUTO_INSURANCE(POLICY_ID, YEAR, MAKE, MODEL, VIN, LICENSE_PLATE, DRIVER_LICENSE, TOTAL_MILEAGE, ANNUAL_MILES, MARKET_VALUE, AGE, GENDER, CREDIT_SCORE, NUMBER_OF_DEPENDANTS, TRAFFIC_VIOLATIONS, STATE, PLAN_CATEGORY) VALUES
(742813, 2007, 'Jaguar', ' Explorer ', '1FBBK03P0E8547632', 'GOU163G', '0O4GPL80I038ZWHK4B73', 111322, 47731, 45779.86, '01/01/1900 00:00:56', 'M', 505, 9, 'Y ', 'New Mexico', ' Collision ');
INSERT INTO public.AUTO_INSURANCE(POLICY_ID, YEAR, MAKE, MODEL, VIN, LICENSE_PLATE, DRIVER_LICENSE, TOTAL_MILEAGE, ANNUAL_MILES, MARKET_VALUE, AGE, GENDER, CREDIT_SCORE, NUMBER_OF_DEPENDANTS, TRAFFIC_VIOLATIONS, STATE, PLAN_CATEGORY) VALUES
(548905, 2010, 'Jaguar', ' F-Series ', '2T1MS8FA3EX637688', '723B7RD', '80KM2UK4R016H27WR2O8', 145147, 37825, 92847.02, '06/28/1944 14:55:39', 'F', 505, 3, ' N', 'Delaware', 'Liability ');
INSERT INTO public.AUTO_INSURANCE(POLICY_ID, YEAR, MAKE, MODEL, VIN, LICENSE_PLATE, DRIVER_LICENSE, TOTAL_MILEAGE, ANNUAL_MILES, MARKET_VALUE, AGE, GENDER, CREDIT_SCORE, NUMBER_OF_DEPENDANTS, TRAFFIC_VIOLATIONS, STATE, PLAN_CATEGORY) VALUES
(638906, 2007, 'BMW', ' Y ', '1G2KS27U8B1613993', 'NOI6BZY', 'DBJ8RB1X4VYHONH34TDI', 15250, 43951, 10178.59, '01/01/1900 02:39:26', 'M', 668, 6, 'Y ', 'Michigan', ' Comprehensive ');
INSERT INTO public.AUTO_INSURANCE(POLICY_ID, YEAR, MAKE, MODEL, VIN, LICENSE_PLATE, DRIVER_LICENSE, TOTAL_MILEAGE, ANNUAL_MILES, MARKET_VALUE, AGE, GENDER, CREDIT_SCORE, NUMBER_OF_DEPENDANTS, TRAFFIC_VIOLATIONS, STATE, PLAN_CATEGORY) VALUES
(742812, 2026, 'Japan', ' Camry ', '2T1AT16J2FM321340', '3693634', 'B03Q1A02231K76K10T9A', 148480, 42232, 104680.48, '12/30/1974 14:08:19', 'F', 607, 9, 'Y ', 'South Carolina', ' Motorist');
INSERT INTO public.AUTO_INSURANCE(POLICY_ID, YEAR, MAKE, MODEL, VIN, LICENSE_PLATE, DRIVER_LICENSE, TOTAL_MILEAGE, ANNUAL_MILES, MARKET_VALUE, AGE, GENDER, CREDIT_SCORE, NUMBER_OF_DEPENDANTS, TRAFFIC_VIOLATIONS, STATE, PLAN_CATEGORY) VALUES
(652816, 2023, 'Subaru', ' S ', '5YFMB5F36CX723145', '4QV7UG3', '9N3QX95W18652SYM3C5L', 68706, 34842, 96727.87, '03/28/1959 22:03:55', 'M', 413, 6, 'Y ', 'Florida', ' Personal Injury ');
INSERT INTO public.AUTO_INSURANCE(POLICY_ID, YEAR, MAKE, MODEL, VIN, LICENSE_PLATE, DRIVER_LICENSE, TOTAL_MILEAGE, ANNUAL_MILES, MARKET_VALUE, AGE, GENDER, CREDIT_SCORE, NUMBER_OF_DEPENDANTS, TRAFFIC_VIOLATIONS, STATE, PLAN_CATEGORY) VALUES
(548906, 2009, 'Pontiac', ' Mustang ', '1FMKP33P7D0401350', '54G6C94', '52XG7NPA5Y23OVG0V48D', 100432, 18857, 114890.07, '10/13/1909 21:46:00', 'M', 728, 9, 'Y ', 'Arkansas', ' Personal Injury ');
INSERT INTO public.AUTO_INSURANCE(POLICY_ID, YEAR, MAKE, MODEL, VIN, LICENSE_PLATE, DRIVER_LICENSE, TOTAL_MILEAGE, ANNUAL_MILES, MARKET_VALUE, AGE, GENDER, CREDIT_SCORE, NUMBER_OF_DEPENDANTS, TRAFFIC_VIOLATIONS, STATE, PLAN_CATEGORY) VALUES
(652813, 2029, 'Lincoln', ' Ranger ', '8AGHR67TXEK527541', 'V42WI4G', 'ZU836ZSQK03J26U509LK', 62826, 31603, 115981.81, '12/11/1965 23:17:34', 'F', 762, 8, 'Y ', 'Texas', ' Collision ');
INSERT INTO public.AUTO_INSURANCE(POLICY_ID, YEAR, MAKE, MODEL, VIN, LICENSE_PLATE, DRIVER_LICENSE, TOTAL_MILEAGE, ANNUAL_MILES, MARKET_VALUE, AGE, GENDER, CREDIT_SCORE, NUMBER_OF_DEPENDANTS, TRAFFIC_VIOLATIONS, STATE, PLAN_CATEGORY) VALUES
(638904, 2019, 'Jeep', ' Y ', 'KM8CF35M69B696305', '45PL99M', 'FAI926NM06B6I276NP3V', 142267, 9081, 46951.37, '11/18/1902 16:47:20', 'F', 594, 9, ' N', 'Pennsylvania', ' Collision ');

--
-- Inserting data into table public.CHECKS
--
INSERT INTO public.CHECKS(PAYMENT_ID, CLAIM_ID, CHECK_NUMBER, CHECK_DATE, BANK, ACCOUNT_NUMBER, ROUTING_NUMBER) VALUES
(965463, 425289, 140670767, '11/12/23', 'Chase', 268073873218, 419400534);
INSERT INTO public.CHECKS(PAYMENT_ID, CLAIM_ID, CHECK_NUMBER, CHECK_DATE, BANK, ACCOUNT_NUMBER, ROUTING_NUMBER) VALUES
(450039, 189915, 637004666, '08/11/02', 'Wells Fargo', 669810374627, 693651787);
INSERT INTO public.CHECKS(PAYMENT_ID, CLAIM_ID, CHECK_NUMBER, CHECK_DATE, BANK, ACCOUNT_NUMBER, ROUTING_NUMBER) VALUES
(875464, 335285, 496069798, '10/03/17', 'Wells Fargo', 308503353250, 900729503);
INSERT INTO public.CHECKS(PAYMENT_ID, CLAIM_ID, CHECK_NUMBER, CHECK_DATE, BANK, ACCOUNT_NUMBER, ROUTING_NUMBER) VALUES
(360038, 936974, 444554191, '02/11/29', 'Chase', 596572333361, 277880467);
INSERT INTO public.CHECKS(PAYMENT_ID, CLAIM_ID, CHECK_NUMBER, CHECK_DATE, BANK, ACCOUNT_NUMBER, ROUTING_NUMBER) VALUES
(450041, 425287, 192466912, '10/03/28', 'Citigroup', 968944837674, 334784884);
INSERT INTO public.CHECKS(PAYMENT_ID, CLAIM_ID, CHECK_NUMBER, CHECK_DATE, BANK, ACCOUNT_NUMBER, ROUTING_NUMBER) VALUES
(965464, 189917, 269826965, '12/12/28', 'Wells Fargo', 876993661495, 517496025);
INSERT INTO public.CHECKS(PAYMENT_ID, CLAIM_ID, CHECK_NUMBER, CHECK_DATE, BANK, ACCOUNT_NUMBER, ROUTING_NUMBER) VALUES
(740174, 846980, 626031753, '12/12/10', 'BofA', 917919438844, 538097518);
INSERT INTO public.CHECKS(PAYMENT_ID, CLAIM_ID, CHECK_NUMBER, CHECK_DATE, BANK, ACCOUNT_NUMBER, ROUTING_NUMBER) VALUES
(875466, 711851, 201751337, '09/12/11', 'Chase', 435819280480, 496618135);
INSERT INTO public.CHECKS(PAYMENT_ID, CLAIM_ID, CHECK_NUMBER, CHECK_DATE, BANK, ACCOUNT_NUMBER, ROUTING_NUMBER) VALUES
(650174, 335288, 419010563, '12/10/13', 'Chase', 450582225266, 397956322);
INSERT INTO public.CHECKS(PAYMENT_ID, CLAIM_ID, CHECK_NUMBER, CHECK_DATE, BANK, ACCOUNT_NUMBER, ROUTING_NUMBER) VALUES
(272693, 711848, 539079778, '10/11/16', 'BofA', 208449330686, 559581594);
INSERT INTO public.CHECKS(PAYMENT_ID, CLAIM_ID, CHECK_NUMBER, CHECK_DATE, BANK, ACCOUNT_NUMBER, ROUTING_NUMBER) VALUES
(875463, 936975, 662455572, '08/11/25', 'Citigroup', 394360510739, 220989458);
INSERT INTO public.CHECKS(PAYMENT_ID, CLAIM_ID, CHECK_NUMBER, CHECK_DATE, BANK, ACCOUNT_NUMBER, ROUTING_NUMBER) VALUES
(182692, 279916, 393948670, '12/07/04', 'Chase', 774656901876, 919855082);
INSERT INTO public.CHECKS(PAYMENT_ID, CLAIM_ID, CHECK_NUMBER, CHECK_DATE, BANK, ACCOUNT_NUMBER, ROUTING_NUMBER) VALUES
(450043, 425288, 883079271, '12/02/16', 'Chase', 779821900543, 220530327);
INSERT INTO public.CHECKS(PAYMENT_ID, CLAIM_ID, CHECK_NUMBER, CHECK_DATE, BANK, ACCOUNT_NUMBER, ROUTING_NUMBER) VALUES
(623926, 477635, 329931551, '10/02/25', 'BofA', 313297698131, 462849671);
INSERT INTO public.CHECKS(PAYMENT_ID, CLAIM_ID, CHECK_NUMBER, CHECK_DATE, BANK, ACCOUNT_NUMBER, ROUTING_NUMBER) VALUES
(650171, 711847, 764201922, '07/10/02', 'Chase', 741199448032, 527401983);
INSERT INTO public.CHECKS(PAYMENT_ID, CLAIM_ID, CHECK_NUMBER, CHECK_DATE, BANK, ACCOUNT_NUMBER, ROUTING_NUMBER) VALUES
(740175, 801852, 359013721, '06/08/14', 'BofA', 459530478781, 614268706);
INSERT INTO public.CHECKS(PAYMENT_ID, CLAIM_ID, CHECK_NUMBER, CHECK_DATE, BANK, ACCOUNT_NUMBER, ROUTING_NUMBER) VALUES
(965461, 335284, 950424555, '11/11/20', 'BofA', 541038625749, 149059007);
INSERT INTO public.CHECKS(PAYMENT_ID, CLAIM_ID, CHECK_NUMBER, CHECK_DATE, BANK, ACCOUNT_NUMBER, ROUTING_NUMBER) VALUES
(533929, 567638, 937168050, '12/12/29', 'Wells Fargo', 472907243479, 562379003);
INSERT INTO public.CHECKS(PAYMENT_ID, CLAIM_ID, CHECK_NUMBER, CHECK_DATE, BANK, ACCOUNT_NUMBER, ROUTING_NUMBER) VALUES
(360043, 936977, 569307574, '08/11/28', 'Wells Fargo', 265492255066, 575011070);
INSERT INTO public.CHECKS(PAYMENT_ID, CLAIM_ID, CHECK_NUMBER, CHECK_DATE, BANK, ACCOUNT_NUMBER, ROUTING_NUMBER) VALUES
(740172, 801848, 678068534, '07/06/11', 'BofA', 196138208756, 358157490);
INSERT INTO public.CHECKS(PAYMENT_ID, CLAIM_ID, CHECK_NUMBER, CHECK_DATE, BANK, ACCOUNT_NUMBER, ROUTING_NUMBER) VALUES
(740173, 801849, 323261185, '12/03/19', 'Wells Fargo', 428385497629, 210157625);
INSERT INTO public.CHECKS(PAYMENT_ID, CLAIM_ID, CHECK_NUMBER, CHECK_DATE, BANK, ACCOUNT_NUMBER, ROUTING_NUMBER) VALUES
(450042, 477638, 724256011, '11/05/00', 'BofA', 810853574919, 352609538);
INSERT INTO public.CHECKS(PAYMENT_ID, CLAIM_ID, CHECK_NUMBER, CHECK_DATE, BANK, ACCOUNT_NUMBER, ROUTING_NUMBER) VALUES
(360039, 846977, 646289854, '09/04/11', 'Chase', 414172494565, 946182923);
INSERT INTO public.CHECKS(PAYMENT_ID, CLAIM_ID, CHECK_NUMBER, CHECK_DATE, BANK, ACCOUNT_NUMBER, ROUTING_NUMBER) VALUES
(450040, 801847, 575801637, '10/02/23', 'Wells Fargo', 779085564440, 325611532);
INSERT INTO public.CHECKS(PAYMENT_ID, CLAIM_ID, CHECK_NUMBER, CHECK_DATE, BANK, ACCOUNT_NUMBER, ROUTING_NUMBER) VALUES
(740171, 711846, 327504235, '10/12/01', 'Wells Fargo', 793093026310, 611064738);
INSERT INTO public.CHECKS(PAYMENT_ID, CLAIM_ID, CHECK_NUMBER, CHECK_DATE, BANK, ACCOUNT_NUMBER, ROUTING_NUMBER) VALUES
(999999, 425284, 294961037, '12/01/24', 'Wells Fargo', 685439052752, 220720915);
INSERT INTO public.CHECKS(PAYMENT_ID, CLAIM_ID, CHECK_NUMBER, CHECK_DATE, BANK, ACCOUNT_NUMBER, ROUTING_NUMBER) VALUES
(965462, 425286, 827500356, '04/10/21', 'Citigroup', 708487867283, 448234210);
INSERT INTO public.CHECKS(PAYMENT_ID, CLAIM_ID, CHECK_NUMBER, CHECK_DATE, BANK, ACCOUNT_NUMBER, ROUTING_NUMBER) VALUES
(533927, 335287, 472336837, '03/11/28', 'BofA', 309946150377, 297731853);
INSERT INTO public.CHECKS(PAYMENT_ID, CLAIM_ID, CHECK_NUMBER, CHECK_DATE, BANK, ACCOUNT_NUMBER, ROUTING_NUMBER) VALUES
(650172, 335286, 459281994, '05/04/00', 'Chase', 663062203688, 302701830);
INSERT INTO public.CHECKS(PAYMENT_ID, CLAIM_ID, CHECK_NUMBER, CHECK_DATE, BANK, ACCOUNT_NUMBER, ROUTING_NUMBER) VALUES
(533926, 846978, 984782633, '12/11/22', 'Chase', 170374145429, 810991872);
INSERT INTO public.CHECKS(PAYMENT_ID, CLAIM_ID, CHECK_NUMBER, CHECK_DATE, BANK, ACCOUNT_NUMBER, ROUTING_NUMBER) VALUES
(450044, 279917, 339334816, '07/07/24', 'Wells Fargo', 941035349907, 383881351);
INSERT INTO public.CHECKS(PAYMENT_ID, CLAIM_ID, CHECK_NUMBER, CHECK_DATE, BANK, ACCOUNT_NUMBER, ROUTING_NUMBER) VALUES
(533925, 477634, 407109372, '11/01/13', 'Chase', 882896569368, 495936563);
INSERT INTO public.CHECKS(PAYMENT_ID, CLAIM_ID, CHECK_NUMBER, CHECK_DATE, BANK, ACCOUNT_NUMBER, ROUTING_NUMBER) VALUES
(650173, 936976, 353688197, '07/10/12', 'Chase', 138395826361, 475540973);
INSERT INTO public.CHECKS(PAYMENT_ID, CLAIM_ID, CHECK_NUMBER, CHECK_DATE, BANK, ACCOUNT_NUMBER, ROUTING_NUMBER) VALUES
(360042, 801850, 947208575, '12/10/28', 'Chase', 942092333686, 697267309);
INSERT INTO public.CHECKS(PAYMENT_ID, CLAIM_ID, CHECK_NUMBER, CHECK_DATE, BANK, ACCOUNT_NUMBER, ROUTING_NUMBER) VALUES
(182693, 567636, 922992263, '10/04/18', 'Chase', 441441240573, 589773172);
INSERT INTO public.CHECKS(PAYMENT_ID, CLAIM_ID, CHECK_NUMBER, CHECK_DATE, BANK, ACCOUNT_NUMBER, ROUTING_NUMBER) VALUES
(875465, 189916, 282974381, '12/10/08', 'Citigroup', 901930038872, 627202050);
INSERT INTO public.CHECKS(PAYMENT_ID, CLAIM_ID, CHECK_NUMBER, CHECK_DATE, BANK, ACCOUNT_NUMBER, ROUTING_NUMBER) VALUES
(360040, 425285, 792224969, '11/03/26', 'Citigroup', 317078017146, 101385771);
INSERT INTO public.CHECKS(PAYMENT_ID, CLAIM_ID, CHECK_NUMBER, CHECK_DATE, BANK, ACCOUNT_NUMBER, ROUTING_NUMBER) VALUES
(272692, 999999, 549280388, '04/03/23', 'Wells Fargo', 283747287315, 507717794);
INSERT INTO public.CHECKS(PAYMENT_ID, CLAIM_ID, CHECK_NUMBER, CHECK_DATE, BANK, ACCOUNT_NUMBER, ROUTING_NUMBER) VALUES
(623925, 335283, 737363228, '01/10/04', 'Citigroup', 464663562914, 992377640);
INSERT INTO public.CHECKS(PAYMENT_ID, CLAIM_ID, CHECK_NUMBER, CHECK_DATE, BANK, ACCOUNT_NUMBER, ROUTING_NUMBER) VALUES
(623928, 711849, 814570184, '04/10/08', 'Citigroup', 384772098212, 769817728);
INSERT INTO public.CHECKS(PAYMENT_ID, CLAIM_ID, CHECK_NUMBER, CHECK_DATE, BANK, ACCOUNT_NUMBER, ROUTING_NUMBER) VALUES
(623930, 711850, 157726902, '11/02/06', 'Chase', 542482789151, 610466440);
INSERT INTO public.CHECKS(PAYMENT_ID, CLAIM_ID, CHECK_NUMBER, CHECK_DATE, BANK, ACCOUNT_NUMBER, ROUTING_NUMBER) VALUES
(623927, 477636, 956815941, '10/11/23', 'BofA', 527187079532, 969859476);
INSERT INTO public.CHECKS(PAYMENT_ID, CLAIM_ID, CHECK_NUMBER, CHECK_DATE, BANK, ACCOUNT_NUMBER, ROUTING_NUMBER) VALUES
(360041, 567637, 980762648, '11/07/00', 'Wells Fargo', 746088586089, 581469625);
INSERT INTO public.CHECKS(PAYMENT_ID, CLAIM_ID, CHECK_NUMBER, CHECK_DATE, BANK, ACCOUNT_NUMBER, ROUTING_NUMBER) VALUES
(875462, 279915, 203542473, '08/11/23', 'Wells Fargo', 349663720387, 386321853);
INSERT INTO public.CHECKS(PAYMENT_ID, CLAIM_ID, CHECK_NUMBER, CHECK_DATE, BANK, ACCOUNT_NUMBER, ROUTING_NUMBER) VALUES
(533928, 846979, 884147001, '10/02/01', 'Chase', 548625675004, 212071614);
INSERT INTO public.CHECKS(PAYMENT_ID, CLAIM_ID, CHECK_NUMBER, CHECK_DATE, BANK, ACCOUNT_NUMBER, ROUTING_NUMBER) VALUES
(272694, 801851, 372220114, '10/10/08', 'BofA', 189665756043, 361907012);
INSERT INTO public.CHECKS(PAYMENT_ID, CLAIM_ID, CHECK_NUMBER, CHECK_DATE, BANK, ACCOUNT_NUMBER, ROUTING_NUMBER) VALUES
(623929, 477637, 857035696, '11/11/10', 'Wells Fargo', 332137867921, 466183793);
INSERT INTO public.CHECKS(PAYMENT_ID, CLAIM_ID, CHECK_NUMBER, CHECK_DATE, BANK, ACCOUNT_NUMBER, ROUTING_NUMBER) VALUES
(875461, 936973, 220965129, '08/11/21', 'Chase', 353698781182, 124080882);
INSERT INTO public.CHECKS(PAYMENT_ID, CLAIM_ID, CHECK_NUMBER, CHECK_DATE, BANK, ACCOUNT_NUMBER, ROUTING_NUMBER) VALUES
(965460, 567635, 490632816, '09/01/24', 'BofA', 812543407576, 388890177);
INSERT INTO public.CHECKS(PAYMENT_ID, CLAIM_ID, CHECK_NUMBER, CHECK_DATE, BANK, ACCOUNT_NUMBER, ROUTING_NUMBER) VALUES
(965459, 846976, 799126892, '04/09/03', 'BofA', 105561226436, 535650845);

--
-- Inserting data into table public.CLAIM_INCLUDES
--
INSERT INTO public.CLAIM_INCLUDES(CLAIM_ID, ITEM_ID) VALUES
(425289, 481283);
INSERT INTO public.CLAIM_INCLUDES(CLAIM_ID, ITEM_ID) VALUES
(189915, 777565);
INSERT INTO public.CLAIM_INCLUDES(CLAIM_ID, ITEM_ID) VALUES
(335285, 209608);
INSERT INTO public.CLAIM_INCLUDES(CLAIM_ID, ITEM_ID) VALUES
(936974, 999999);
INSERT INTO public.CLAIM_INCLUDES(CLAIM_ID, ITEM_ID) VALUES
(425287, 119609);
INSERT INTO public.CLAIM_INCLUDES(CLAIM_ID, ITEM_ID) VALUES
(189917, 399561);
INSERT INTO public.CLAIM_INCLUDES(CLAIM_ID, ITEM_ID) VALUES
(846980, 399560);
INSERT INTO public.CLAIM_INCLUDES(CLAIM_ID, ITEM_ID) VALUES
(711851, 309560);
INSERT INTO public.CLAIM_INCLUDES(CLAIM_ID, ITEM_ID) VALUES
(335288, 209611);
INSERT INTO public.CLAIM_INCLUDES(CLAIM_ID, ITEM_ID) VALUES
(711848, 119608);
INSERT INTO public.CLAIM_INCLUDES(CLAIM_ID, ITEM_ID) VALUES
(936975, 399556);
INSERT INTO public.CLAIM_INCLUDES(CLAIM_ID, ITEM_ID) VALUES
(279916, 309557);
INSERT INTO public.CLAIM_INCLUDES(CLAIM_ID, ITEM_ID) VALUES
(425288, 687567);
INSERT INTO public.CLAIM_INCLUDES(CLAIM_ID, ITEM_ID) VALUES
(477635, 910038);
INSERT INTO public.CLAIM_INCLUDES(CLAIM_ID, ITEM_ID) VALUES
(711847, 820041);
INSERT INTO public.CLAIM_INCLUDES(CLAIM_ID, ITEM_ID) VALUES
(801852, 777568);
INSERT INTO public.CLAIM_INCLUDES(CLAIM_ID, ITEM_ID) VALUES
(335284, 309556);
INSERT INTO public.CLAIM_INCLUDES(CLAIM_ID, ITEM_ID) VALUES
(567638, 481282);
INSERT INTO public.CLAIM_INCLUDES(CLAIM_ID, ITEM_ID) VALUES
(936977, 910041);
INSERT INTO public.CLAIM_INCLUDES(CLAIM_ID, ITEM_ID) VALUES
(801848, 399558);
INSERT INTO public.CLAIM_INCLUDES(CLAIM_ID, ITEM_ID) VALUES
(801849, 209610);
INSERT INTO public.CLAIM_INCLUDES(CLAIM_ID, ITEM_ID) VALUES
(477638, 777567);
INSERT INTO public.CLAIM_INCLUDES(CLAIM_ID, ITEM_ID) VALUES
(846977, 399555);
INSERT INTO public.CLAIM_INCLUDES(CLAIM_ID, ITEM_ID) VALUES
(801847, 687565);
INSERT INTO public.CLAIM_INCLUDES(CLAIM_ID, ITEM_ID) VALUES
(711846, 481279);
INSERT INTO public.CLAIM_INCLUDES(CLAIM_ID, ITEM_ID) VALUES
(425284, 309555);
INSERT INTO public.CLAIM_INCLUDES(CLAIM_ID, ITEM_ID) VALUES
(425286, 209609);
INSERT INTO public.CLAIM_INCLUDES(CLAIM_ID, ITEM_ID) VALUES
(335287, 571281);
INSERT INTO public.CLAIM_INCLUDES(CLAIM_ID, ITEM_ID) VALUES
(335286, 777566);
INSERT INTO public.CLAIM_INCLUDES(CLAIM_ID, ITEM_ID) VALUES
(846978, 910039);
INSERT INTO public.CLAIM_INCLUDES(CLAIM_ID, ITEM_ID) VALUES
(279917, 119610);
INSERT INTO public.CLAIM_INCLUDES(CLAIM_ID, ITEM_ID) VALUES
(477634, 687564);
INSERT INTO public.CLAIM_INCLUDES(CLAIM_ID, ITEM_ID) VALUES
(936976, 481281);
INSERT INTO public.CLAIM_INCLUDES(CLAIM_ID, ITEM_ID) VALUES
(801850, 820043);
INSERT INTO public.CLAIM_INCLUDES(CLAIM_ID, ITEM_ID) VALUES
(567636, 481280);
INSERT INTO public.CLAIM_INCLUDES(CLAIM_ID, ITEM_ID) VALUES
(189916, 571282);
INSERT INTO public.CLAIM_INCLUDES(CLAIM_ID, ITEM_ID) VALUES
(425285, 399557);
INSERT INTO public.CLAIM_INCLUDES(CLAIM_ID, ITEM_ID) VALUES
(999999, 119607);
INSERT INTO public.CLAIM_INCLUDES(CLAIM_ID, ITEM_ID) VALUES
(335283, 777564);
INSERT INTO public.CLAIM_INCLUDES(CLAIM_ID, ITEM_ID) VALUES
(711849, 910040);
INSERT INTO public.CLAIM_INCLUDES(CLAIM_ID, ITEM_ID) VALUES
(711850, 309559);
INSERT INTO public.CLAIM_INCLUDES(CLAIM_ID, ITEM_ID) VALUES
(477636, 687566);
INSERT INTO public.CLAIM_INCLUDES(CLAIM_ID, ITEM_ID) VALUES
(567637, 820042);
INSERT INTO public.CLAIM_INCLUDES(CLAIM_ID, ITEM_ID) VALUES
(279915, 571280);
INSERT INTO public.CLAIM_INCLUDES(CLAIM_ID, ITEM_ID) VALUES
(846979, 309558);
INSERT INTO public.CLAIM_INCLUDES(CLAIM_ID, ITEM_ID) VALUES
(801851, 571283);
INSERT INTO public.CLAIM_INCLUDES(CLAIM_ID, ITEM_ID) VALUES
(477637, 399559);
INSERT INTO public.CLAIM_INCLUDES(CLAIM_ID, ITEM_ID) VALUES
(936973, 399554);
INSERT INTO public.CLAIM_INCLUDES(CLAIM_ID, ITEM_ID) VALUES
(567635, 309554);
INSERT INTO public.CLAIM_INCLUDES(CLAIM_ID, ITEM_ID) VALUES
(846976, 820040);

--
-- Inserting data into table public.CLAIM_PAYMENT
--
INSERT INTO public.CLAIM_PAYMENT(PAYMENT_ID, CLAIM_ID, RECIPIENT_NAME, RECIPIENT_ADDRESS, PAYMENT_AMOUNT, BANK, PAYMENT_DATE, STATUS) VALUES
(375948, 425289, 'Abdul Franz', '955 East Nobel'||CHR(13)||CHR(10)
||'	Avenue', 23721.92, 'BofA', '01/01/2010 00:00:00', ' Payed ');
INSERT INTO public.CLAIM_PAYMENT(PAYMENT_ID, CLAIM_ID, RECIPIENT_NAME, RECIPIENT_ADDRESS, PAYMENT_AMOUNT, BANK, PAYMENT_DATE, STATUS) VALUES
(734893, 189915, 'Dana Bethea', '260 White Milton'||CHR(13)||CHR(10)
||'	Blvd.', 39299.5, 'Chase', '08/04/2016 12:23:55', ' Not Payed');
INSERT INTO public.CLAIM_PAYMENT(PAYMENT_ID, CLAIM_ID, RECIPIENT_NAME, RECIPIENT_ADDRESS, PAYMENT_AMOUNT, BANK, PAYMENT_DATE, STATUS) VALUES
(734894, 335285, 'Jeromy Vanburen', '781 Rocky'||CHR(13)||CHR(10)
||'	Fabien'||CHR(13)||CHR(10)
||'	St.', 11778.36, 'Citigroup', '07/12/2013 07:11:08', ' Payed ');
INSERT INTO public.CLAIM_PAYMENT(PAYMENT_ID, CLAIM_ID, RECIPIENT_NAME, RECIPIENT_ADDRESS, PAYMENT_AMOUNT, BANK, PAYMENT_DATE, STATUS) VALUES
(734892, 936974, 'Adan May', '73 West Nobel'||CHR(13)||CHR(10)
||'	Freeway', 40373.18, 'Chase', '12/08/2012 05:03:09', ' Not Payed');
INSERT INTO public.CLAIM_PAYMENT(PAYMENT_ID, CLAIM_ID, RECIPIENT_NAME, RECIPIENT_ADDRESS, PAYMENT_AMOUNT, BANK, PAYMENT_DATE, STATUS) VALUES
(886985, 425287, 'Charline Berman', '56 Second'||CHR(13)||CHR(10)
||'	Parkway', 26708.43, 'BofA', '05/24/2016 18:28:16', ' Payed ');
INSERT INTO public.CLAIM_PAYMENT(PAYMENT_ID, CLAIM_ID, RECIPIENT_NAME, RECIPIENT_ADDRESS, PAYMENT_AMOUNT, BANK, PAYMENT_DATE, STATUS) VALUES
(734896, 189917, 'Roosevelt Lloyd', '12 Old'||CHR(13)||CHR(10)
||'	Street', 9919.2, 'Wells Fargo', '12/19/2015 09:16:57', ' Not Payed');
INSERT INTO public.CLAIM_PAYMENT(PAYMENT_ID, CLAIM_ID, RECIPIENT_NAME, RECIPIENT_ADDRESS, PAYMENT_AMOUNT, BANK, PAYMENT_DATE, STATUS) VALUES
(976984, 846980, 'Carson Burley', '305 East Nobel'||CHR(13)||CHR(10)
||'	Blvd.', 37993.97, 'Chase', '07/07/2013 01:23:08', ' Not Payed');
INSERT INTO public.CLAIM_PAYMENT(PAYMENT_ID, CLAIM_ID, RECIPIENT_NAME, RECIPIENT_ADDRESS, PAYMENT_AMOUNT, BANK, PAYMENT_DATE, STATUS) VALUES
(182308, 711851, 'Gabriel Cheatham', '511 Green Clarendon'||CHR(13)||CHR(10)
||'	St.', 9369.33, 'Chase', '01/01/2010 00:00:05', ' Payed ');
INSERT INTO public.CLAIM_PAYMENT(PAYMENT_ID, CLAIM_ID, RECIPIENT_NAME, RECIPIENT_ADDRESS, PAYMENT_AMOUNT, BANK, PAYMENT_DATE, STATUS) VALUES
(272308, 335288, 'Elfrieda Fennell', '12 West Second'||CHR(13)||CHR(10)
||'	Road', 40146.72, 'Citigroup', '01/01/2010 00:00:08', ' Not Payed');
INSERT INTO public.CLAIM_PAYMENT(PAYMENT_ID, CLAIM_ID, RECIPIENT_NAME, RECIPIENT_ADDRESS, PAYMENT_AMOUNT, BANK, PAYMENT_DATE, STATUS) VALUES
(272305, 711848, 'Antone Coles', '685 New'||CHR(13)||CHR(10)
||'	Street', 41134.45, 'BofA', '11/16/2016 16:21:53', ' Payed ');
INSERT INTO public.CLAIM_PAYMENT(PAYMENT_ID, CLAIM_ID, RECIPIENT_NAME, RECIPIENT_ADDRESS, PAYMENT_AMOUNT, BANK, PAYMENT_DATE, STATUS) VALUES
(182303, 936975, 'Adelaida Mcfall', '51 East White Hague'||CHR(13)||CHR(10)
||'	Drive', 28202.8, 'Wells Fargo', '01/01/2010 00:01:02', ' Payed ');
INSERT INTO public.CLAIM_PAYMENT(PAYMENT_ID, CLAIM_ID, RECIPIENT_NAME, RECIPIENT_ADDRESS, PAYMENT_AMOUNT, BANK, PAYMENT_DATE, STATUS) VALUES
(182304, 279916, 'Annemarie Bess', '83 North Cowley'||CHR(13)||CHR(10)
||'	Avenue', 14342.24, 'Chase', '04/18/2020 23:50:43', ' Not Payed');
INSERT INTO public.CLAIM_PAYMENT(PAYMENT_ID, CLAIM_ID, RECIPIENT_NAME, RECIPIENT_ADDRESS, PAYMENT_AMOUNT, BANK, PAYMENT_DATE, STATUS) VALUES
(375947, 425288, 'Vincenzo Pugh', '57 White Oak'||CHR(13)||CHR(10)
||'	St.', 13119.73, 'Wells Fargo', '08/23/2012 10:16:23', ' Not Payed');
INSERT INTO public.CLAIM_PAYMENT(PAYMENT_ID, CLAIM_ID, RECIPIENT_NAME, RECIPIENT_ADDRESS, PAYMENT_AMOUNT, BANK, PAYMENT_DATE, STATUS) VALUES
(285944, 477635, 'Shon Abbott', '39 South Hague'||CHR(13)||CHR(10)
||'	Way', 6189.94, 'Chase', '04/22/2017 18:32:07', ' Not Payed');
INSERT INTO public.CLAIM_PAYMENT(PAYMENT_ID, CLAIM_ID, RECIPIENT_NAME, RECIPIENT_ADDRESS, PAYMENT_AMOUNT, BANK, PAYMENT_DATE, STATUS) VALUES
(285945, 711847, 'Rickie Gamble', '293 East Green Second'||CHR(13)||CHR(10)
||'	Way', 21096.68, 'Chase', '02/17/2017 13:12:54', ' Payed ');
INSERT INTO public.CLAIM_PAYMENT(PAYMENT_ID, CLAIM_ID, RECIPIENT_NAME, RECIPIENT_ADDRESS, PAYMENT_AMOUNT, BANK, PAYMENT_DATE, STATUS) VALUES
(285948, 801852, 'Darwin Warden', '418 White Milton'||CHR(13)||CHR(10)
||'	Blvd.', 26520.79, 'BofA', '01/01/2010 00:00:10', ' Payed ');
INSERT INTO public.CLAIM_PAYMENT(PAYMENT_ID, CLAIM_ID, RECIPIENT_NAME, RECIPIENT_ADDRESS, PAYMENT_AMOUNT, BANK, PAYMENT_DATE, STATUS) VALUES
(375945, 335284, 'Mario Wilde', '871 Milton'||CHR(13)||CHR(10)
||'	Parkway', 14197.41, 'BofA', '01/16/2013 07:43:46', ' Not Payed');
INSERT INTO public.CLAIM_PAYMENT(PAYMENT_ID, CLAIM_ID, RECIPIENT_NAME, RECIPIENT_ADDRESS, PAYMENT_AMOUNT, BANK, PAYMENT_DATE, STATUS) VALUES
(976983, 567638, 'Wilburn Copeland', '35 New'||CHR(13)||CHR(10)
||'	Drive', 5209.23, 'Wells Fargo', '02/07/2010 05:16:12', ' Not Payed');
INSERT INTO public.CLAIM_PAYMENT(PAYMENT_ID, CLAIM_ID, RECIPIENT_NAME, RECIPIENT_ADDRESS, PAYMENT_AMOUNT, BANK, PAYMENT_DATE, STATUS) VALUES
(285947, 936977, 'Madison Aguirre', '20 East Rocky'||CHR(13)||CHR(10)
||'	Hague'||CHR(13)||CHR(10)
||'	Road', 30038.03, 'Citigroup', '08/13/2017 12:59:27', ' Payed ');
INSERT INTO public.CLAIM_PAYMENT(PAYMENT_ID, CLAIM_ID, RECIPIENT_NAME, RECIPIENT_ADDRESS, PAYMENT_AMOUNT, BANK, PAYMENT_DATE, STATUS) VALUES
(976981, 801848, 'Carmelita Piper', '78 Rocky'||CHR(13)||CHR(10)
||'	New'||CHR(13)||CHR(10)
||'	Avenue', 45895.94, 'BofA', '01/01/2010 00:00:42', ' Payed ');
INSERT INTO public.CLAIM_PAYMENT(PAYMENT_ID, CLAIM_ID, RECIPIENT_NAME, RECIPIENT_ADDRESS, PAYMENT_AMOUNT, BANK, PAYMENT_DATE, STATUS) VALUES
(528897, 801849, 'Edwin Minor', '92 White Cowley'||CHR(13)||CHR(10)
||'	Way', 12205.7, 'Citigroup', '07/14/2016 06:19:33', ' Not Payed');
INSERT INTO public.CLAIM_PAYMENT(PAYMENT_ID, CLAIM_ID, RECIPIENT_NAME, RECIPIENT_ADDRESS, PAYMENT_AMOUNT, BANK, PAYMENT_DATE, STATUS) VALUES
(272307, 477638, 'Delisa Dejesus', '54 Hague'||CHR(13)||CHR(10)
||'	St.', 28342.14, 'Citigroup', '01/01/2010 01:58:06', ' Payed ');
INSERT INTO public.CLAIM_PAYMENT(PAYMENT_ID, CLAIM_ID, RECIPIENT_NAME, RECIPIENT_ADDRESS, PAYMENT_AMOUNT, BANK, PAYMENT_DATE, STATUS) VALUES
(999999, 846977, 'Alonzo Buckley', '766 White First'||CHR(13)||CHR(10)
||'	Way', 40623.28, 'BofA', '08/07/2016 15:52:08', ' Payed ');
INSERT INTO public.CLAIM_PAYMENT(PAYMENT_ID, CLAIM_ID, RECIPIENT_NAME, RECIPIENT_ADDRESS, PAYMENT_AMOUNT, BANK, PAYMENT_DATE, STATUS) VALUES
(644893, 801847, 'Analisa Crowder', '575 Clarendon'||CHR(13)||CHR(10)
||'	Drive', 34800.88, 'Wells Fargo', '11/22/2012 08:58:39', ' Payed ');
INSERT INTO public.CLAIM_PAYMENT(PAYMENT_ID, CLAIM_ID, RECIPIENT_NAME, RECIPIENT_ADDRESS, PAYMENT_AMOUNT, BANK, PAYMENT_DATE, STATUS) VALUES
(375943, 711846, 'Rose Counts', '61 Hague'||CHR(13)||CHR(10)
||'	Boulevard', 36439.94, 'Chase', '10/11/2017 01:18:47', ' Payed ');
INSERT INTO public.CLAIM_PAYMENT(PAYMENT_ID, CLAIM_ID, RECIPIENT_NAME, RECIPIENT_ADDRESS, PAYMENT_AMOUNT, BANK, PAYMENT_DATE, STATUS) VALUES
(886983, 425284, 'Adam Burrows', '83 Second'||CHR(13)||CHR(10)
||'	Avenue', 48850.44, 'Wells Fargo', '01/24/2019 06:58:08', ' Not Payed');
INSERT INTO public.CLAIM_PAYMENT(PAYMENT_ID, CLAIM_ID, RECIPIENT_NAME, RECIPIENT_ADDRESS, PAYMENT_AMOUNT, BANK, PAYMENT_DATE, STATUS) VALUES
(976982, 425286, 'Sanda Mattison', '681 Green Fabien'||CHR(13)||CHR(10)
||'	Blvd.', 22334.98, 'Wells Fargo', '03/19/2010 06:50:27', ' Not Payed');
INSERT INTO public.CLAIM_PAYMENT(PAYMENT_ID, CLAIM_ID, RECIPIENT_NAME, RECIPIENT_ADDRESS, PAYMENT_AMOUNT, BANK, PAYMENT_DATE, STATUS) VALUES
(182305, 335287, 'Jarrod Crowley', '218 Nobel'||CHR(13)||CHR(10)
||'	Road', 9346.15, 'Chase', '01/02/2016 06:48:19', ' Payed ');
INSERT INTO public.CLAIM_PAYMENT(PAYMENT_ID, CLAIM_ID, RECIPIENT_NAME, RECIPIENT_ADDRESS, PAYMENT_AMOUNT, BANK, PAYMENT_DATE, STATUS) VALUES
(528896, 335286, 'Aide Abrams', '54 West Old'||CHR(13)||CHR(10)
||'	Road', 43618.82, 'Wells Fargo', '04/09/2012 17:11:37', ' Not Payed');
INSERT INTO public.CLAIM_PAYMENT(PAYMENT_ID, CLAIM_ID, RECIPIENT_NAME, RECIPIENT_ADDRESS, PAYMENT_AMOUNT, BANK, PAYMENT_DATE, STATUS) VALUES
(886984, 846978, 'Monroe Castaneda', '724 East White Second'||CHR(13)||CHR(10)
||'	Road', 44476.45, 'BofA', '03/18/2012 18:16:14', ' Payed ');
INSERT INTO public.CLAIM_PAYMENT(PAYMENT_ID, CLAIM_ID, RECIPIENT_NAME, RECIPIENT_ADDRESS, PAYMENT_AMOUNT, BANK, PAYMENT_DATE, STATUS) VALUES
(886986, 279917, 'Dorthey Abernathy', '58 West Milton'||CHR(13)||CHR(10)
||'	Parkway', 35091.71, 'Wells Fargo', '01/01/2010 00:11:50', ' Not Payed');
INSERT INTO public.CLAIM_PAYMENT(PAYMENT_ID, CLAIM_ID, RECIPIENT_NAME, RECIPIENT_ADDRESS, PAYMENT_AMOUNT, BANK, PAYMENT_DATE, STATUS) VALUES
(644892, 477634, 'Tomas Acker', '328 East Old'||CHR(13)||CHR(10)
||'	Freeway', 19455.68, 'Wells Fargo', '05/02/2015 07:15:18', ' Not Payed');
INSERT INTO public.CLAIM_PAYMENT(PAYMENT_ID, CLAIM_ID, RECIPIENT_NAME, RECIPIENT_ADDRESS, PAYMENT_AMOUNT, BANK, PAYMENT_DATE, STATUS) VALUES
(375946, 936976, 'Wyatt Blackburn', '252 Rocky'||CHR(13)||CHR(10)
||'	Second'||CHR(13)||CHR(10)
||'	Boulevard', 38046.8, 'Chase', '01/01/2010 02:37:18', ' Payed ');
INSERT INTO public.CLAIM_PAYMENT(PAYMENT_ID, CLAIM_ID, RECIPIENT_NAME, RECIPIENT_ADDRESS, PAYMENT_AMOUNT, BANK, PAYMENT_DATE, STATUS) VALUES
(182307, 801850, 'Alberta Beavers', '55 Clarendon'||CHR(13)||CHR(10)
||'	Street', 20184.28, 'Citigroup', '12/03/2019 02:42:21', ' Payed ');
INSERT INTO public.CLAIM_PAYMENT(PAYMENT_ID, CLAIM_ID, RECIPIENT_NAME, RECIPIENT_ADDRESS, PAYMENT_AMOUNT, BANK, PAYMENT_DATE, STATUS) VALUES
(618897, 567636, 'Adah Chesser', '442 West Oak'||CHR(13)||CHR(10)
||'	Freeway', 8221.51, 'Chase', '04/29/2016 09:02:39', ' Not Payed');
INSERT INTO public.CLAIM_PAYMENT(PAYMENT_ID, CLAIM_ID, RECIPIENT_NAME, RECIPIENT_ADDRESS, PAYMENT_AMOUNT, BANK, PAYMENT_DATE, STATUS) VALUES
(272306, 189916, 'Major Kimmel', '320 West Cowley'||CHR(13)||CHR(10)
||'	Street', 4357.6, 'Chase', '09/12/2010 01:34:06', ' Payed ');
INSERT INTO public.CLAIM_PAYMENT(PAYMENT_ID, CLAIM_ID, RECIPIENT_NAME, RECIPIENT_ADDRESS, PAYMENT_AMOUNT, BANK, PAYMENT_DATE, STATUS) VALUES
(272304, 425285, 'Abraham Amador', '62 Green Milton'||CHR(13)||CHR(10)
||'	Parkway', 25918.87, 'BofA', '01/01/2010 00:00:08', ' Not Payed');
INSERT INTO public.CLAIM_PAYMENT(PAYMENT_ID, CLAIM_ID, RECIPIENT_NAME, RECIPIENT_ADDRESS, PAYMENT_AMOUNT, BANK, PAYMENT_DATE, STATUS) VALUES
(375944, 999999, 'Sergio Acosta', '10 East Green Fabien'||CHR(13)||CHR(10)
||'	Road', 47842.14, 'Wells Fargo', '01/01/2010 00:11:59', ' Not Payed');
INSERT INTO public.CLAIM_PAYMENT(PAYMENT_ID, CLAIM_ID, RECIPIENT_NAME, RECIPIENT_ADDRESS, PAYMENT_AMOUNT, BANK, PAYMENT_DATE, STATUS) VALUES
(272303, 335283, 'Britt Treadway', '11 North Rocky'||CHR(13)||CHR(10)
||'	Old'||CHR(13)||CHR(10)
||'	Boulevard', 14565.74, 'Wells Fargo', '12/28/2017 07:43:10', ' Not Payed');
INSERT INTO public.CLAIM_PAYMENT(PAYMENT_ID, CLAIM_ID, RECIPIENT_NAME, RECIPIENT_ADDRESS, PAYMENT_AMOUNT, BANK, PAYMENT_DATE, STATUS) VALUES
(618898, 711849, 'Gregory Leeper', '34 Nobel'||CHR(13)||CHR(10)
||'	Parkway', 9515.34, 'BofA', '01/01/2010 00:00:01', ' Payed ');
INSERT INTO public.CLAIM_PAYMENT(PAYMENT_ID, CLAIM_ID, RECIPIENT_NAME, RECIPIENT_ADDRESS, PAYMENT_AMOUNT, BANK, PAYMENT_DATE, STATUS) VALUES
(528898, 711850, 'Glynis Valdez', '62 New'||CHR(13)||CHR(10)
||'	Drive', 48293.64, 'BofA', '12/07/2018 23:25:03', ' Payed ');
INSERT INTO public.CLAIM_PAYMENT(PAYMENT_ID, CLAIM_ID, RECIPIENT_NAME, RECIPIENT_ADDRESS, PAYMENT_AMOUNT, BANK, PAYMENT_DATE, STATUS) VALUES
(644894, 477636, 'Fairy Obrien', '950 Milton'||CHR(13)||CHR(10)
||'	Freeway', 24963.42, 'Citigroup', '01/01/2010 00:00:04', ' Not Payed');
INSERT INTO public.CLAIM_PAYMENT(PAYMENT_ID, CLAIM_ID, RECIPIENT_NAME, RECIPIENT_ADDRESS, PAYMENT_AMOUNT, BANK, PAYMENT_DATE, STATUS) VALUES
(734895, 567637, 'Daniela Alcorn', '33 Rocky'||CHR(13)||CHR(10)
||'	Old'||CHR(13)||CHR(10)
||'	Avenue', 48861.18, 'Wells Fargo', '01/01/2010 00:00:56', ' Not Payed');
INSERT INTO public.CLAIM_PAYMENT(PAYMENT_ID, CLAIM_ID, RECIPIENT_NAME, RECIPIENT_ADDRESS, PAYMENT_AMOUNT, BANK, PAYMENT_DATE, STATUS) VALUES
(618896, 279915, 'Lenny Alcala', '218 West Clarendon'||CHR(13)||CHR(10)
||'	Avenue', 10026.1, 'BofA', '11/22/2011 23:21:34', ' Not Payed');
INSERT INTO public.CLAIM_PAYMENT(PAYMENT_ID, CLAIM_ID, RECIPIENT_NAME, RECIPIENT_ADDRESS, PAYMENT_AMOUNT, BANK, PAYMENT_DATE, STATUS) VALUES
(644895, 846979, 'Kamala Abernathy', '13 Rocky'||CHR(13)||CHR(10)
||'	First'||CHR(13)||CHR(10)
||'	Freeway', 16895.69, 'Citigroup', '01/01/2010 02:39:26', ' Not Payed');
INSERT INTO public.CLAIM_PAYMENT(PAYMENT_ID, CLAIM_ID, RECIPIENT_NAME, RECIPIENT_ADDRESS, PAYMENT_AMOUNT, BANK, PAYMENT_DATE, STATUS) VALUES
(285946, 801851, 'Naomi Hibbard', '86 East Green Old'||CHR(13)||CHR(10)
||'	Road', 46533.96, 'Citigroup', '09/30/2014 21:02:09', ' Payed ');
INSERT INTO public.CLAIM_PAYMENT(PAYMENT_ID, CLAIM_ID, RECIPIENT_NAME, RECIPIENT_ADDRESS, PAYMENT_AMOUNT, BANK, PAYMENT_DATE, STATUS) VALUES
(182306, 477637, 'Milford Dodd', '55 South Oak'||CHR(13)||CHR(10)
||'	Road', 41346.22, 'Citigroup', '09/24/2014 12:40:32', ' Not Payed');
INSERT INTO public.CLAIM_PAYMENT(PAYMENT_ID, CLAIM_ID, RECIPIENT_NAME, RECIPIENT_ADDRESS, PAYMENT_AMOUNT, BANK, PAYMENT_DATE, STATUS) VALUES
(285942, 936973, 'Cindy Shores', '816 Oak'||CHR(13)||CHR(10)
||'	Way', 4313.77, 'Chase', '10/30/2013 06:54:06', ' Payed ');
INSERT INTO public.CLAIM_PAYMENT(PAYMENT_ID, CLAIM_ID, RECIPIENT_NAME, RECIPIENT_ADDRESS, PAYMENT_AMOUNT, BANK, PAYMENT_DATE, STATUS) VALUES
(285943, 567635, 'Devin Holiday', '30 East White Second'||CHR(13)||CHR(10)
||'	Street', 6228.32, 'Chase', '04/28/2014 11:35:36', ' Payed ');
INSERT INTO public.CLAIM_PAYMENT(PAYMENT_ID, CLAIM_ID, RECIPIENT_NAME, RECIPIENT_ADDRESS, PAYMENT_AMOUNT, BANK, PAYMENT_DATE, STATUS) VALUES
(976980, 846976, 'Jann Navarrete', '65 New'||CHR(13)||CHR(10)
||'	Way', 25478.8, 'Chase', '09/30/2017 21:41:52', ' Not Payed');

--
-- Inserting data into table public.COMMUNICATES
--
INSERT INTO public.COMMUNICATES(AGENT_ID, ADJUSTER_ID) VALUES
(875465, 450042);
INSERT INTO public.COMMUNICATES(AGENT_ID, ADJUSTER_ID) VALUES
(533929, 650173);
INSERT INTO public.COMMUNICATES(AGENT_ID, ADJUSTER_ID) VALUES
(450040, 533926);
INSERT INTO public.COMMUNICATES(AGENT_ID, ADJUSTER_ID) VALUES
(965463, 360042);
INSERT INTO public.COMMUNICATES(AGENT_ID, ADJUSTER_ID) VALUES
(360042, 965460);
INSERT INTO public.COMMUNICATES(AGENT_ID, ADJUSTER_ID) VALUES
(740171, 740172);
INSERT INTO public.COMMUNICATES(AGENT_ID, ADJUSTER_ID) VALUES
(965459, 623926);
INSERT INTO public.COMMUNICATES(AGENT_ID, ADJUSTER_ID) VALUES
(360038, 650171);
INSERT INTO public.COMMUNICATES(AGENT_ID, ADJUSTER_ID) VALUES
(450039, 999999);
INSERT INTO public.COMMUNICATES(AGENT_ID, ADJUSTER_ID) VALUES
(875462, 875461);
INSERT INTO public.COMMUNICATES(AGENT_ID, ADJUSTER_ID) VALUES
(450042, 740175);
INSERT INTO public.COMMUNICATES(AGENT_ID, ADJUSTER_ID) VALUES
(360041, 875462);
INSERT INTO public.COMMUNICATES(AGENT_ID, ADJUSTER_ID) VALUES
(272694, 360043);
INSERT INTO public.COMMUNICATES(AGENT_ID, ADJUSTER_ID) VALUES
(965461, 623925);
INSERT INTO public.COMMUNICATES(AGENT_ID, ADJUSTER_ID) VALUES
(450041, 533928);
INSERT INTO public.COMMUNICATES(AGENT_ID, ADJUSTER_ID) VALUES
(360039, 965461);
INSERT INTO public.COMMUNICATES(AGENT_ID, ADJUSTER_ID) VALUES
(650174, 965463);
INSERT INTO public.COMMUNICATES(AGENT_ID, ADJUSTER_ID) VALUES
(182692, 740173);
INSERT INTO public.COMMUNICATES(AGENT_ID, ADJUSTER_ID) VALUES
(965460, 740171);
INSERT INTO public.COMMUNICATES(AGENT_ID, ADJUSTER_ID) VALUES
(450044, 272694);
INSERT INTO public.COMMUNICATES(AGENT_ID, ADJUSTER_ID) VALUES
(875461, 875463);
INSERT INTO public.COMMUNICATES(AGENT_ID, ADJUSTER_ID) VALUES
(623930, 450039);
INSERT INTO public.COMMUNICATES(AGENT_ID, ADJUSTER_ID) VALUES
(875466, 623930);
INSERT INTO public.COMMUNICATES(AGENT_ID, ADJUSTER_ID) VALUES
(740172, 740174);
INSERT INTO public.COMMUNICATES(AGENT_ID, ADJUSTER_ID) VALUES
(999999, 965462);
INSERT INTO public.COMMUNICATES(AGENT_ID, ADJUSTER_ID) VALUES
(965464, 650174);
INSERT INTO public.COMMUNICATES(AGENT_ID, ADJUSTER_ID) VALUES
(272693, 360040);
INSERT INTO public.COMMUNICATES(AGENT_ID, ADJUSTER_ID) VALUES
(360040, 623927);
INSERT INTO public.COMMUNICATES(AGENT_ID, ADJUSTER_ID) VALUES
(740173, 272692);
INSERT INTO public.COMMUNICATES(AGENT_ID, ADJUSTER_ID) VALUES
(623925, 182693);
INSERT INTO public.COMMUNICATES(AGENT_ID, ADJUSTER_ID) VALUES
(182693, 182692);
INSERT INTO public.COMMUNICATES(AGENT_ID, ADJUSTER_ID) VALUES
(650171, 533927);
INSERT INTO public.COMMUNICATES(AGENT_ID, ADJUSTER_ID) VALUES
(272692, 623929);
INSERT INTO public.COMMUNICATES(AGENT_ID, ADJUSTER_ID) VALUES
(623926, 360038);
INSERT INTO public.COMMUNICATES(AGENT_ID, ADJUSTER_ID) VALUES
(533926, 875465);
INSERT INTO public.COMMUNICATES(AGENT_ID, ADJUSTER_ID) VALUES
(533927, 965459);
INSERT INTO public.COMMUNICATES(AGENT_ID, ADJUSTER_ID) VALUES
(533925, 450040);
INSERT INTO public.COMMUNICATES(AGENT_ID, ADJUSTER_ID) VALUES
(360043, 533925);
INSERT INTO public.COMMUNICATES(AGENT_ID, ADJUSTER_ID) VALUES
(623929, 875466);
INSERT INTO public.COMMUNICATES(AGENT_ID, ADJUSTER_ID) VALUES
(650172, 450041);
INSERT INTO public.COMMUNICATES(AGENT_ID, ADJUSTER_ID) VALUES
(533928, 360039);
INSERT INTO public.COMMUNICATES(AGENT_ID, ADJUSTER_ID) VALUES
(965462, 875464);
INSERT INTO public.COMMUNICATES(AGENT_ID, ADJUSTER_ID) VALUES
(875464, 360041);
INSERT INTO public.COMMUNICATES(AGENT_ID, ADJUSTER_ID) VALUES
(740174, 650172);
INSERT INTO public.COMMUNICATES(AGENT_ID, ADJUSTER_ID) VALUES
(875463, 272693);
INSERT INTO public.COMMUNICATES(AGENT_ID, ADJUSTER_ID) VALUES
(650173, 533929);
INSERT INTO public.COMMUNICATES(AGENT_ID, ADJUSTER_ID) VALUES
(623928, 450043);
INSERT INTO public.COMMUNICATES(AGENT_ID, ADJUSTER_ID) VALUES
(740175, 450044);
INSERT INTO public.COMMUNICATES(AGENT_ID, ADJUSTER_ID) VALUES
(450043, 623928);
INSERT INTO public.COMMUNICATES(AGENT_ID, ADJUSTER_ID) VALUES
(623927, 965464);

--
-- Inserting data into table public.CREDIT
--
INSERT INTO public.CREDIT(PAYMENT_ID, POLICY_ID, TYPE, CARD_NUMBER, CVV, EXPIARY_DATE) VALUES
(100046, 826969, ' American ', 6245441816985475, 562, 2011);
INSERT INTO public.CREDIT(PAYMENT_ID, POLICY_ID, TYPE, CARD_NUMBER, CVV, EXPIARY_DATE) VALUES
(100008, 826967, ' American ', 3539075413026374, 986, 2004);
INSERT INTO public.CREDIT(PAYMENT_ID, POLICY_ID, TYPE, CARD_NUMBER, CVV, EXPIARY_DATE) VALUES
(100017, 548904, ' Amex ', 6387621055466158, 735, 2021);
INSERT INTO public.CREDIT(PAYMENT_ID, POLICY_ID, TYPE, CARD_NUMBER, CVV, EXPIARY_DATE) VALUES
(100003, 742811, ' Amex ', 5406704749517237, 512, 2014);
INSERT INTO public.CREDIT(PAYMENT_ID, POLICY_ID, TYPE, CARD_NUMBER, CVV, EXPIARY_DATE) VALUES
(100027, 193984, ' American ', 4917980094482673, 883, 2015);
INSERT INTO public.CREDIT(PAYMENT_ID, POLICY_ID, TYPE, CARD_NUMBER, CVV, EXPIARY_DATE) VALUES
(100049, 103986, ' Discover ', 6210464782387915, 938, 2000);
INSERT INTO public.CREDIT(PAYMENT_ID, POLICY_ID, TYPE, CARD_NUMBER, CVV, EXPIARY_DATE) VALUES
(100044, 325373, ' Visa ', 6252802514428938, 771, 2003);
INSERT INTO public.CREDIT(PAYMENT_ID, POLICY_ID, TYPE, CARD_NUMBER, CVV, EXPIARY_DATE) VALUES
(100047, 638907, ' Discover ', 376979052240679, 176, 2016);
INSERT INTO public.CREDIT(PAYMENT_ID, POLICY_ID, TYPE, CARD_NUMBER, CVV, EXPIARY_DATE) VALUES
(100045, 916966, ' American ', 4405275203452769, 919, 2005);
INSERT INTO public.CREDIT(PAYMENT_ID, POLICY_ID, TYPE, CARD_NUMBER, CVV, EXPIARY_DATE) VALUES
(100022, 916965, ' Amex ', 4917023017248374, 318, 2017);
INSERT INTO public.CREDIT(PAYMENT_ID, POLICY_ID, TYPE, CARD_NUMBER, CVV, EXPIARY_DATE) VALUES
(100012, 193983, ' Visa ', 6228582167199769, 425, 2020);
INSERT INTO public.CREDIT(PAYMENT_ID, POLICY_ID, TYPE, CARD_NUMBER, CVV, EXPIARY_DATE) VALUES
(100018, 652812, ' Amex ', 39997057989289, 544, 2009);
INSERT INTO public.CREDIT(PAYMENT_ID, POLICY_ID, TYPE, CARD_NUMBER, CVV, EXPIARY_DATE) VALUES
(100041, 415373, ' Visa ', 373096721414792, 557, 2016);
INSERT INTO public.CREDIT(PAYMENT_ID, POLICY_ID, TYPE, CARD_NUMBER, CVV, EXPIARY_DATE) VALUES
(100013, 415370, ' Visa ', 38410325337217, 214, 2009);
INSERT INTO public.CREDIT(PAYMENT_ID, POLICY_ID, TYPE, CARD_NUMBER, CVV, EXPIARY_DATE) VALUES
(100019, 742813, ' Discover ', 378419719974582, 435, 2002);
INSERT INTO public.CREDIT(PAYMENT_ID, POLICY_ID, TYPE, CARD_NUMBER, CVV, EXPIARY_DATE) VALUES
(100048, 916967, ' Amex ', 30424804694335, 526, 2009);
INSERT INTO public.CREDIT(PAYMENT_ID, POLICY_ID, TYPE, CARD_NUMBER, CVV, EXPIARY_DATE) VALUES
(100014, 742812, ' Visa ', 30506011471414, 178, 2012);
INSERT INTO public.CREDIT(PAYMENT_ID, POLICY_ID, TYPE, CARD_NUMBER, CVV, EXPIARY_DATE) VALUES
(100036, 548905, ' Amex ', 3536537807157597, 828, 2007);
INSERT INTO public.CREDIT(PAYMENT_ID, POLICY_ID, TYPE, CARD_NUMBER, CVV, EXPIARY_DATE) VALUES
(100042, 638906, ' Visa ', 5530263017012370, 261, 2009);
INSERT INTO public.CREDIT(PAYMENT_ID, POLICY_ID, TYPE, CARD_NUMBER, CVV, EXPIARY_DATE) VALUES
(100020, 652813, ' Amex ', 6385286444558396, 505, 2012);
INSERT INTO public.CREDIT(PAYMENT_ID, POLICY_ID, TYPE, CARD_NUMBER, CVV, EXPIARY_DATE) VALUES
(100028, 742815, ' American ', 4913421191923057, 187, 2008);
INSERT INTO public.CREDIT(PAYMENT_ID, POLICY_ID, TYPE, CARD_NUMBER, CVV, EXPIARY_DATE) VALUES
(100037, 652816, ' Discover ', 6397133568372533, 235, 2009);
INSERT INTO public.CREDIT(PAYMENT_ID, POLICY_ID, TYPE, CARD_NUMBER, CVV, EXPIARY_DATE) VALUES
(100009, 103982, ' American ', 38904087204359, 645, 2004);
INSERT INTO public.CREDIT(PAYMENT_ID, POLICY_ID, TYPE, CARD_NUMBER, CVV, EXPIARY_DATE) VALUES
(100015, 638904, ' American ', 5233580347349903, 786, 2008);
INSERT INTO public.CREDIT(PAYMENT_ID, POLICY_ID, TYPE, CARD_NUMBER, CVV, EXPIARY_DATE) VALUES
(100004, 103981, ' American ', 3572207595462212, 696, 2018);
INSERT INTO public.CREDIT(PAYMENT_ID, POLICY_ID, TYPE, CARD_NUMBER, CVV, EXPIARY_DATE) VALUES
(100010, 999999, ' American ', 6246924922185576, 746, 2005);
INSERT INTO public.CREDIT(PAYMENT_ID, POLICY_ID, TYPE, CARD_NUMBER, CVV, EXPIARY_DATE) VALUES
(100023, 742814, ' American ', 6396526736049605, 517, 2005);
INSERT INTO public.CREDIT(PAYMENT_ID, POLICY_ID, TYPE, CARD_NUMBER, CVV, EXPIARY_DATE) VALUES
(100029, 652815, ' Visa ', 6232785425218313, 636, 2010);
INSERT INTO public.CREDIT(PAYMENT_ID, POLICY_ID, TYPE, CARD_NUMBER, CVV, EXPIARY_DATE) VALUES
(100024, 652814, ' Visa ', 5164070336726363, 593, 2009);
INSERT INTO public.CREDIT(PAYMENT_ID, POLICY_ID, TYPE, CARD_NUMBER, CVV, EXPIARY_DATE) VALUES
(100021, 325370, ' Discover ', 6374431717327409, 351, 2007);
INSERT INTO public.CREDIT(PAYMENT_ID, POLICY_ID, TYPE, CARD_NUMBER, CVV, EXPIARY_DATE) VALUES
(100043, 548906, ' American ', 5457088370294037, 340, 2014);
INSERT INTO public.CREDIT(PAYMENT_ID, POLICY_ID, TYPE, CARD_NUMBER, CVV, EXPIARY_DATE) VALUES
(100005, 193982, ' Amex ', 5313696016363935, 495, 2020);
INSERT INTO public.CREDIT(PAYMENT_ID, POLICY_ID, TYPE, CARD_NUMBER, CVV, EXPIARY_DATE) VALUES
(100030, 742816, ' Amex ', 30238747140242, 885, 2015);
INSERT INTO public.CREDIT(PAYMENT_ID, POLICY_ID, TYPE, CARD_NUMBER, CVV, EXPIARY_DATE) VALUES
(100038, 103985, ' Amex ', 4508150262018056, 164, 2005);
INSERT INTO public.CREDIT(PAYMENT_ID, POLICY_ID, TYPE, CARD_NUMBER, CVV, EXPIARY_DATE) VALUES
(100025, 638905, ' Visa ', 5120455426480463, 206, 2018);
INSERT INTO public.CREDIT(PAYMENT_ID, POLICY_ID, TYPE, CARD_NUMBER, CVV, EXPIARY_DATE) VALUES
(100031, 103984, ' Visa ', 3573038832811237, 566, 2005);
INSERT INTO public.CREDIT(PAYMENT_ID, POLICY_ID, TYPE, CARD_NUMBER, CVV, EXPIARY_DATE) VALUES
(100016, 103983, ' American ', 379168064435058, 641, 2005);
INSERT INTO public.CREDIT(PAYMENT_ID, POLICY_ID, TYPE, CARD_NUMBER, CVV, EXPIARY_DATE) VALUES
(100011, 652811, ' Amex ', 30556375960874, 245, 2018);
INSERT INTO public.CREDIT(PAYMENT_ID, POLICY_ID, TYPE, CARD_NUMBER, CVV, EXPIARY_DATE) VALUES
(100000, 652810, ' American ', 347735241099962, 429, 2014);
INSERT INTO public.CREDIT(PAYMENT_ID, POLICY_ID, TYPE, CARD_NUMBER, CVV, EXPIARY_DATE) VALUES
(100033, 193985, ' Discover ', 6370130188067221, 797, 2000);
INSERT INTO public.CREDIT(PAYMENT_ID, POLICY_ID, TYPE, CARD_NUMBER, CVV, EXPIARY_DATE) VALUES
(100039, 826968, ' Amex ', 5500349150648082, 595, 2021);
INSERT INTO public.CREDIT(PAYMENT_ID, POLICY_ID, TYPE, CARD_NUMBER, CVV, EXPIARY_DATE) VALUES
(100026, 415371, ' American ', 340168854471822, 113, 2002);
INSERT INTO public.CREDIT(PAYMENT_ID, POLICY_ID, TYPE, CARD_NUMBER, CVV, EXPIARY_DATE) VALUES
(100032, 325371, ' Discover ', 378993859256513, 361, 2005);
INSERT INTO public.CREDIT(PAYMENT_ID, POLICY_ID, TYPE, CARD_NUMBER, CVV, EXPIARY_DATE) VALUES
(100006, 548903, ' American ', 6278046463309414, 692, 2019);
INSERT INTO public.CREDIT(PAYMENT_ID, POLICY_ID, TYPE, CARD_NUMBER, CVV, EXPIARY_DATE) VALUES
(100034, 415372, ' Amex ', 5258449657090491, 993, 2005);
INSERT INTO public.CREDIT(PAYMENT_ID, POLICY_ID, TYPE, CARD_NUMBER, CVV, EXPIARY_DATE) VALUES
(100040, 193986, ' Amex ', 30142662142292, 898, 2020);
INSERT INTO public.CREDIT(PAYMENT_ID, POLICY_ID, TYPE, CARD_NUMBER, CVV, EXPIARY_DATE) VALUES
(100035, 325372, ' American ', 5418445335233419, 460, 2005);
INSERT INTO public.CREDIT(PAYMENT_ID, POLICY_ID, TYPE, CARD_NUMBER, CVV, EXPIARY_DATE) VALUES
(100001, 638903, ' Discover ', 6398387173514280, 312, 2002);
INSERT INTO public.CREDIT(PAYMENT_ID, POLICY_ID, TYPE, CARD_NUMBER, CVV, EXPIARY_DATE) VALUES
(100007, 916964, ' American ', 4026039296864994, 494, 2019);
INSERT INTO public.CREDIT(PAYMENT_ID, POLICY_ID, TYPE, CARD_NUMBER, CVV, EXPIARY_DATE) VALUES
(100002, 325369, ' American ', 6384462075160577, 545, 2014);

--
-- Inserting data into table public.CUSTOMER_AGENT
--
INSERT INTO public.CUSTOMER_AGENT(CUSTOMER_ID, AGENT_ID) VALUES
(746568, 875465);
INSERT INTO public.CUSTOMER_AGENT(CUSTOMER_ID, AGENT_ID) VALUES
(302175, 533929);
INSERT INTO public.CUSTOMER_AGENT(CUSTOMER_ID, AGENT_ID) VALUES
(968879, 450040);
INSERT INTO public.CUSTOMER_AGENT(CUSTOMER_ID, AGENT_ID) VALUES
(999999, 965463);
INSERT INTO public.CUSTOMER_AGENT(CUSTOMER_ID, AGENT_ID) VALUES
(562218, 360042);
INSERT INTO public.CUSTOMER_AGENT(CUSTOMER_ID, AGENT_ID) VALUES
(472219, 740171);
INSERT INTO public.CUSTOMER_AGENT(CUSTOMER_ID, AGENT_ID) VALUES
(656567, 965459);
INSERT INTO public.CUSTOMER_AGENT(CUSTOMER_ID, AGENT_ID) VALUES
(265963, 360038);
INSERT INTO public.CUSTOMER_AGENT(CUSTOMER_ID, AGENT_ID) VALUES
(968883, 450039);
INSERT INTO public.CUSTOMER_AGENT(CUSTOMER_ID, AGENT_ID) VALUES
(746564, 875462);
INSERT INTO public.CUSTOMER_AGENT(CUSTOMER_ID, AGENT_ID) VALUES
(392176, 450042);
INSERT INTO public.CUSTOMER_AGENT(CUSTOMER_ID, AGENT_ID) VALUES
(746563, 360041);
INSERT INTO public.CUSTOMER_AGENT(CUSTOMER_ID, AGENT_ID) VALUES
(656566, 272694);
INSERT INTO public.CUSTOMER_AGENT(CUSTOMER_ID, AGENT_ID) VALUES
(656562, 965461);
INSERT INTO public.CUSTOMER_AGENT(CUSTOMER_ID, AGENT_ID) VALUES
(878882, 450041);
INSERT INTO public.CUSTOMER_AGENT(CUSTOMER_ID, AGENT_ID) VALUES
(878886, 360039);
INSERT INTO public.CUSTOMER_AGENT(CUSTOMER_ID, AGENT_ID) VALUES
(878881, 650174);
INSERT INTO public.CUSTOMER_AGENT(CUSTOMER_ID, AGENT_ID) VALUES
(175962, 182692);
INSERT INTO public.CUSTOMER_AGENT(CUSTOMER_ID, AGENT_ID) VALUES
(746567, 965460);
INSERT INTO public.CUSTOMER_AGENT(CUSTOMER_ID, AGENT_ID) VALUES
(656563, 450044);
INSERT INTO public.CUSTOMER_AGENT(CUSTOMER_ID, AGENT_ID) VALUES
(656564, 875461);
INSERT INTO public.CUSTOMER_AGENT(CUSTOMER_ID, AGENT_ID) VALUES
(878884, 623930);
INSERT INTO public.CUSTOMER_AGENT(CUSTOMER_ID, AGENT_ID) VALUES
(968878, 875466);
INSERT INTO public.CUSTOMER_AGENT(CUSTOMER_ID, AGENT_ID) VALUES
(472216, 740172);
INSERT INTO public.CUSTOMER_AGENT(CUSTOMER_ID, AGENT_ID) VALUES
(746561, 999999);
INSERT INTO public.CUSTOMER_AGENT(CUSTOMER_ID, AGENT_ID) VALUES
(746562, 965464);
INSERT INTO public.CUSTOMER_AGENT(CUSTOMER_ID, AGENT_ID) VALUES
(392177, 272693);
INSERT INTO public.CUSTOMER_AGENT(CUSTOMER_ID, AGENT_ID) VALUES
(746565, 360040);
INSERT INTO public.CUSTOMER_AGENT(CUSTOMER_ID, AGENT_ID) VALUES
(562217, 740173);
INSERT INTO public.CUSTOMER_AGENT(CUSTOMER_ID, AGENT_ID) VALUES
(175961, 623925);
INSERT INTO public.CUSTOMER_AGENT(CUSTOMER_ID, AGENT_ID) VALUES
(562219, 182693);
INSERT INTO public.CUSTOMER_AGENT(CUSTOMER_ID, AGENT_ID) VALUES
(265961, 650171);
INSERT INTO public.CUSTOMER_AGENT(CUSTOMER_ID, AGENT_ID) VALUES
(656565, 272692);
INSERT INTO public.CUSTOMER_AGENT(CUSTOMER_ID, AGENT_ID) VALUES
(968882, 623926);
INSERT INTO public.CUSTOMER_AGENT(CUSTOMER_ID, AGENT_ID) VALUES
(472217, 533926);
INSERT INTO public.CUSTOMER_AGENT(CUSTOMER_ID, AGENT_ID) VALUES
(878883, 533927);
INSERT INTO public.CUSTOMER_AGENT(CUSTOMER_ID, AGENT_ID) VALUES
(302176, 533925);
INSERT INTO public.CUSTOMER_AGENT(CUSTOMER_ID, AGENT_ID) VALUES
(562216, 360043);
INSERT INTO public.CUSTOMER_AGENT(CUSTOMER_ID, AGENT_ID) VALUES
(302173, 623929);
INSERT INTO public.CUSTOMER_AGENT(CUSTOMER_ID, AGENT_ID) VALUES
(746566, 650172);
INSERT INTO public.CUSTOMER_AGENT(CUSTOMER_ID, AGENT_ID) VALUES
(472218, 533928);
INSERT INTO public.CUSTOMER_AGENT(CUSTOMER_ID, AGENT_ID) VALUES
(968880, 965462);
INSERT INTO public.CUSTOMER_AGENT(CUSTOMER_ID, AGENT_ID) VALUES
(968881, 875464);
INSERT INTO public.CUSTOMER_AGENT(CUSTOMER_ID, AGENT_ID) VALUES
(656561, 740174);
INSERT INTO public.CUSTOMER_AGENT(CUSTOMER_ID, AGENT_ID) VALUES
(265962, 875463);
INSERT INTO public.CUSTOMER_AGENT(CUSTOMER_ID, AGENT_ID) VALUES
(878885, 650173);
INSERT INTO public.CUSTOMER_AGENT(CUSTOMER_ID, AGENT_ID) VALUES
(302177, 623928);
INSERT INTO public.CUSTOMER_AGENT(CUSTOMER_ID, AGENT_ID) VALUES
(392174, 740175);
INSERT INTO public.CUSTOMER_AGENT(CUSTOMER_ID, AGENT_ID) VALUES
(392175, 450043);
INSERT INTO public.CUSTOMER_AGENT(CUSTOMER_ID, AGENT_ID) VALUES
(302174, 623927);

--
-- Inserting data into table public.CUSTOMER_CLAIM
--
INSERT INTO public.CUSTOMER_CLAIM(CUSTOMER_ID, CLAIM_ID) VALUES
(746568, 425289);
INSERT INTO public.CUSTOMER_CLAIM(CUSTOMER_ID, CLAIM_ID) VALUES
(302175, 189915);
INSERT INTO public.CUSTOMER_CLAIM(CUSTOMER_ID, CLAIM_ID) VALUES
(968879, 335285);
INSERT INTO public.CUSTOMER_CLAIM(CUSTOMER_ID, CLAIM_ID) VALUES
(999999, 936974);
INSERT INTO public.CUSTOMER_CLAIM(CUSTOMER_ID, CLAIM_ID) VALUES
(562218, 425287);
INSERT INTO public.CUSTOMER_CLAIM(CUSTOMER_ID, CLAIM_ID) VALUES
(472219, 189917);
INSERT INTO public.CUSTOMER_CLAIM(CUSTOMER_ID, CLAIM_ID) VALUES
(656567, 846980);
INSERT INTO public.CUSTOMER_CLAIM(CUSTOMER_ID, CLAIM_ID) VALUES
(265963, 711851);
INSERT INTO public.CUSTOMER_CLAIM(CUSTOMER_ID, CLAIM_ID) VALUES
(968883, 335288);
INSERT INTO public.CUSTOMER_CLAIM(CUSTOMER_ID, CLAIM_ID) VALUES
(746564, 711848);
INSERT INTO public.CUSTOMER_CLAIM(CUSTOMER_ID, CLAIM_ID) VALUES
(392176, 936975);
INSERT INTO public.CUSTOMER_CLAIM(CUSTOMER_ID, CLAIM_ID) VALUES
(746563, 279916);
INSERT INTO public.CUSTOMER_CLAIM(CUSTOMER_ID, CLAIM_ID) VALUES
(656566, 425288);
INSERT INTO public.CUSTOMER_CLAIM(CUSTOMER_ID, CLAIM_ID) VALUES
(656562, 477635);
INSERT INTO public.CUSTOMER_CLAIM(CUSTOMER_ID, CLAIM_ID) VALUES
(878882, 711847);
INSERT INTO public.CUSTOMER_CLAIM(CUSTOMER_ID, CLAIM_ID) VALUES
(878886, 801852);
INSERT INTO public.CUSTOMER_CLAIM(CUSTOMER_ID, CLAIM_ID) VALUES
(878881, 335284);
INSERT INTO public.CUSTOMER_CLAIM(CUSTOMER_ID, CLAIM_ID) VALUES
(175962, 567638);
INSERT INTO public.CUSTOMER_CLAIM(CUSTOMER_ID, CLAIM_ID) VALUES
(746567, 936977);
INSERT INTO public.CUSTOMER_CLAIM(CUSTOMER_ID, CLAIM_ID) VALUES
(656563, 801848);
INSERT INTO public.CUSTOMER_CLAIM(CUSTOMER_ID, CLAIM_ID) VALUES
(656564, 801849);
INSERT INTO public.CUSTOMER_CLAIM(CUSTOMER_ID, CLAIM_ID) VALUES
(878884, 477638);
INSERT INTO public.CUSTOMER_CLAIM(CUSTOMER_ID, CLAIM_ID) VALUES
(968878, 846977);
INSERT INTO public.CUSTOMER_CLAIM(CUSTOMER_ID, CLAIM_ID) VALUES
(472216, 801847);
INSERT INTO public.CUSTOMER_CLAIM(CUSTOMER_ID, CLAIM_ID) VALUES
(746561, 711846);
INSERT INTO public.CUSTOMER_CLAIM(CUSTOMER_ID, CLAIM_ID) VALUES
(746562, 425284);
INSERT INTO public.CUSTOMER_CLAIM(CUSTOMER_ID, CLAIM_ID) VALUES
(392177, 425286);
INSERT INTO public.CUSTOMER_CLAIM(CUSTOMER_ID, CLAIM_ID) VALUES
(746565, 335287);
INSERT INTO public.CUSTOMER_CLAIM(CUSTOMER_ID, CLAIM_ID) VALUES
(562217, 335286);
INSERT INTO public.CUSTOMER_CLAIM(CUSTOMER_ID, CLAIM_ID) VALUES
(175961, 846978);
INSERT INTO public.CUSTOMER_CLAIM(CUSTOMER_ID, CLAIM_ID) VALUES
(562219, 279917);
INSERT INTO public.CUSTOMER_CLAIM(CUSTOMER_ID, CLAIM_ID) VALUES
(265961, 477634);
INSERT INTO public.CUSTOMER_CLAIM(CUSTOMER_ID, CLAIM_ID) VALUES
(656565, 936976);
INSERT INTO public.CUSTOMER_CLAIM(CUSTOMER_ID, CLAIM_ID) VALUES
(968882, 801850);
INSERT INTO public.CUSTOMER_CLAIM(CUSTOMER_ID, CLAIM_ID) VALUES
(472217, 567636);
INSERT INTO public.CUSTOMER_CLAIM(CUSTOMER_ID, CLAIM_ID) VALUES
(878883, 189916);
INSERT INTO public.CUSTOMER_CLAIM(CUSTOMER_ID, CLAIM_ID) VALUES
(302176, 425285);
INSERT INTO public.CUSTOMER_CLAIM(CUSTOMER_ID, CLAIM_ID) VALUES
(562216, 999999);
INSERT INTO public.CUSTOMER_CLAIM(CUSTOMER_ID, CLAIM_ID) VALUES
(302173, 335283);
INSERT INTO public.CUSTOMER_CLAIM(CUSTOMER_ID, CLAIM_ID) VALUES
(746566, 711849);
INSERT INTO public.CUSTOMER_CLAIM(CUSTOMER_ID, CLAIM_ID) VALUES
(472218, 711850);
INSERT INTO public.CUSTOMER_CLAIM(CUSTOMER_ID, CLAIM_ID) VALUES
(968880, 477636);
INSERT INTO public.CUSTOMER_CLAIM(CUSTOMER_ID, CLAIM_ID) VALUES
(968881, 567637);
INSERT INTO public.CUSTOMER_CLAIM(CUSTOMER_ID, CLAIM_ID) VALUES
(656561, 279915);
INSERT INTO public.CUSTOMER_CLAIM(CUSTOMER_ID, CLAIM_ID) VALUES
(265962, 846979);
INSERT INTO public.CUSTOMER_CLAIM(CUSTOMER_ID, CLAIM_ID) VALUES
(878885, 801851);
INSERT INTO public.CUSTOMER_CLAIM(CUSTOMER_ID, CLAIM_ID) VALUES
(302177, 477637);
INSERT INTO public.CUSTOMER_CLAIM(CUSTOMER_ID, CLAIM_ID) VALUES
(392174, 936973);
INSERT INTO public.CUSTOMER_CLAIM(CUSTOMER_ID, CLAIM_ID) VALUES
(392175, 567635);
INSERT INTO public.CUSTOMER_CLAIM(CUSTOMER_ID, CLAIM_ID) VALUES
(302174, 846976);

--
-- Inserting data into table public.CUSTOMER_POLICY
--
INSERT INTO public.CUSTOMER_POLICY(CUSTOMER_ID, POLICY_ID) VALUES
(746568, 826969);
INSERT INTO public.CUSTOMER_POLICY(CUSTOMER_ID, POLICY_ID) VALUES
(302175, 826967);
INSERT INTO public.CUSTOMER_POLICY(CUSTOMER_ID, POLICY_ID) VALUES
(968879, 548904);
INSERT INTO public.CUSTOMER_POLICY(CUSTOMER_ID, POLICY_ID) VALUES
(999999, 742811);
INSERT INTO public.CUSTOMER_POLICY(CUSTOMER_ID, POLICY_ID) VALUES
(562218, 193984);
INSERT INTO public.CUSTOMER_POLICY(CUSTOMER_ID, POLICY_ID) VALUES
(472219, 103986);
INSERT INTO public.CUSTOMER_POLICY(CUSTOMER_ID, POLICY_ID) VALUES
(656567, 325373);
INSERT INTO public.CUSTOMER_POLICY(CUSTOMER_ID, POLICY_ID) VALUES
(265963, 638907);
INSERT INTO public.CUSTOMER_POLICY(CUSTOMER_ID, POLICY_ID) VALUES
(968883, 916966);
INSERT INTO public.CUSTOMER_POLICY(CUSTOMER_ID, POLICY_ID) VALUES
(746564, 916965);
INSERT INTO public.CUSTOMER_POLICY(CUSTOMER_ID, POLICY_ID) VALUES
(392176, 193983);
INSERT INTO public.CUSTOMER_POLICY(CUSTOMER_ID, POLICY_ID) VALUES
(746563, 652812);
INSERT INTO public.CUSTOMER_POLICY(CUSTOMER_ID, POLICY_ID) VALUES
(656566, 415373);
INSERT INTO public.CUSTOMER_POLICY(CUSTOMER_ID, POLICY_ID) VALUES
(656562, 415370);
INSERT INTO public.CUSTOMER_POLICY(CUSTOMER_ID, POLICY_ID) VALUES
(878882, 742813);
INSERT INTO public.CUSTOMER_POLICY(CUSTOMER_ID, POLICY_ID) VALUES
(878886, 916967);
INSERT INTO public.CUSTOMER_POLICY(CUSTOMER_ID, POLICY_ID) VALUES
(878881, 742812);
INSERT INTO public.CUSTOMER_POLICY(CUSTOMER_ID, POLICY_ID) VALUES
(175962, 548905);
INSERT INTO public.CUSTOMER_POLICY(CUSTOMER_ID, POLICY_ID) VALUES
(746567, 638906);
INSERT INTO public.CUSTOMER_POLICY(CUSTOMER_ID, POLICY_ID) VALUES
(656563, 652813);
INSERT INTO public.CUSTOMER_POLICY(CUSTOMER_ID, POLICY_ID) VALUES
(656564, 742815);
INSERT INTO public.CUSTOMER_POLICY(CUSTOMER_ID, POLICY_ID) VALUES
(878884, 652816);
INSERT INTO public.CUSTOMER_POLICY(CUSTOMER_ID, POLICY_ID) VALUES
(968878, 103982);
INSERT INTO public.CUSTOMER_POLICY(CUSTOMER_ID, POLICY_ID) VALUES
(472216, 638904);
INSERT INTO public.CUSTOMER_POLICY(CUSTOMER_ID, POLICY_ID) VALUES
(746561, 103981);
INSERT INTO public.CUSTOMER_POLICY(CUSTOMER_ID, POLICY_ID) VALUES
(746562, 999999);
INSERT INTO public.CUSTOMER_POLICY(CUSTOMER_ID, POLICY_ID) VALUES
(392177, 742814);
INSERT INTO public.CUSTOMER_POLICY(CUSTOMER_ID, POLICY_ID) VALUES
(746565, 652815);
INSERT INTO public.CUSTOMER_POLICY(CUSTOMER_ID, POLICY_ID) VALUES
(562217, 652814);
INSERT INTO public.CUSTOMER_POLICY(CUSTOMER_ID, POLICY_ID) VALUES
(175961, 325370);
INSERT INTO public.CUSTOMER_POLICY(CUSTOMER_ID, POLICY_ID) VALUES
(562219, 548906);
INSERT INTO public.CUSTOMER_POLICY(CUSTOMER_ID, POLICY_ID) VALUES
(265961, 193982);
INSERT INTO public.CUSTOMER_POLICY(CUSTOMER_ID, POLICY_ID) VALUES
(656565, 742816);
INSERT INTO public.CUSTOMER_POLICY(CUSTOMER_ID, POLICY_ID) VALUES
(968882, 103985);
INSERT INTO public.CUSTOMER_POLICY(CUSTOMER_ID, POLICY_ID) VALUES
(472217, 638905);
INSERT INTO public.CUSTOMER_POLICY(CUSTOMER_ID, POLICY_ID) VALUES
(878883, 103984);
INSERT INTO public.CUSTOMER_POLICY(CUSTOMER_ID, POLICY_ID) VALUES
(302176, 103983);
INSERT INTO public.CUSTOMER_POLICY(CUSTOMER_ID, POLICY_ID) VALUES
(562216, 652811);
INSERT INTO public.CUSTOMER_POLICY(CUSTOMER_ID, POLICY_ID) VALUES
(302173, 652810);
INSERT INTO public.CUSTOMER_POLICY(CUSTOMER_ID, POLICY_ID) VALUES
(746566, 193985);
INSERT INTO public.CUSTOMER_POLICY(CUSTOMER_ID, POLICY_ID) VALUES
(472218, 826968);
INSERT INTO public.CUSTOMER_POLICY(CUSTOMER_ID, POLICY_ID) VALUES
(968880, 415371);
INSERT INTO public.CUSTOMER_POLICY(CUSTOMER_ID, POLICY_ID) VALUES
(968881, 325371);
INSERT INTO public.CUSTOMER_POLICY(CUSTOMER_ID, POLICY_ID) VALUES
(656561, 548903);
INSERT INTO public.CUSTOMER_POLICY(CUSTOMER_ID, POLICY_ID) VALUES
(265962, 415372);
INSERT INTO public.CUSTOMER_POLICY(CUSTOMER_ID, POLICY_ID) VALUES
(878885, 193986);
INSERT INTO public.CUSTOMER_POLICY(CUSTOMER_ID, POLICY_ID) VALUES
(302177, 325372);
INSERT INTO public.CUSTOMER_POLICY(CUSTOMER_ID, POLICY_ID) VALUES
(392174, 638903);
INSERT INTO public.CUSTOMER_POLICY(CUSTOMER_ID, POLICY_ID) VALUES
(392175, 916964);
INSERT INTO public.CUSTOMER_POLICY(CUSTOMER_ID, POLICY_ID) VALUES
(302174, 325369);

--
-- Inserting data into table public.DEBIT
--
INSERT INTO public.DEBIT(PAYMENT_ID, POLICY_ID, TYPE, CARD_NUMBER, CVV, EXPIARY_DATE) VALUES
(224968, 826969, ' Discover ', 6226013807186877, 684, 2013);
INSERT INTO public.DEBIT(PAYMENT_ID, POLICY_ID, TYPE, CARD_NUMBER, CVV, EXPIARY_DATE) VALUES
(764050, 826967, ' Amex ', 5508582459004142, 711, 2020);
INSERT INTO public.DEBIT(PAYMENT_ID, POLICY_ID, TYPE, CARD_NUMBER, CVV, EXPIARY_DATE) VALUES
(414226, 548904, ' Discover ', 30362754660791, 997, 2020);
INSERT INTO public.DEBIT(PAYMENT_ID, POLICY_ID, TYPE, CARD_NUMBER, CVV, EXPIARY_DATE) VALUES
(224965, 742811, ' American ', 6228507132606283, 500, 2017);
INSERT INTO public.DEBIT(PAYMENT_ID, POLICY_ID, TYPE, CARD_NUMBER, CVV, EXPIARY_DATE) VALUES
(224966, 193984, ' Discover ', 30545572604658, 197, 2016);
INSERT INTO public.DEBIT(PAYMENT_ID, POLICY_ID, TYPE, CARD_NUMBER, CVV, EXPIARY_DATE) VALUES
(849651, 103986, ' Visa ', 4175003406778709, 677, 2004);
INSERT INTO public.DEBIT(PAYMENT_ID, POLICY_ID, TYPE, CARD_NUMBER, CVV, EXPIARY_DATE) VALUES
(414228, 325373, ' Amex ', 6226012631908043, 586, 2008);
INSERT INTO public.DEBIT(PAYMENT_ID, POLICY_ID, TYPE, CARD_NUMBER, CVV, EXPIARY_DATE) VALUES
(324228, 638907, ' Amex ', 4917131744428514, 535, 2018);
INSERT INTO public.DEBIT(PAYMENT_ID, POLICY_ID, TYPE, CARD_NUMBER, CVV, EXPIARY_DATE) VALUES
(764055, 916966, ' Amex ', 30114917819115, 285, 2017);
INSERT INTO public.DEBIT(PAYMENT_ID, POLICY_ID, TYPE, CARD_NUMBER, CVV, EXPIARY_DATE) VALUES
(465064, 916965, ' Amex ', 3546987932515862, 527, 2007);
INSERT INTO public.DEBIT(PAYMENT_ID, POLICY_ID, TYPE, CARD_NUMBER, CVV, EXPIARY_DATE) VALUES
(555063, 193983, ' Amex ', 3555321373706467, 512, 2014);
INSERT INTO public.DEBIT(PAYMENT_ID, POLICY_ID, TYPE, CARD_NUMBER, CVV, EXPIARY_DATE) VALUES
(465063, 652812, ' Discover ', 38939798433236, 455, 2015);
INSERT INTO public.DEBIT(PAYMENT_ID, POLICY_ID, TYPE, CARD_NUMBER, CVV, EXPIARY_DATE) VALUES
(939648, 415373, ' American ', 6228757670995982, 779, 2003);
INSERT INTO public.DEBIT(PAYMENT_ID, POLICY_ID, TYPE, CARD_NUMBER, CVV, EXPIARY_DATE) VALUES
(764051, 415370, ' Visa ', 349383053683454, 632, 2001);
INSERT INTO public.DEBIT(PAYMENT_ID, POLICY_ID, TYPE, CARD_NUMBER, CVV, EXPIARY_DATE) VALUES
(764052, 742813, ' Discover ', 6263977847525134, 854, 2009);
INSERT INTO public.DEBIT(PAYMENT_ID, POLICY_ID, TYPE, CARD_NUMBER, CVV, EXPIARY_DATE) VALUES
(465067, 916967, ' Amex ', 5251344255904986, 226, 2021);
INSERT INTO public.DEBIT(PAYMENT_ID, POLICY_ID, TYPE, CARD_NUMBER, CVV, EXPIARY_DATE) VALUES
(849648, 742812, ' Discover ', 6396726562712371, 937, 2013);
INSERT INTO public.DEBIT(PAYMENT_ID, POLICY_ID, TYPE, CARD_NUMBER, CVV, EXPIARY_DATE) VALUES
(764054, 548905, ' Visa ', 6382149305117962, 885, 2006);
INSERT INTO public.DEBIT(PAYMENT_ID, POLICY_ID, TYPE, CARD_NUMBER, CVV, EXPIARY_DATE) VALUES
(555067, 638906, ' American ', 6398924355689884, 228, 2001);
INSERT INTO public.DEBIT(PAYMENT_ID, POLICY_ID, TYPE, CARD_NUMBER, CVV, EXPIARY_DATE) VALUES
(555064, 652813, ' Visa ', 6203547557362441, 327, 2001);
INSERT INTO public.DEBIT(PAYMENT_ID, POLICY_ID, TYPE, CARD_NUMBER, CVV, EXPIARY_DATE) VALUES
(764053, 742815, ' Discover ', 3530007118548328, 649, 2009);
INSERT INTO public.DEBIT(PAYMENT_ID, POLICY_ID, TYPE, CARD_NUMBER, CVV, EXPIARY_DATE) VALUES
(224967, 652816, ' American ', 5251614726002176, 852, 2017);
INSERT INTO public.DEBIT(PAYMENT_ID, POLICY_ID, TYPE, CARD_NUMBER, CVV, EXPIARY_DATE) VALUES
(414225, 103982, ' Discover ', 345462497993770, 860, 2020);
INSERT INTO public.DEBIT(PAYMENT_ID, POLICY_ID, TYPE, CARD_NUMBER, CVV, EXPIARY_DATE) VALUES
(324225, 638904, ' Visa ', 6261736967044876, 825, 2008);
INSERT INTO public.DEBIT(PAYMENT_ID, POLICY_ID, TYPE, CARD_NUMBER, CVV, EXPIARY_DATE) VALUES
(134965, 103981, ' American ', 370789877435727, 487, 2013);
INSERT INTO public.DEBIT(PAYMENT_ID, POLICY_ID, TYPE, CARD_NUMBER, CVV, EXPIARY_DATE) VALUES
(674050, 999999, ' Visa ', 4917946896152616, 730, 2000);
INSERT INTO public.DEBIT(PAYMENT_ID, POLICY_ID, TYPE, CARD_NUMBER, CVV, EXPIARY_DATE) VALUES
(324226, 742814, ' American ', 5435600691709845, 645, 2006);
INSERT INTO public.DEBIT(PAYMENT_ID, POLICY_ID, TYPE, CARD_NUMBER, CVV, EXPIARY_DATE) VALUES
(849649, 652815, ' Discover ', 3587034143689036, 818, 2007);
INSERT INTO public.DEBIT(PAYMENT_ID, POLICY_ID, TYPE, CARD_NUMBER, CVV, EXPIARY_DATE) VALUES
(414227, 652814, ' Visa ', 372845483409452, 625, 2020);
INSERT INTO public.DEBIT(PAYMENT_ID, POLICY_ID, TYPE, CARD_NUMBER, CVV, EXPIARY_DATE) VALUES
(939646, 325370, ' American ', 6379039315266286, 474, 2005);
INSERT INTO public.DEBIT(PAYMENT_ID, POLICY_ID, TYPE, CARD_NUMBER, CVV, EXPIARY_DATE) VALUES
(674054, 548906, ' Visa ', 6224689497932035, 339, 2000);
INSERT INTO public.DEBIT(PAYMENT_ID, POLICY_ID, TYPE, CARD_NUMBER, CVV, EXPIARY_DATE) VALUES
(555062, 193982, ' Discover ', 5200524625066200, 160, 2004);
INSERT INTO public.DEBIT(PAYMENT_ID, POLICY_ID, TYPE, CARD_NUMBER, CVV, EXPIARY_DATE) VALUES
(465065, 742816, ' Visa ', 375319749055746, 251, 2020);
INSERT INTO public.DEBIT(PAYMENT_ID, POLICY_ID, TYPE, CARD_NUMBER, CVV, EXPIARY_DATE) VALUES
(134967, 103985, ' Amex ', 5295143864720025, 886, 2013);
INSERT INTO public.DEBIT(PAYMENT_ID, POLICY_ID, TYPE, CARD_NUMBER, CVV, EXPIARY_DATE) VALUES
(674052, 638905, ' Amex ', 30131765207169, 177, 2016);
INSERT INTO public.DEBIT(PAYMENT_ID, POLICY_ID, TYPE, CARD_NUMBER, CVV, EXPIARY_DATE) VALUES
(939647, 103984, ' Amex ', 38185482960296, 352, 2014);
INSERT INTO public.DEBIT(PAYMENT_ID, POLICY_ID, TYPE, CARD_NUMBER, CVV, EXPIARY_DATE) VALUES
(674051, 103983, ' Visa ', 6244750097023041, 945, 2007);
INSERT INTO public.DEBIT(PAYMENT_ID, POLICY_ID, TYPE, CARD_NUMBER, CVV, EXPIARY_DATE) VALUES
(465062, 652811, ' Amex ', 6373646089147694, 299, 2021);
INSERT INTO public.DEBIT(PAYMENT_ID, POLICY_ID, TYPE, CARD_NUMBER, CVV, EXPIARY_DATE) VALUES
(134964, 652810, ' Visa ', 5590777556342291, 134, 2002);
INSERT INTO public.DEBIT(PAYMENT_ID, POLICY_ID, TYPE, CARD_NUMBER, CVV, EXPIARY_DATE) VALUES
(134966, 193985, ' American ', 5256058103892756, 544, 2009);
INSERT INTO public.DEBIT(PAYMENT_ID, POLICY_ID, TYPE, CARD_NUMBER, CVV, EXPIARY_DATE) VALUES
(849650, 826968, ' American ', 6227456261879769, 193, 2001);
INSERT INTO public.DEBIT(PAYMENT_ID, POLICY_ID, TYPE, CARD_NUMBER, CVV, EXPIARY_DATE) VALUES
(555065, 415371, ' American ', 4917613281256259, 365, 2021);
INSERT INTO public.DEBIT(PAYMENT_ID, POLICY_ID, TYPE, CARD_NUMBER, CVV, EXPIARY_DATE) VALUES
(674053, 325371, ' Visa ', 5271570746841512, 484, 2017);
INSERT INTO public.DEBIT(PAYMENT_ID, POLICY_ID, TYPE, CARD_NUMBER, CVV, EXPIARY_DATE) VALUES
(999999, 548903, ' Discover ', 30180768945002, 242, 2007);
INSERT INTO public.DEBIT(PAYMENT_ID, POLICY_ID, TYPE, CARD_NUMBER, CVV, EXPIARY_DATE) VALUES
(324227, 415372, ' American ', 3556020650081177, 921, 2003);
INSERT INTO public.DEBIT(PAYMENT_ID, POLICY_ID, TYPE, CARD_NUMBER, CVV, EXPIARY_DATE) VALUES
(465066, 193986, ' Visa ', 6293524501937041, 652, 2005);
INSERT INTO public.DEBIT(PAYMENT_ID, POLICY_ID, TYPE, CARD_NUMBER, CVV, EXPIARY_DATE) VALUES
(555066, 325372, ' Discover ', 343585903630115, 918, 2012);
INSERT INTO public.DEBIT(PAYMENT_ID, POLICY_ID, TYPE, CARD_NUMBER, CVV, EXPIARY_DATE) VALUES
(849647, 638903, ' Amex ', 30265254190666, 354, 2015);
INSERT INTO public.DEBIT(PAYMENT_ID, POLICY_ID, TYPE, CARD_NUMBER, CVV, EXPIARY_DATE) VALUES
(324224, 916964, ' American ', 3558872906639812, 485, 2009);
INSERT INTO public.DEBIT(PAYMENT_ID, POLICY_ID, TYPE, CARD_NUMBER, CVV, EXPIARY_DATE) VALUES
(939645, 325369, ' Amex ', 6230036548559171, 282, 2018);

--
-- Inserting data into table public.DEPENDANT
--
INSERT INTO public.DEPENDANT(DEPENDANT_ID, POLICY_ID, NAME, SOCIAL_SECURITY, DATE_OF_BIRTH) VALUES
(287332, 193985, 'Woodrow Lassiter', 610989168, '06/10/1958 00:00:00');
INSERT INTO public.DEPENDANT(DEPENDANT_ID, POLICY_ID, NAME, SOCIAL_SECURITY, DATE_OF_BIRTH) VALUES
(537121, 325373, 'Carma Abbott', 108242102, '05/11/1951 00:00:00');
INSERT INTO public.DEPENDANT(DEPENDANT_ID, POLICY_ID, NAME, SOCIAL_SECURITY, DATE_OF_BIRTH) VALUES
(999999, 652814, 'Tonya Spinks', 371057985, '02/03/1991 00:00:00');
INSERT INTO public.DEPENDANT(DEPENDANT_ID, POLICY_ID, NAME, SOCIAL_SECURITY, DATE_OF_BIRTH) VALUES
(894459, NULL, 'Arlen Burch', 359842130, '02/04/1943 00:00:00');
INSERT INTO public.DEPENDANT(DEPENDANT_ID, POLICY_ID, NAME, SOCIAL_SECURITY, DATE_OF_BIRTH) VALUES
(377333, 193986, 'Daisy Roth', 809276545, '03/14/1954 00:00:00');
INSERT INTO public.DEPENDANT(DEPENDANT_ID, POLICY_ID, NAME, SOCIAL_SECURITY, DATE_OF_BIRTH) VALUES
(699735, NULL, 'Berta Hoffmann', 824354193, '06/18/1961 00:00:00');
INSERT INTO public.DEPENDANT(DEPENDANT_ID, POLICY_ID, NAME, SOCIAL_SECURITY, DATE_OF_BIRTH) VALUES
(287333, 325370, 'Freeman Nugent', 470547702, '07/26/1995 00:00:00');
INSERT INTO public.DEPENDANT(DEPENDANT_ID, POLICY_ID, NAME, SOCIAL_SECURITY, DATE_OF_BIRTH) VALUES
(984457, NULL, 'Theo Alonzo', 103823256, '10/03/1967 00:00:00');
INSERT INTO public.DEPENDANT(DEPENDANT_ID, POLICY_ID, NAME, SOCIAL_SECURITY, DATE_OF_BIRTH) VALUES
(789736, NULL, 'Gayle Acosta', 402091026, '06/03/2004 00:00:00');
INSERT INTO public.DEPENDANT(DEPENDANT_ID, POLICY_ID, NAME, SOCIAL_SECURITY, DATE_OF_BIRTH) VALUES
(377334, 826969, 'Karrie Regan', 304462772, '05/11/1931 00:00:00');
INSERT INTO public.DEPENDANT(DEPENDANT_ID, POLICY_ID, NAME, SOCIAL_SECURITY, DATE_OF_BIRTH) VALUES
(627122, 638904, 'Lindsey Buford', 475534591, '07/23/1951 00:00:00');
INSERT INTO public.DEPENDANT(DEPENDANT_ID, POLICY_ID, NAME, SOCIAL_SECURITY, DATE_OF_BIRTH) VALUES
(894460, 548904, 'Celsa Abel', 153197256, '09/07/1983 00:00:00');
INSERT INTO public.DEPENDANT(DEPENDANT_ID, POLICY_ID, NAME, SOCIAL_SECURITY, DATE_OF_BIRTH) VALUES
(984458, 638905, 'Boyd Hoyle', 373313587, '01/05/1948 00:00:00');
INSERT INTO public.DEPENDANT(DEPENDANT_ID, POLICY_ID, NAME, SOCIAL_SECURITY, DATE_OF_BIRTH) VALUES
(894461, NULL, 'Abram Abernathy', 978064947, '04/20/1952 00:00:00');
INSERT INTO public.DEPENDANT(DEPENDANT_ID, POLICY_ID, NAME, SOCIAL_SECURITY, DATE_OF_BIRTH) VALUES
(537122, 325369, 'Nicol Gaffney', 476431948, '12/07/2008 00:00:00');
INSERT INTO public.DEPENDANT(DEPENDANT_ID, POLICY_ID, NAME, SOCIAL_SECURITY, DATE_OF_BIRTH) VALUES
(287334, 415371, 'Adolfo Lacroix', 783003164, '06/19/1933 00:00:00');
INSERT INTO public.DEPENDANT(DEPENDANT_ID, POLICY_ID, NAME, SOCIAL_SECURITY, DATE_OF_BIRTH) VALUES
(984459, 548904, 'Denny Rosen', 722856281, '03/11/1951 00:00:00');
INSERT INTO public.DEPENDANT(DEPENDANT_ID, POLICY_ID, NAME, SOCIAL_SECURITY, DATE_OF_BIRTH) VALUES
(894462, 916966, 'Marci Schaefer', 294748150, '05/11/1991 00:00:00');
INSERT INTO public.DEPENDANT(DEPENDANT_ID, POLICY_ID, NAME, SOCIAL_SECURITY, DATE_OF_BIRTH) VALUES
(377335, 103986, 'Terrance Maxey', 487354864, '12/13/1993 00:00:00');
INSERT INTO public.DEPENDANT(DEPENDANT_ID, POLICY_ID, NAME, SOCIAL_SECURITY, DATE_OF_BIRTH) VALUES
(287335, 652816, 'Terrance Abel', 220354428, '11/20/1999 00:00:00');
INSERT INTO public.DEPENDANT(DEPENDANT_ID, POLICY_ID, NAME, SOCIAL_SECURITY, DATE_OF_BIRTH) VALUES
(627123, 193982, 'Shawn Valentin', 674842700, '06/18/1941 00:00:00');
INSERT INTO public.DEPENDANT(DEPENDANT_ID, POLICY_ID, NAME, SOCIAL_SECURITY, DATE_OF_BIRTH) VALUES
(377336, 548906, 'Hollis Bickford', 298711177, '03/14/1995 00:00:00');
INSERT INTO public.DEPENDANT(DEPENDANT_ID, POLICY_ID, NAME, SOCIAL_SECURITY, DATE_OF_BIRTH) VALUES
(699736, 652810, 'Lourdes Everhart', 829904197, '07/13/1995 00:00:00');
INSERT INTO public.DEPENDANT(DEPENDANT_ID, POLICY_ID, NAME, SOCIAL_SECURITY, DATE_OF_BIRTH) VALUES
(246926, 652813, 'Detra Hutto', 838333607, '01/15/1933 00:00:00');
INSERT INTO public.DEPENDANT(DEPENDANT_ID, POLICY_ID, NAME, SOCIAL_SECURITY, DATE_OF_BIRTH) VALUES
(287336, 916965, 'Tony Antoine', 396068521, '10/11/1962 00:00:00');
INSERT INTO public.DEPENDANT(DEPENDANT_ID, POLICY_ID, NAME, SOCIAL_SECURITY, DATE_OF_BIRTH) VALUES
(377337, 916966, 'Orville Allman', 866567784, '03/15/1951 00:00:00');
INSERT INTO public.DEPENDANT(DEPENDANT_ID, POLICY_ID, NAME, SOCIAL_SECURITY, DATE_OF_BIRTH) VALUES
(287337, 742814, 'Shelton Cowan', 319444103, '08/21/1982 00:00:00');
INSERT INTO public.DEPENDANT(DEPENDANT_ID, POLICY_ID, NAME, SOCIAL_SECURITY, DATE_OF_BIRTH) VALUES
(377338, 638907, 'Hisako Clanton', 989288963, '03/26/1951 00:00:00');
INSERT INTO public.DEPENDANT(DEPENDANT_ID, POLICY_ID, NAME, SOCIAL_SECURITY, DATE_OF_BIRTH) VALUES
(984460, 638904, 'Cecilia Ralston', 911843669, '08/22/1973 00:00:00');
INSERT INTO public.DEPENDANT(DEPENDANT_ID, POLICY_ID, NAME, SOCIAL_SECURITY, DATE_OF_BIRTH) VALUES
(156926, 638905, 'Dominic Rankin', 375443646, '03/28/1964 00:00:00');
INSERT INTO public.DEPENDANT(DEPENDANT_ID, POLICY_ID, NAME, SOCIAL_SECURITY, DATE_OF_BIRTH) VALUES
(894463, 638903, 'Porsche Salerno', 512358442, '05/11/2003 00:00:00');
INSERT INTO public.DEPENDANT(DEPENDANT_ID, POLICY_ID, NAME, SOCIAL_SECURITY, DATE_OF_BIRTH) VALUES
(789737, 103983, 'Ernie Cohn', 177784114, '05/11/1921 00:00:00');
INSERT INTO public.DEPENDANT(DEPENDANT_ID, POLICY_ID, NAME, SOCIAL_SECURITY, DATE_OF_BIRTH) VALUES
(287338, 415372, 'Orlando Esparza', 486364061, '09/08/1957 00:00:00');
INSERT INTO public.DEPENDANT(DEPENDANT_ID, POLICY_ID, NAME, SOCIAL_SECURITY, DATE_OF_BIRTH) VALUES
(984461, 325370, 'Wendi Abel', 860671350, '11/07/1975 00:00:00');
INSERT INTO public.DEPENDANT(DEPENDANT_ID, POLICY_ID, NAME, SOCIAL_SECURITY, DATE_OF_BIRTH) VALUES
(246927, 193986, 'Adaline Boatwright', 776561252, '06/11/1986 00:00:00');
INSERT INTO public.DEPENDANT(DEPENDANT_ID, POLICY_ID, NAME, SOCIAL_SECURITY, DATE_OF_BIRTH) VALUES
(537123, 193985, 'Karl Heinz', 605261233, '03/17/1967 00:00:00');
INSERT INTO public.DEPENDANT(DEPENDANT_ID, POLICY_ID, NAME, SOCIAL_SECURITY, DATE_OF_BIRTH) VALUES
(377339, 916967, 'Abel Demarco', 251000959, '07/23/1931 00:00:00');
INSERT INTO public.DEPENDANT(DEPENDANT_ID, POLICY_ID, NAME, SOCIAL_SECURITY, DATE_OF_BIRTH) VALUES
(699737, 415372, 'Pearlie Flint', 207526467, '12/31/1951 00:00:00');
INSERT INTO public.DEPENDANT(DEPENDANT_ID, POLICY_ID, NAME, SOCIAL_SECURITY, DATE_OF_BIRTH) VALUES
(156927, 325369, 'Tiffany Whited', 621825228, '10/23/1934 00:00:00');
INSERT INTO public.DEPENDANT(DEPENDANT_ID, POLICY_ID, NAME, SOCIAL_SECURITY, DATE_OF_BIRTH) VALUES
(287339, 193983, 'Abby Mcclain', 956407959, '05/21/1971 00:00:00');
INSERT INTO public.DEPENDANT(DEPENDANT_ID, POLICY_ID, NAME, SOCIAL_SECURITY, DATE_OF_BIRTH) VALUES
(377340, 415370, 'Lindsey Bryan', 336801802, '04/20/1932 00:00:00');
INSERT INTO public.DEPENDANT(DEPENDANT_ID, POLICY_ID, NAME, SOCIAL_SECURITY, DATE_OF_BIRTH) VALUES
(894464, 652813, 'Kimberli Runyan', 531796195, '06/21/2001 00:00:00');
INSERT INTO public.DEPENDANT(DEPENDANT_ID, POLICY_ID, NAME, SOCIAL_SECURITY, DATE_OF_BIRTH) VALUES
(789738, 548906, 'Lane Roman', 997208967, '03/11/1931 00:00:00');
INSERT INTO public.DEPENDANT(DEPENDANT_ID, POLICY_ID, NAME, SOCIAL_SECURITY, DATE_OF_BIRTH) VALUES
(984462, 103985, 'Crissy Tyner', 306364443, '06/18/2001 00:00:00');
INSERT INTO public.DEPENDANT(DEPENDANT_ID, POLICY_ID, NAME, SOCIAL_SECURITY, DATE_OF_BIRTH) VALUES
(699738, 638906, 'Shona Talbot', 786528012, '11/04/1994 00:00:00');
INSERT INTO public.DEPENDANT(DEPENDANT_ID, POLICY_ID, NAME, SOCIAL_SECURITY, DATE_OF_BIRTH) VALUES
(246928, 916964, 'Isreal Ackerman', 763922054, '05/14/1943 00:00:00');
INSERT INTO public.DEPENDANT(DEPENDANT_ID, POLICY_ID, NAME, SOCIAL_SECURITY, DATE_OF_BIRTH) VALUES
(156928, 548904, 'Ima Newkirk', 886175496, '09/11/2006 00:00:00');
INSERT INTO public.DEPENDANT(DEPENDANT_ID, POLICY_ID, NAME, SOCIAL_SECURITY, DATE_OF_BIRTH) VALUES
(789739, 652816, 'Dorthea Ackerman', 170681782, '04/24/1932 00:00:00');
INSERT INTO public.DEPENDANT(DEPENDANT_ID, POLICY_ID, NAME, SOCIAL_SECURITY, DATE_OF_BIRTH) VALUES
(699739, 652810, 'Randell Montague', 841145514, '04/13/1935 00:00:00');
INSERT INTO public.DEPENDANT(DEPENDANT_ID, POLICY_ID, NAME, SOCIAL_SECURITY, DATE_OF_BIRTH) VALUES
(627124, 916967, 'Chan Justice', 123984326, '10/07/1975 00:00:00');

--
-- Inserting data into table public.HEALTH_INSURANCE
--
INSERT INTO public.HEALTH_INSURANCE(POLICY_ID, PLAN_CATEGORY, OUT_OF_POCKET_MAXIMUM, TOBACCO_USE, AGE, PRE_EXISTING_CONDITIONS, NUMBER_OF_DEPENDANTS, ESTIMATED_COPAY) VALUES
(916966, 'HMO', 4516.81, 'N', '05/18/1914 00:00:00', 'Y', 7, 421.12);
INSERT INTO public.HEALTH_INSURANCE(POLICY_ID, PLAN_CATEGORY, OUT_OF_POCKET_MAXIMUM, TOBACCO_USE, AGE, PRE_EXISTING_CONDITIONS, NUMBER_OF_DEPENDANTS, ESTIMATED_COPAY) VALUES
(742814, 'EPO', 4625.72, 'N', '12/25/2013 00:00:00', 'N', 4, 1277.15);
INSERT INTO public.HEALTH_INSURANCE(POLICY_ID, PLAN_CATEGORY, OUT_OF_POCKET_MAXIMUM, TOBACCO_USE, AGE, PRE_EXISTING_CONDITIONS, NUMBER_OF_DEPENDANTS, ESTIMATED_COPAY) VALUES
(638903, 'HMO', 1675.32, 'N', '11/20/1991 00:00:00', 'Y', 9, 877.98);
INSERT INTO public.HEALTH_INSURANCE(POLICY_ID, PLAN_CATEGORY, OUT_OF_POCKET_MAXIMUM, TOBACCO_USE, AGE, PRE_EXISTING_CONDITIONS, NUMBER_OF_DEPENDANTS, ESTIMATED_COPAY) VALUES
(916964, 'EPO', 4335.11, 'N', '02/14/1901 00:00:00', 'N', 0, 430.43);
INSERT INTO public.HEALTH_INSURANCE(POLICY_ID, PLAN_CATEGORY, OUT_OF_POCKET_MAXIMUM, TOBACCO_USE, AGE, PRE_EXISTING_CONDITIONS, NUMBER_OF_DEPENDANTS, ESTIMATED_COPAY) VALUES
(325369, 'POS', 3823.27, 'Y', '09/07/1912 00:00:00', 'N', 3, 714.37);
INSERT INTO public.HEALTH_INSURANCE(POLICY_ID, PLAN_CATEGORY, OUT_OF_POCKET_MAXIMUM, TOBACCO_USE, AGE, PRE_EXISTING_CONDITIONS, NUMBER_OF_DEPENDANTS, ESTIMATED_COPAY) VALUES
(916967, 'PPO', 3902.38, 'Y', '07/05/1969 00:00:00', 'Y', 5, 742.97);
INSERT INTO public.HEALTH_INSURANCE(POLICY_ID, PLAN_CATEGORY, OUT_OF_POCKET_MAXIMUM, TOBACCO_USE, AGE, PRE_EXISTING_CONDITIONS, NUMBER_OF_DEPENDANTS, ESTIMATED_COPAY) VALUES
(325372, 'EPO', 3969.1, 'N', '01/23/1998 00:00:00', 'Y', 0, 469.65);
INSERT INTO public.HEALTH_INSURANCE(POLICY_ID, PLAN_CATEGORY, OUT_OF_POCKET_MAXIMUM, TOBACCO_USE, AGE, PRE_EXISTING_CONDITIONS, NUMBER_OF_DEPENDANTS, ESTIMATED_COPAY) VALUES
(826967, 'POS', 1547.95, 'N', '08/28/1915 00:00:00', 'Y', 7, 1466.72);
INSERT INTO public.HEALTH_INSURANCE(POLICY_ID, PLAN_CATEGORY, OUT_OF_POCKET_MAXIMUM, TOBACCO_USE, AGE, PRE_EXISTING_CONDITIONS, NUMBER_OF_DEPENDANTS, ESTIMATED_COPAY) VALUES
(638904, 'POS', 4084.85, 'Y', '08/07/1901 00:00:00', 'N', 5, 864.27);
INSERT INTO public.HEALTH_INSURANCE(POLICY_ID, PLAN_CATEGORY, OUT_OF_POCKET_MAXIMUM, TOBACCO_USE, AGE, PRE_EXISTING_CONDITIONS, NUMBER_OF_DEPENDANTS, ESTIMATED_COPAY) VALUES
(826969, 'HDH', 2518.88, 'N', '06/28/1933 00:00:00', 'Y', 0, 484.97);
INSERT INTO public.HEALTH_INSURANCE(POLICY_ID, PLAN_CATEGORY, OUT_OF_POCKET_MAXIMUM, TOBACCO_USE, AGE, PRE_EXISTING_CONDITIONS, NUMBER_OF_DEPENDANTS, ESTIMATED_COPAY) VALUES
(325370, 'HDH', 1966.75, 'N', '03/24/1958 00:00:00', 'N', 8, 363.59);
INSERT INTO public.HEALTH_INSURANCE(POLICY_ID, PLAN_CATEGORY, OUT_OF_POCKET_MAXIMUM, TOBACCO_USE, AGE, PRE_EXISTING_CONDITIONS, NUMBER_OF_DEPENDANTS, ESTIMATED_COPAY) VALUES
(415373, 'EPO', 3306.79, 'N', '01/05/1948 00:00:00', 'N', 6, 1169.66);
INSERT INTO public.HEALTH_INSURANCE(POLICY_ID, PLAN_CATEGORY, OUT_OF_POCKET_MAXIMUM, TOBACCO_USE, AGE, PRE_EXISTING_CONDITIONS, NUMBER_OF_DEPENDANTS, ESTIMATED_COPAY) VALUES
(742811, 'EPO', 3328.44, 'Y', '08/21/1960 00:00:00', 'Y', 0, 359.9);
INSERT INTO public.HEALTH_INSURANCE(POLICY_ID, PLAN_CATEGORY, OUT_OF_POCKET_MAXIMUM, TOBACCO_USE, AGE, PRE_EXISTING_CONDITIONS, NUMBER_OF_DEPENDANTS, ESTIMATED_COPAY) VALUES
(103982, 'EPO', 2901.22, 'Y', '09/10/2018 00:00:00', 'N', 7, 674.05);
INSERT INTO public.HEALTH_INSURANCE(POLICY_ID, PLAN_CATEGORY, OUT_OF_POCKET_MAXIMUM, TOBACCO_USE, AGE, PRE_EXISTING_CONDITIONS, NUMBER_OF_DEPENDANTS, ESTIMATED_COPAY) VALUES
(548905, 'POS', 3062.93, 'N', '04/11/1929 00:00:00', 'Y', 3, 980.55);
INSERT INTO public.HEALTH_INSURANCE(POLICY_ID, PLAN_CATEGORY, OUT_OF_POCKET_MAXIMUM, TOBACCO_USE, AGE, PRE_EXISTING_CONDITIONS, NUMBER_OF_DEPENDANTS, ESTIMATED_COPAY) VALUES
(638906, 'HMO', 4973.21, 'N', '11/30/1964 00:00:00', 'N', 9, 377.8);
INSERT INTO public.HEALTH_INSURANCE(POLICY_ID, PLAN_CATEGORY, OUT_OF_POCKET_MAXIMUM, TOBACCO_USE, AGE, PRE_EXISTING_CONDITIONS, NUMBER_OF_DEPENDANTS, ESTIMATED_COPAY) VALUES
(103981, 'HDH', 4422.04, 'Y', '07/09/1934 00:00:00', 'Y', 1, 611.71);
INSERT INTO public.HEALTH_INSURANCE(POLICY_ID, PLAN_CATEGORY, OUT_OF_POCKET_MAXIMUM, TOBACCO_USE, AGE, PRE_EXISTING_CONDITIONS, NUMBER_OF_DEPENDANTS, ESTIMATED_COPAY) VALUES
(652815, 'HMO', 2323.86, 'Y', '12/26/1971 00:00:00', 'Y', 4, 1443.5);
INSERT INTO public.HEALTH_INSURANCE(POLICY_ID, PLAN_CATEGORY, OUT_OF_POCKET_MAXIMUM, TOBACCO_USE, AGE, PRE_EXISTING_CONDITIONS, NUMBER_OF_DEPENDANTS, ESTIMATED_COPAY) VALUES
(325373, 'POS', 3512.83, 'Y', '12/04/1914 00:00:00', 'N', 5, 314.4);
INSERT INTO public.HEALTH_INSURANCE(POLICY_ID, PLAN_CATEGORY, OUT_OF_POCKET_MAXIMUM, TOBACCO_USE, AGE, PRE_EXISTING_CONDITIONS, NUMBER_OF_DEPENDANTS, ESTIMATED_COPAY) VALUES
(652816, 'POS', 4765.82, 'Y', '08/11/1908 00:00:00', 'N', 5, 333.21);
INSERT INTO public.HEALTH_INSURANCE(POLICY_ID, PLAN_CATEGORY, OUT_OF_POCKET_MAXIMUM, TOBACCO_USE, AGE, PRE_EXISTING_CONDITIONS, NUMBER_OF_DEPENDANTS, ESTIMATED_COPAY) VALUES
(103983, 'HMO', 1949.41, 'N', '01/08/1904 00:00:00', 'Y', 8, 889.08);
INSERT INTO public.HEALTH_INSURANCE(POLICY_ID, PLAN_CATEGORY, OUT_OF_POCKET_MAXIMUM, TOBACCO_USE, AGE, PRE_EXISTING_CONDITIONS, NUMBER_OF_DEPENDANTS, ESTIMATED_COPAY) VALUES
(999999, 'HMO', 1467.58, 'Y', '12/17/1912 00:00:00', 'Y', 4, 486.44);
INSERT INTO public.HEALTH_INSURANCE(POLICY_ID, PLAN_CATEGORY, OUT_OF_POCKET_MAXIMUM, TOBACCO_USE, AGE, PRE_EXISTING_CONDITIONS, NUMBER_OF_DEPENDANTS, ESTIMATED_COPAY) VALUES
(652814, 'PPO', 3030.34, 'N', '01/09/1901 00:00:00', 'N', 1, 1435.18);
INSERT INTO public.HEALTH_INSURANCE(POLICY_ID, PLAN_CATEGORY, OUT_OF_POCKET_MAXIMUM, TOBACCO_USE, AGE, PRE_EXISTING_CONDITIONS, NUMBER_OF_DEPENDANTS, ESTIMATED_COPAY) VALUES
(652811, 'EPO', 3490.41, 'Y', '12/30/1942 00:00:00', 'N', 0, 1053.15);
INSERT INTO public.HEALTH_INSURANCE(POLICY_ID, PLAN_CATEGORY, OUT_OF_POCKET_MAXIMUM, TOBACCO_USE, AGE, PRE_EXISTING_CONDITIONS, NUMBER_OF_DEPENDANTS, ESTIMATED_COPAY) VALUES
(193982, 'EPO', 2675.4, 'Y', '06/08/1976 00:00:00', 'N', 4, 820.74);
INSERT INTO public.HEALTH_INSURANCE(POLICY_ID, PLAN_CATEGORY, OUT_OF_POCKET_MAXIMUM, TOBACCO_USE, AGE, PRE_EXISTING_CONDITIONS, NUMBER_OF_DEPENDANTS, ESTIMATED_COPAY) VALUES
(638907, 'PPO', 3935.42, 'N', '01/07/1911 00:00:00', 'N', 0, 1244.39);
INSERT INTO public.HEALTH_INSURANCE(POLICY_ID, PLAN_CATEGORY, OUT_OF_POCKET_MAXIMUM, TOBACCO_USE, AGE, PRE_EXISTING_CONDITIONS, NUMBER_OF_DEPENDANTS, ESTIMATED_COPAY) VALUES
(652810, 'PPO', 2948, 'N', '10/02/1902 00:00:00', 'N', 4, 721.73);
INSERT INTO public.HEALTH_INSURANCE(POLICY_ID, PLAN_CATEGORY, OUT_OF_POCKET_MAXIMUM, TOBACCO_USE, AGE, PRE_EXISTING_CONDITIONS, NUMBER_OF_DEPENDANTS, ESTIMATED_COPAY) VALUES
(742816, 'HMO', 4568.09, 'N', '03/03/2012 00:00:00', 'N', 0, 228.37);
INSERT INTO public.HEALTH_INSURANCE(POLICY_ID, PLAN_CATEGORY, OUT_OF_POCKET_MAXIMUM, TOBACCO_USE, AGE, PRE_EXISTING_CONDITIONS, NUMBER_OF_DEPENDANTS, ESTIMATED_COPAY) VALUES
(548903, 'POS', 3519.82, 'N', '12/31/1907 00:00:00', 'N', 8, 1425.27);
INSERT INTO public.HEALTH_INSURANCE(POLICY_ID, PLAN_CATEGORY, OUT_OF_POCKET_MAXIMUM, TOBACCO_USE, AGE, PRE_EXISTING_CONDITIONS, NUMBER_OF_DEPENDANTS, ESTIMATED_COPAY) VALUES
(638905, 'PPO', 1394.42, 'N', '03/30/1994 00:00:00', 'Y', 6, 1223.17);
INSERT INTO public.HEALTH_INSURANCE(POLICY_ID, PLAN_CATEGORY, OUT_OF_POCKET_MAXIMUM, TOBACCO_USE, AGE, PRE_EXISTING_CONDITIONS, NUMBER_OF_DEPENDANTS, ESTIMATED_COPAY) VALUES
(103984, 'HDH', 4628.88, 'N', '10/27/1926 00:00:00', 'N', 9, 905.36);
INSERT INTO public.HEALTH_INSURANCE(POLICY_ID, PLAN_CATEGORY, OUT_OF_POCKET_MAXIMUM, TOBACCO_USE, AGE, PRE_EXISTING_CONDITIONS, NUMBER_OF_DEPENDANTS, ESTIMATED_COPAY) VALUES
(415371, 'HDH', 3585.53, 'N', '08/22/2003 00:00:00', 'Y', 5, 980.76);
INSERT INTO public.HEALTH_INSURANCE(POLICY_ID, PLAN_CATEGORY, OUT_OF_POCKET_MAXIMUM, TOBACCO_USE, AGE, PRE_EXISTING_CONDITIONS, NUMBER_OF_DEPENDANTS, ESTIMATED_COPAY) VALUES
(103986, 'PPO', 4342.51, 'N', '02/22/1901 00:00:00', 'Y', 1, 557.23);
INSERT INTO public.HEALTH_INSURANCE(POLICY_ID, PLAN_CATEGORY, OUT_OF_POCKET_MAXIMUM, TOBACCO_USE, AGE, PRE_EXISTING_CONDITIONS, NUMBER_OF_DEPENDANTS, ESTIMATED_COPAY) VALUES
(548904, 'HDH', 2092.38, 'Y', '07/18/1901 00:00:00', 'N', 1, 1443.2);
INSERT INTO public.HEALTH_INSURANCE(POLICY_ID, PLAN_CATEGORY, OUT_OF_POCKET_MAXIMUM, TOBACCO_USE, AGE, PRE_EXISTING_CONDITIONS, NUMBER_OF_DEPENDANTS, ESTIMATED_COPAY) VALUES
(193983, 'HDH', 3337.17, 'N', '07/13/1918 00:00:00', 'Y', 0, 255.29);
INSERT INTO public.HEALTH_INSURANCE(POLICY_ID, PLAN_CATEGORY, OUT_OF_POCKET_MAXIMUM, TOBACCO_USE, AGE, PRE_EXISTING_CONDITIONS, NUMBER_OF_DEPENDANTS, ESTIMATED_COPAY) VALUES
(652812, 'HDH', 4523.23, 'N', '05/20/1933 00:00:00', 'N', 4, 899.16);
INSERT INTO public.HEALTH_INSURANCE(POLICY_ID, PLAN_CATEGORY, OUT_OF_POCKET_MAXIMUM, TOBACCO_USE, AGE, PRE_EXISTING_CONDITIONS, NUMBER_OF_DEPENDANTS, ESTIMATED_COPAY) VALUES
(548906, 'POS', 4781.13, 'N', '08/24/1942 00:00:00', 'N', 2, 1262.14);
INSERT INTO public.HEALTH_INSURANCE(POLICY_ID, PLAN_CATEGORY, OUT_OF_POCKET_MAXIMUM, TOBACCO_USE, AGE, PRE_EXISTING_CONDITIONS, NUMBER_OF_DEPENDANTS, ESTIMATED_COPAY) VALUES
(415370, 'PPO', 2721.25, 'Y', '09/20/2017 00:00:00', 'Y', 2, 411.89);
INSERT INTO public.HEALTH_INSURANCE(POLICY_ID, PLAN_CATEGORY, OUT_OF_POCKET_MAXIMUM, TOBACCO_USE, AGE, PRE_EXISTING_CONDITIONS, NUMBER_OF_DEPENDANTS, ESTIMATED_COPAY) VALUES
(103985, 'POS', 4267.22, 'N', '09/05/1909 00:00:00', 'N', 6, 1038.13);
INSERT INTO public.HEALTH_INSURANCE(POLICY_ID, PLAN_CATEGORY, OUT_OF_POCKET_MAXIMUM, TOBACCO_USE, AGE, PRE_EXISTING_CONDITIONS, NUMBER_OF_DEPENDANTS, ESTIMATED_COPAY) VALUES
(325371, 'EPO', 1315.39, 'N', '04/23/1963 00:00:00', 'N', 0, 1215.48);
INSERT INTO public.HEALTH_INSURANCE(POLICY_ID, PLAN_CATEGORY, OUT_OF_POCKET_MAXIMUM, TOBACCO_USE, AGE, PRE_EXISTING_CONDITIONS, NUMBER_OF_DEPENDANTS, ESTIMATED_COPAY) VALUES
(193984, 'HMO', 3091.7, 'N', '11/01/1992 00:00:00', 'Y', 6, 415.97);
INSERT INTO public.HEALTH_INSURANCE(POLICY_ID, PLAN_CATEGORY, OUT_OF_POCKET_MAXIMUM, TOBACCO_USE, AGE, PRE_EXISTING_CONDITIONS, NUMBER_OF_DEPENDANTS, ESTIMATED_COPAY) VALUES
(916965, 'HDH', 4068.85, 'Y', '09/12/2018 00:00:00', 'Y', 7, 683.34);
INSERT INTO public.HEALTH_INSURANCE(POLICY_ID, PLAN_CATEGORY, OUT_OF_POCKET_MAXIMUM, TOBACCO_USE, AGE, PRE_EXISTING_CONDITIONS, NUMBER_OF_DEPENDANTS, ESTIMATED_COPAY) VALUES
(742813, 'POS', 2772.99, 'N', '04/08/1901 00:00:00', 'N', 7, 844.03);
INSERT INTO public.HEALTH_INSURANCE(POLICY_ID, PLAN_CATEGORY, OUT_OF_POCKET_MAXIMUM, TOBACCO_USE, AGE, PRE_EXISTING_CONDITIONS, NUMBER_OF_DEPENDANTS, ESTIMATED_COPAY) VALUES
(742815, 'PPO', 3605.47, 'Y', '09/15/1924 00:00:00', 'N', 5, 1341.71);
INSERT INTO public.HEALTH_INSURANCE(POLICY_ID, PLAN_CATEGORY, OUT_OF_POCKET_MAXIMUM, TOBACCO_USE, AGE, PRE_EXISTING_CONDITIONS, NUMBER_OF_DEPENDANTS, ESTIMATED_COPAY) VALUES
(742812, 'HDH', 1728.42, 'Y', '09/07/1992 00:00:00', 'N', 7, 669.28);
INSERT INTO public.HEALTH_INSURANCE(POLICY_ID, PLAN_CATEGORY, OUT_OF_POCKET_MAXIMUM, TOBACCO_USE, AGE, PRE_EXISTING_CONDITIONS, NUMBER_OF_DEPENDANTS, ESTIMATED_COPAY) VALUES
(193985, 'EPO', 2427.57, 'N', '06/29/1988 00:00:00', 'Y', 3, 167.64);
INSERT INTO public.HEALTH_INSURANCE(POLICY_ID, PLAN_CATEGORY, OUT_OF_POCKET_MAXIMUM, TOBACCO_USE, AGE, PRE_EXISTING_CONDITIONS, NUMBER_OF_DEPENDANTS, ESTIMATED_COPAY) VALUES
(826968, 'PPO', 2006.87, 'N', '02/12/1904 00:00:00', 'N', 5, 1459.12);
INSERT INTO public.HEALTH_INSURANCE(POLICY_ID, PLAN_CATEGORY, OUT_OF_POCKET_MAXIMUM, TOBACCO_USE, AGE, PRE_EXISTING_CONDITIONS, NUMBER_OF_DEPENDANTS, ESTIMATED_COPAY) VALUES
(652813, 'PPO', 4841.88, 'N', '11/14/1901 00:00:00', 'Y', 9, 1103.18);
INSERT INTO public.HEALTH_INSURANCE(POLICY_ID, PLAN_CATEGORY, OUT_OF_POCKET_MAXIMUM, TOBACCO_USE, AGE, PRE_EXISTING_CONDITIONS, NUMBER_OF_DEPENDANTS, ESTIMATED_COPAY) VALUES
(415372, 'HDH', 4086.59, 'Y', '05/10/1903 00:00:00', 'N', 4, 1090.47);
INSERT INTO public.HEALTH_INSURANCE(POLICY_ID, PLAN_CATEGORY, OUT_OF_POCKET_MAXIMUM, TOBACCO_USE, AGE, PRE_EXISTING_CONDITIONS, NUMBER_OF_DEPENDANTS, ESTIMATED_COPAY) VALUES
(193986, 'HMO', 3084.06, 'N', '07/06/1913 00:00:00', 'N', 3, 171.99);

--
-- Inserting data into table public.HOME_INSURANCE
--
INSERT INTO public.HOME_INSURANCE(POLICY_ID, CITY, STATE, ZIP_CODE, ADDRESS, YEAR_BUILT, CONDITION, SQUARE_FOOT, LOT_SIZE, CREDIT_SCORE, MORTGAGE_PAYMENT, MARKET_VALUE, PERSONAL_PROPERTY_REPLACEMENT, PLAN_CATEGORY) VALUES
(652810, 'Jesup', 'Iowa', 16864, '679 South Oak Hwy', 2006, ' Bad', 1688.21, 1.46, 474, 1245.3, 287308.45, ' N', ' Mobile Home ');
INSERT INTO public.HOME_INSURANCE(POLICY_ID, CITY, STATE, ZIP_CODE, ADDRESS, YEAR_BUILT, CONDITION, SQUARE_FOOT, LOT_SIZE, CREDIT_SCORE, MORTGAGE_PAYMENT, MARKET_VALUE, PERSONAL_PROPERTY_REPLACEMENT, PLAN_CATEGORY) VALUES
(415370, 'Audubon', 'Rhode Island', 58559, '185 Market Pkwy', 2015, ' Good ', 1051.5, 2.77, 804, 1841.4, 248431.94, ' N', ' Flat');
INSERT INTO public.HOME_INSURANCE(POLICY_ID, CITY, STATE, ZIP_CODE, ADDRESS, YEAR_BUILT, CONDITION, SQUARE_FOOT, LOT_SIZE, CREDIT_SCORE, MORTGAGE_PAYMENT, MARKET_VALUE, PERSONAL_PROPERTY_REPLACEMENT, PLAN_CATEGORY) VALUES
(103986, 'Pembroke Pines', 'Louisiana', 76624, '888 Ironwood Pkwy', 2016, ' Bad', 1204.85, 2.41, 671, 4884.14, 346759.24, ' Y ', ' Condo ');
INSERT INTO public.HOME_INSURANCE(POLICY_ID, CITY, STATE, ZIP_CODE, ADDRESS, YEAR_BUILT, CONDITION, SQUARE_FOOT, LOT_SIZE, CREDIT_SCORE, MORTGAGE_PAYMENT, MARKET_VALUE, PERSONAL_PROPERTY_REPLACEMENT, PLAN_CATEGORY) VALUES
(916965, 'Marble Falls', 'New Jersey', 32269, '90 Hidden Rockwood Ln', 2021, ' Fair ', 4468.04, 4.1, 541, 3266.68, 243938.43, ' Y ', ' Townhouse ');
INSERT INTO public.HOME_INSURANCE(POLICY_ID, CITY, STATE, ZIP_CODE, ADDRESS, YEAR_BUILT, CONDITION, SQUARE_FOOT, LOT_SIZE, CREDIT_SCORE, MORTGAGE_PAYMENT, MARKET_VALUE, PERSONAL_PROPERTY_REPLACEMENT, PLAN_CATEGORY) VALUES
(548906, 'Zuni', 'Wyoming', 54929, '2756 East Ashwood Loop', 2022, ' Bad', 4856.42, 0.77, 734, 4335.98, 405945.53, ' N', ' Townhouse ');
INSERT INTO public.HOME_INSURANCE(POLICY_ID, CITY, STATE, ZIP_CODE, ADDRESS, YEAR_BUILT, CONDITION, SQUARE_FOOT, LOT_SIZE, CREDIT_SCORE, MORTGAGE_PAYMENT, MARKET_VALUE, PERSONAL_PROPERTY_REPLACEMENT, PLAN_CATEGORY) VALUES
(742815, 'White Swan', 'Indiana', 66172, '69 Hidden Highland Avenue', 2013, ' Fair ', 4157.55, 3.9, 653, 1222.12, 164260.55, ' Y ', ' Flat');
INSERT INTO public.HOME_INSURANCE(POLICY_ID, CITY, STATE, ZIP_CODE, ADDRESS, YEAR_BUILT, CONDITION, SQUARE_FOOT, LOT_SIZE, CREDIT_SCORE, MORTGAGE_PAYMENT, MARKET_VALUE, PERSONAL_PROPERTY_REPLACEMENT, PLAN_CATEGORY) VALUES
(103985, 'Jetersville', 'California', 59299, '3810 Rushwood Ave', 2009, ' Good ', 3827.49, 4.7, 717, 1993.23, 468012.45, ' Y ', ' Condo ');
INSERT INTO public.HOME_INSURANCE(POLICY_ID, CITY, STATE, ZIP_CODE, ADDRESS, YEAR_BUILT, CONDITION, SQUARE_FOOT, LOT_SIZE, CREDIT_SCORE, MORTGAGE_PAYMENT, MARKET_VALUE, PERSONAL_PROPERTY_REPLACEMENT, PLAN_CATEGORY) VALUES
(548903, 'Marble Hill', 'Arkansas', 58154, '654 Deepwood Parkway', 2025, ' Poor ', 2048.04, 1.62, 490, 4398.43, 285988.61, ' Y ', ' Home ');
INSERT INTO public.HOME_INSURANCE(POLICY_ID, CITY, STATE, ZIP_CODE, ADDRESS, YEAR_BUILT, CONDITION, SQUARE_FOOT, LOT_SIZE, CREDIT_SCORE, MORTGAGE_PAYMENT, MARKET_VALUE, PERSONAL_PROPERTY_REPLACEMENT, PLAN_CATEGORY) VALUES
(193985, 'Casselton', 'Washington', 88560, '3542 Buttonwood Lane', 2014, ' Bad', 3681.83, 0.46, 672, 2144.59, 415417.06, ' Y ', ' Home ');
INSERT INTO public.HOME_INSURANCE(POLICY_ID, CITY, STATE, ZIP_CODE, ADDRESS, YEAR_BUILT, CONDITION, SQUARE_FOOT, LOT_SIZE, CREDIT_SCORE, MORTGAGE_PAYMENT, MARKET_VALUE, PERSONAL_PROPERTY_REPLACEMENT, PLAN_CATEGORY) VALUES
(742813, 'Sultana', 'Washington', 85058, '983 Sharp Hill Ct', 2012, ' Good ', 4070.12, 4.29, 764, 2686.96, 324862.87, ' Y ', ' Condo ');
INSERT INTO public.HOME_INSURANCE(POLICY_ID, CITY, STATE, ZIP_CODE, ADDRESS, YEAR_BUILT, CONDITION, SQUARE_FOOT, LOT_SIZE, CREDIT_SCORE, MORTGAGE_PAYMENT, MARKET_VALUE, PERSONAL_PROPERTY_REPLACEMENT, PLAN_CATEGORY) VALUES
(826968, 'Augusta', 'New York', 30236, '3180 W Rushwood Street', 2009, ' Good ', 4017.33, 0.71, 534, 2424.44, 112221.74, ' Y ', ' Home ');
INSERT INTO public.HOME_INSURANCE(POLICY_ID, CITY, STATE, ZIP_CODE, ADDRESS, YEAR_BUILT, CONDITION, SQUARE_FOOT, LOT_SIZE, CREDIT_SCORE, MORTGAGE_PAYMENT, MARKET_VALUE, PERSONAL_PROPERTY_REPLACEMENT, PLAN_CATEGORY) VALUES
(638903, 'Cassopolis', 'Vermont', 56196, '3156 Ashwood Ct', 2029, ' Fair ', 1286.94, 2.27, 556, 2869.95, 333412.89, ' Y ', ' Mobile Home ');
INSERT INTO public.HOME_INSURANCE(POLICY_ID, CITY, STATE, ZIP_CODE, ADDRESS, YEAR_BUILT, CONDITION, SQUARE_FOOT, LOT_SIZE, CREDIT_SCORE, MORTGAGE_PAYMENT, MARKET_VALUE, PERSONAL_PROPERTY_REPLACEMENT, PLAN_CATEGORY) VALUES
(742812, 'Whiteface', 'Vermont', 38554, '3434 Red Rock Hill Pkwy', 2021, ' Excellent', 2045.11, 1, 409, 2598.69, 484006.55, ' N', ' Apartment ');
INSERT INTO public.HOME_INSURANCE(POLICY_ID, CITY, STATE, ZIP_CODE, ADDRESS, YEAR_BUILT, CONDITION, SQUARE_FOOT, LOT_SIZE, CREDIT_SCORE, MORTGAGE_PAYMENT, MARKET_VALUE, PERSONAL_PROPERTY_REPLACEMENT, PLAN_CATEGORY) VALUES
(415372, 'Jetmore', 'Arizona', 88518, '3793 Riddle Hill Lane', 2020, ' Bad', 2702.66, 0.86, 583, 2449.11, 298749.49, ' N', ' Mobile Home ');
INSERT INTO public.HOME_INSURANCE(POLICY_ID, CITY, STATE, ZIP_CODE, ADDRESS, YEAR_BUILT, CONDITION, SQUARE_FOOT, LOT_SIZE, CREDIT_SCORE, MORTGAGE_PAYMENT, MARKET_VALUE, PERSONAL_PROPERTY_REPLACEMENT, PLAN_CATEGORY) VALUES
(652813, 'Fromberg', 'Montana', 91251, '1000 East Riddle Hill Ct', 2008, ' Good ', 1856.67, 4.02, 478, 1058.89, 367330.12, ' Y ', ' Flat');
INSERT INTO public.HOME_INSURANCE(POLICY_ID, CITY, STATE, ZIP_CODE, ADDRESS, YEAR_BUILT, CONDITION, SQUARE_FOOT, LOT_SIZE, CREDIT_SCORE, MORTGAGE_PAYMENT, MARKET_VALUE, PERSONAL_PROPERTY_REPLACEMENT, PLAN_CATEGORY) VALUES
(742814, 'Dandridge', 'Arizona', 41841, '750 NW Quailwood Ln', 2006, ' Poor ', 1643.63, 3.87, 524, 3198.62, 151429.44, ' N', ' Flat');
INSERT INTO public.HOME_INSURANCE(POLICY_ID, CITY, STATE, ZIP_CODE, ADDRESS, YEAR_BUILT, CONDITION, SQUARE_FOOT, LOT_SIZE, CREDIT_SCORE, MORTGAGE_PAYMENT, MARKET_VALUE, PERSONAL_PROPERTY_REPLACEMENT, PLAN_CATEGORY) VALUES
(652815, 'Santa Cruz', 'Arizona', 42827, '489 Cedar Tree Avenue', 2009, ' Good ', 3358.61, 2.01, 427, 1893.6, 289099.07, ' N', ' Townhouse ');
INSERT INTO public.HOME_INSURANCE(POLICY_ID, CITY, STATE, ZIP_CODE, ADDRESS, YEAR_BUILT, CONDITION, SQUARE_FOOT, LOT_SIZE, CREDIT_SCORE, MORTGAGE_PAYMENT, MARKET_VALUE, PERSONAL_PROPERTY_REPLACEMENT, PLAN_CATEGORY) VALUES
(652814, 'Front Royal', 'North Carolina', 26331, '277 Chapel Hill Road', 2015, ' Bad', 1566.48, 5, 728, 3564.23, 499830.91, ' Y ', ' Apartment ');
INSERT INTO public.HOME_INSURANCE(POLICY_ID, CITY, STATE, ZIP_CODE, ADDRESS, YEAR_BUILT, CONDITION, SQUARE_FOOT, LOT_SIZE, CREDIT_SCORE, MORTGAGE_PAYMENT, MARKET_VALUE, PERSONAL_PROPERTY_REPLACEMENT, PLAN_CATEGORY) VALUES
(916964, 'Sumas', 'Delaware', 15701, '834 South Fox Hill Circle', 2024, ' Bad', 1734.81, 2.15, 723, 3228.84, 109117.34, ' N', ' Flat');
INSERT INTO public.HOME_INSURANCE(POLICY_ID, CITY, STATE, ZIP_CODE, ADDRESS, YEAR_BUILT, CONDITION, SQUARE_FOOT, LOT_SIZE, CREDIT_SCORE, MORTGAGE_PAYMENT, MARKET_VALUE, PERSONAL_PROPERTY_REPLACEMENT, PLAN_CATEGORY) VALUES
(325369, 'Whitefield', 'Utah', 45363, '3003 Fox Hill Hwy', 2007, ' Bad', 2181.49, 2.11, 797, 3508.77, 158961.44, ' N', ' Home ');
INSERT INTO public.HOME_INSURANCE(POLICY_ID, CITY, STATE, ZIP_CODE, ADDRESS, YEAR_BUILT, CONDITION, SQUARE_FOOT, LOT_SIZE, CREDIT_SCORE, MORTGAGE_PAYMENT, MARKET_VALUE, PERSONAL_PROPERTY_REPLACEMENT, PLAN_CATEGORY) VALUES
(638904, 'Pen Argyl', 'South Carolina', 87640, '3136 South Woodcock Circle', 2010, ' Poor ', 3708.23, 1.89, 508, 4509.11, 418618.94, ' N', ' Condo ');
INSERT INTO public.HOME_INSURANCE(POLICY_ID, CITY, STATE, ZIP_CODE, ADDRESS, YEAR_BUILT, CONDITION, SQUARE_FOOT, LOT_SIZE, CREDIT_SCORE, MORTGAGE_PAYMENT, MARKET_VALUE, PERSONAL_PROPERTY_REPLACEMENT, PLAN_CATEGORY) VALUES
(742816, 'Danforth', 'Massachusetts', 48532, '651 Red Front Ln', 2020, ' Excellent', 3835.68, 3.62, 663, 4020.1, 226714.66, ' N', ' Mobile Home ');
INSERT INTO public.HOME_INSURANCE(POLICY_ID, CITY, STATE, ZIP_CODE, ADDRESS, YEAR_BUILT, CONDITION, SQUARE_FOOT, LOT_SIZE, CREDIT_SCORE, MORTGAGE_PAYMENT, MARKET_VALUE, PERSONAL_PROPERTY_REPLACEMENT, PLAN_CATEGORY) VALUES
(826967, 'Santa Fe', 'Virginia', 81494, '3117 Old Riverside Blvd', 2018, ' Excellent', 2201.38, 5, 493, 4647, 470728.6, ' N', ' Condo ');
INSERT INTO public.HOME_INSURANCE(POLICY_ID, CITY, STATE, ZIP_CODE, ADDRESS, YEAR_BUILT, CONDITION, SQUARE_FOOT, LOT_SIZE, CREDIT_SCORE, MORTGAGE_PAYMENT, MARKET_VALUE, PERSONAL_PROPERTY_REPLACEMENT, PLAN_CATEGORY) VALUES
(325370, 'Augusta County', 'Mississippi', 54136, '2928 E Hazelwood Loop', 2006, ' Good ', 2555.5, 4.32, 669, 4643.86, 430369.46, ' N', ' Flat');
INSERT INTO public.HOME_INSURANCE(POLICY_ID, CITY, STATE, ZIP_CODE, ADDRESS, YEAR_BUILT, CONDITION, SQUARE_FOOT, LOT_SIZE, CREDIT_SCORE, MORTGAGE_PAYMENT, MARKET_VALUE, PERSONAL_PROPERTY_REPLACEMENT, PLAN_CATEGORY) VALUES
(742811, 'Casstown', 'Montana', 39363, '1444 East Highland Circle', 2009, ' Bad', 4720.45, 1.48, 556, 3095.73, 400340.44, ' Y ', ' Home ');
INSERT INTO public.HOME_INSURANCE(POLICY_ID, CITY, STATE, ZIP_CODE, ADDRESS, YEAR_BUILT, CONDITION, SQUARE_FOOT, LOT_SIZE, CREDIT_SCORE, MORTGAGE_PAYMENT, MARKET_VALUE, PERSONAL_PROPERTY_REPLACEMENT, PLAN_CATEGORY) VALUES
(103982, 'Penasco', 'Colorado', 30648, '1631 Rockwood Loop', 2027, ' Fair ', 1548.78, 1.09, 567, 1995.24, 373180.57, ' N', ' Apartment ');
INSERT INTO public.HOME_INSURANCE(POLICY_ID, CITY, STATE, ZIP_CODE, ADDRESS, YEAR_BUILT, CONDITION, SQUARE_FOOT, LOT_SIZE, CREDIT_SCORE, MORTGAGE_PAYMENT, MARKET_VALUE, PERSONAL_PROPERTY_REPLACEMENT, PLAN_CATEGORY) VALUES
(103983, 'Santa Fe Springs', 'Tennessee', 40226, '266 Rock Hill Cir', 2025, ' Poor ', 4651.91, 4.06, 453, 3333.37, 450196.88, ' Y ', ' Townhouse ');
INSERT INTO public.HOME_INSURANCE(POLICY_ID, CITY, STATE, ZIP_CODE, ADDRESS, YEAR_BUILT, CONDITION, SQUARE_FOOT, LOT_SIZE, CREDIT_SCORE, MORTGAGE_PAYMENT, MARKET_VALUE, PERSONAL_PROPERTY_REPLACEMENT, PLAN_CATEGORY) VALUES
(638905, 'Pender', 'Arizona', 33943, '2398 N Ski Hill St', 2011, ' Bad', 4147.68, 3.77, 542, 1074.63, 157790.8, ' Y ', ' Mobile Home ');
INSERT INTO public.HOME_INSURANCE(POLICY_ID, CITY, STATE, ZIP_CODE, ADDRESS, YEAR_BUILT, CONDITION, SQUARE_FOOT, LOT_SIZE, CREDIT_SCORE, MORTGAGE_PAYMENT, MARKET_VALUE, PERSONAL_PROPERTY_REPLACEMENT, PLAN_CATEGORY) VALUES
(193986, 'Aulander', 'New Jersey', 16428, '1480 Chapel Hill Ct', 2007, ' Fair ', 3352.86, 3.38, 530, 1567.77, 390350.92, ' N', ' Flat');
INSERT INTO public.HOME_INSURANCE(POLICY_ID, CITY, STATE, ZIP_CODE, ADDRESS, YEAR_BUILT, CONDITION, SQUARE_FOOT, LOT_SIZE, CREDIT_SCORE, MORTGAGE_PAYMENT, MARKET_VALUE, PERSONAL_PROPERTY_REPLACEMENT, PLAN_CATEGORY) VALUES
(826969, 'Santa Margarita', 'New York', 95591, '2768 White Ironwood Pkwy', 2020, ' Bad', 4545.28, 3.84, 849, 2562.38, 272039.55, ' Y ', ' Condo ');
INSERT INTO public.HOME_INSURANCE(POLICY_ID, CITY, STATE, ZIP_CODE, ADDRESS, YEAR_BUILT, CONDITION, SQUARE_FOOT, LOT_SIZE, CREDIT_SCORE, MORTGAGE_PAYMENT, MARKET_VALUE, PERSONAL_PROPERTY_REPLACEMENT, PLAN_CATEGORY) VALUES
(325373, 'Pendergrass', 'California', 11643, '26 Red Hunting Hill Hwy', 2027, ' Excellent', 1150.21, 1.24, 535, 2702.24, 141490.62, ' N', ' Flat');
INSERT INTO public.HOME_INSURANCE(POLICY_ID, CITY, STATE, ZIP_CODE, ADDRESS, YEAR_BUILT, CONDITION, SQUARE_FOOT, LOT_SIZE, CREDIT_SCORE, MORTGAGE_PAYMENT, MARKET_VALUE, PERSONAL_PROPERTY_REPLACEMENT, PLAN_CATEGORY) VALUES
(638907, 'Sumiton', 'Maine', 46267, '967 Bayview St', 2012, ' Good ', 3478.92, 1.41, 803, 4623.52, 465910.61, ' N', ' Flat');
INSERT INTO public.HOME_INSURANCE(POLICY_ID, CITY, STATE, ZIP_CODE, ADDRESS, YEAR_BUILT, CONDITION, SQUARE_FOOT, LOT_SIZE, CREDIT_SCORE, MORTGAGE_PAYMENT, MARKET_VALUE, PERSONAL_PROPERTY_REPLACEMENT, PLAN_CATEGORY) VALUES
(652811, 'Santa Maria', 'California', 24225, '1229 SW Oak Lane', 2023, ' Fair ', 2263.46, 5, 578, 4899.72, 136817.53, ' N', ' Home ');
INSERT INTO public.HOME_INSURANCE(POLICY_ID, CITY, STATE, ZIP_CODE, ADDRESS, YEAR_BUILT, CONDITION, SQUARE_FOOT, LOT_SIZE, CREDIT_SCORE, MORTGAGE_PAYMENT, MARKET_VALUE, PERSONAL_PROPERTY_REPLACEMENT, PLAN_CATEGORY) VALUES
(325372, 'Pendleton', 'Colorado', 58794, '2844 Lake Cir', 2028, ' Excellent', 2785.8, 2.96, 729, 2496.07, 111705.47, ' Y ', ' Apartment ');
INSERT INTO public.HOME_INSURANCE(POLICY_ID, CITY, STATE, ZIP_CODE, ADDRESS, YEAR_BUILT, CONDITION, SQUARE_FOOT, LOT_SIZE, CREDIT_SCORE, MORTGAGE_PAYMENT, MARKET_VALUE, PERSONAL_PROPERTY_REPLACEMENT, PLAN_CATEGORY) VALUES
(103984, 'Whitefish', 'Wisconsin', 10804, '532 3rd Ln', 2007, ' Bad', 4262.8, 2.07, 792, 4496.07, 266258.7, ' N', ' Flat');
INSERT INTO public.HOME_INSURANCE(POLICY_ID, CITY, STATE, ZIP_CODE, ADDRESS, YEAR_BUILT, CONDITION, SQUARE_FOOT, LOT_SIZE, CREDIT_SCORE, MORTGAGE_PAYMENT, MARKET_VALUE, PERSONAL_PROPERTY_REPLACEMENT, PLAN_CATEGORY) VALUES
(103981, 'Summer Shade', 'Arizona', 45351, '27 South Burwood St', 2008, ' Excellent', 2261.27, 0.54, 412, 4787.91, 196069.83, ' Y ', ' Condo ');
INSERT INTO public.HOME_INSURANCE(POLICY_ID, CITY, STATE, ZIP_CODE, ADDRESS, YEAR_BUILT, CONDITION, SQUARE_FOOT, LOT_SIZE, CREDIT_SCORE, MORTGAGE_PAYMENT, MARKET_VALUE, PERSONAL_PROPERTY_REPLACEMENT, PLAN_CATEGORY) VALUES
(548904, 'Marblehead', 'Maine', 88562, '835 3rd Street', 2007, ' Bad', 2223.59, 2.29, 482, 4853.8, 338661.68, ' Y ', ' Condo ');
INSERT INTO public.HOME_INSURANCE(POLICY_ID, CITY, STATE, ZIP_CODE, ADDRESS, YEAR_BUILT, CONDITION, SQUARE_FOOT, LOT_SIZE, CREDIT_SCORE, MORTGAGE_PAYMENT, MARKET_VALUE, PERSONAL_PROPERTY_REPLACEMENT, PLAN_CATEGORY) VALUES
(999999, 'Santa Monica', 'North Dakota', 60270, '841 Hidden Edgewood Dr', 2021, ' Poor ', 2282.3, 3.55, 581, 3975.31, 243955.63, ' Y ', ' Apartment ');
INSERT INTO public.HOME_INSURANCE(POLICY_ID, CITY, STATE, ZIP_CODE, ADDRESS, YEAR_BUILT, CONDITION, SQUARE_FOOT, LOT_SIZE, CREDIT_SCORE, MORTGAGE_PAYMENT, MARKET_VALUE, PERSONAL_PROPERTY_REPLACEMENT, PLAN_CATEGORY) VALUES
(415373, 'Jewell', 'South Carolina', 70937, '1121 W Parkwood Ct', 2009, ' Poor ', 4945.65, 5, 401, 2289.2, 119704.21, ' Y ', ' Condo ');
INSERT INTO public.HOME_INSURANCE(POLICY_ID, CITY, STATE, ZIP_CODE, ADDRESS, YEAR_BUILT, CONDITION, SQUARE_FOOT, LOT_SIZE, CREDIT_SCORE, MORTGAGE_PAYMENT, MARKET_VALUE, PERSONAL_PROPERTY_REPLACEMENT, PLAN_CATEGORY) VALUES
(916966, 'Frontenac', 'Alabama', 20980, '2013 Ironwood Blvd', 2007, ' Bad', 1347.4, 2.23, 633, 3496.18, 202629.61, ' Y ', ' Townhouse ');
INSERT INTO public.HOME_INSURANCE(POLICY_ID, CITY, STATE, ZIP_CODE, ADDRESS, YEAR_BUILT, CONDITION, SQUARE_FOOT, LOT_SIZE, CREDIT_SCORE, MORTGAGE_PAYMENT, MARKET_VALUE, PERSONAL_PROPERTY_REPLACEMENT, PLAN_CATEGORY) VALUES
(415371, 'Whiteford', 'Arizona', 68072, '1313 White Pine Tree Ct', 2018, ' Excellent', 4160.78, 4.49, 676, 1977.69, 470939.66, ' Y ', ' Flat');
INSERT INTO public.HOME_INSURANCE(POLICY_ID, CITY, STATE, ZIP_CODE, ADDRESS, YEAR_BUILT, CONDITION, SQUARE_FOOT, LOT_SIZE, CREDIT_SCORE, MORTGAGE_PAYMENT, MARKET_VALUE, PERSONAL_PROPERTY_REPLACEMENT, PLAN_CATEGORY) VALUES
(193982, 'Marceline', 'Minnesota', 86280, '991 Town Ct', 2008, ' Bad', 3049.22, 2.54, 565, 1858.32, 132686.96, ' Y ', ' Mobile Home ');
INSERT INTO public.HOME_INSURANCE(POLICY_ID, CITY, STATE, ZIP_CODE, ADDRESS, YEAR_BUILT, CONDITION, SQUARE_FOOT, LOT_SIZE, CREDIT_SCORE, MORTGAGE_PAYMENT, MARKET_VALUE, PERSONAL_PROPERTY_REPLACEMENT, PLAN_CATEGORY) VALUES
(916967, 'Cassville', 'Michigan', 74298, '76 Brentwood Rd', 2012, ' Good ', 1259.56, 2.93, 795, 1695.67, 295202.15, ' Y ', ' Townhouse ');
INSERT INTO public.HOME_INSURANCE(POLICY_ID, CITY, STATE, ZIP_CODE, ADDRESS, YEAR_BUILT, CONDITION, SQUARE_FOOT, LOT_SIZE, CREDIT_SCORE, MORTGAGE_PAYMENT, MARKET_VALUE, PERSONAL_PROPERTY_REPLACEMENT, PLAN_CATEGORY) VALUES
(548905, 'Jewett City', 'Pennsylvania', 75406, '97 Rose Hill Road', 2010, ' Good ', 2437.34, 5, 633, 1046.93, 296525.78, ' N', ' Home ');
INSERT INTO public.HOME_INSURANCE(POLICY_ID, CITY, STATE, ZIP_CODE, ADDRESS, YEAR_BUILT, CONDITION, SQUARE_FOOT, LOT_SIZE, CREDIT_SCORE, MORTGAGE_PAYMENT, MARKET_VALUE, PERSONAL_PROPERTY_REPLACEMENT, PLAN_CATEGORY) VALUES
(638906, 'Summerdale', 'Arizona', 98042, '3870 Riddle Hill Ln', 2009, ' Bad', 4300.31, 3.24, 618, 2561.56, 123926.8, ' N', ' Townhouse ');
INSERT INTO public.HOME_INSURANCE(POLICY_ID, CITY, STATE, ZIP_CODE, ADDRESS, YEAR_BUILT, CONDITION, SQUARE_FOOT, LOT_SIZE, CREDIT_SCORE, MORTGAGE_PAYMENT, MARKET_VALUE, PERSONAL_PROPERTY_REPLACEMENT, PLAN_CATEGORY) VALUES
(325371, 'Penfield', 'Florida', 46068, '1881 Hazelwood Dr', 2007, ' Poor ', 3287.15, 0.05, 493, 1134.44, 382732.43, ' Y ', ' Condo ');
INSERT INTO public.HOME_INSURANCE(POLICY_ID, CITY, STATE, ZIP_CODE, ADDRESS, YEAR_BUILT, CONDITION, SQUARE_FOOT, LOT_SIZE, CREDIT_SCORE, MORTGAGE_PAYMENT, MARKET_VALUE, PERSONAL_PROPERTY_REPLACEMENT, PLAN_CATEGORY) VALUES
(652816, 'Dania', 'Idaho', 41676, '3336 Market Blvd', 2024, ' Excellent', 2418.71, 1.14, 802, 1342.49, 275005.36, ' N', ' Townhouse ');
INSERT INTO public.HOME_INSURANCE(POLICY_ID, CITY, STATE, ZIP_CODE, ADDRESS, YEAR_BUILT, CONDITION, SQUARE_FOOT, LOT_SIZE, CREDIT_SCORE, MORTGAGE_PAYMENT, MARKET_VALUE, PERSONAL_PROPERTY_REPLACEMENT, PLAN_CATEGORY) VALUES
(193983, 'Whitehall', 'Rhode Island', 55789, '129 Waterview Highway', 2008, ' Bad', 4353.31, 2.9, 731, 4315.99, 452808.09, ' N', ' Flat');
INSERT INTO public.HOME_INSURANCE(POLICY_ID, CITY, STATE, ZIP_CODE, ADDRESS, YEAR_BUILT, CONDITION, SQUARE_FOOT, LOT_SIZE, CREDIT_SCORE, MORTGAGE_PAYMENT, MARKET_VALUE, PERSONAL_PROPERTY_REPLACEMENT, PLAN_CATEGORY) VALUES
(193984, 'Santa Paula', 'Mississippi', 45091, '277 Front Drive', 2024, ' Excellent', 4205.52, 1.81, 416, 3881.21, 167923.19, ' Y ', ' Condo ');
INSERT INTO public.HOME_INSURANCE(POLICY_ID, CITY, STATE, ZIP_CODE, ADDRESS, YEAR_BUILT, CONDITION, SQUARE_FOOT, LOT_SIZE, CREDIT_SCORE, MORTGAGE_PAYMENT, MARKET_VALUE, PERSONAL_PROPERTY_REPLACEMENT, PLAN_CATEGORY) VALUES
(652812, 'Frostburg', 'Pennsylvania', 73840, '67 Monument Highway', 2027, ' Excellent', 2795.79, 5, 826, 2449.9, 442423.76, ' Y ', ' Condo ');

--
-- Inserting data into table public.LIFE_INSURANCE
--
INSERT INTO public.LIFE_INSURANCE(POLICY_ID, PLAN_CATEGORY, AGE, GENDER, TOBACCO_USE, OCCUPATION, MEDICAL_STATUS, FAMILY_MEDICAL_HISTORY, BENEFICIARY_NAME, BENEFICIARY_SOCIAL_SECURITY) VALUES
(103983, ' Whole Life', '01/09/1900 00:00:00', 'M', ' N', ' Athelete', 'Not Healthy', 'Burn of second degree of left shoulder, sequela', 'Alfredia Dickens', 291160425);
INSERT INTO public.LIFE_INSURANCE(POLICY_ID, PLAN_CATEGORY, AGE, GENDER, TOBACCO_USE, OCCUPATION, MEDICAL_STATUS, FAMILY_MEDICAL_HISTORY, BENEFICIARY_NAME, BENEFICIARY_SOCIAL_SECURITY) VALUES
(325371, ' Universal Life', '03/26/1900 00:00:00', 'M', ' Y ', ' Auditors ', 'Not Healthy', 'Radial collateral ligament sprain of left elbow, subsequent encounter', 'Darell Marble', 156100610);
INSERT INTO public.LIFE_INSURANCE(POLICY_ID, PLAN_CATEGORY, AGE, GENDER, TOBACCO_USE, OCCUPATION, MEDICAL_STATUS, FAMILY_MEDICAL_HISTORY, BENEFICIARY_NAME, BENEFICIARY_SOCIAL_SECURITY) VALUES
(193984, ' Whole Life', '01/13/1922 00:00:00', 'M', ' Y ', ' Systems Analysts ', 'Not Healthy', 'Puncture wound without foreign body of unspecified front wall of thorax without penetration into thoracic cavity, initial encounter', 'Veola Delgado', 527634197);
INSERT INTO public.LIFE_INSURANCE(POLICY_ID, PLAN_CATEGORY, AGE, GENDER, TOBACCO_USE, OCCUPATION, MEDICAL_STATUS, FAMILY_MEDICAL_HISTORY, BENEFICIARY_NAME, BENEFICIARY_SOCIAL_SECURITY) VALUES
(652811, ' Whole Life', '06/14/1902 00:00:00', 'M', ' N', ' Systems Analysts ', 'Not Healthy', 'Sucked into jet engine, subsequent encounter', 'Sherwood Troutman', 809209167);
INSERT INTO public.LIFE_INSURANCE(POLICY_ID, PLAN_CATEGORY, AGE, GENDER, TOBACCO_USE, OCCUPATION, MEDICAL_STATUS, FAMILY_MEDICAL_HISTORY, BENEFICIARY_NAME, BENEFICIARY_SOCIAL_SECURITY) VALUES
(103986, ' Term Life ', '02/09/1954 00:00:00', 'M', ' N', ' Network and Computer Systems ', 'Healthy', 'Chronic inflammation of postmastoidectomy cavity, unspecified ear', 'Gaynell Morrissey', 464045118);
INSERT INTO public.LIFE_INSURANCE(POLICY_ID, PLAN_CATEGORY, AGE, GENDER, TOBACCO_USE, OCCUPATION, MEDICAL_STATUS, FAMILY_MEDICAL_HISTORY, BENEFICIARY_NAME, BENEFICIARY_SOCIAL_SECURITY) VALUES
(916965, ' Whole Life', '12/29/1911 00:00:00', 'F', ' N', ' Insurance Adjusters, Examine ', 'Not Healthy', 'Cerebral infarction due to embolism of left posterior cerebral artery', 'Irving Andrew', 225253324);
INSERT INTO public.LIFE_INSURANCE(POLICY_ID, PLAN_CATEGORY, AGE, GENDER, TOBACCO_USE, OCCUPATION, MEDICAL_STATUS, FAMILY_MEDICAL_HISTORY, BENEFICIARY_NAME, BENEFICIARY_SOCIAL_SECURITY) VALUES
(742815, ' Universal Life', '08/25/1902 00:00:00', 'F', ' Y ', ' Computer Systems Engineers ', 'Not Healthy', 'Displaced other extraarticular fracture of left calcaneus, subsequent encounter for fracture with nonunion', 'Everett Nagel', 774478792);
INSERT INTO public.LIFE_INSURANCE(POLICY_ID, PLAN_CATEGORY, AGE, GENDER, TOBACCO_USE, OCCUPATION, MEDICAL_STATUS, FAMILY_MEDICAL_HISTORY, BENEFICIARY_NAME, BENEFICIARY_SOCIAL_SECURITY) VALUES
(548904, ' Term Life ', '06/22/2017 00:00:00', 'M', ' N', ' Network and Computer Systems ', 'Healthy', 'Corrosion of third degree of unspecified site of unspecified lower limb, except ankle and foot, initial encounter', 'Quentin Abrams', 405137505);
INSERT INTO public.LIFE_INSURANCE(POLICY_ID, PLAN_CATEGORY, AGE, GENDER, TOBACCO_USE, OCCUPATION, MEDICAL_STATUS, FAMILY_MEDICAL_HISTORY, BENEFICIARY_NAME, BENEFICIARY_SOCIAL_SECURITY) VALUES
(193983, ' Whole Life', '08/13/2007 00:00:00', 'F', ' N', ' Critical Care Nurses ', 'Not Healthy', 'Umbilical hemorrhage of newborn, unspecified', 'Lael Alvarado', 431135163);
INSERT INTO public.LIFE_INSURANCE(POLICY_ID, PLAN_CATEGORY, AGE, GENDER, TOBACCO_USE, OCCUPATION, MEDICAL_STATUS, FAMILY_MEDICAL_HISTORY, BENEFICIARY_NAME, BENEFICIARY_SOCIAL_SECURITY) VALUES
(652812, ' Whole Life', '01/10/1900 00:00:00', 'F', ' N', ' Professor ', 'Not Healthy', 'Other physeal fracture of upper end of radius, left arm, subsequent encounter for fracture with nonunion', 'Titus Pena', 127768485);
INSERT INTO public.LIFE_INSURANCE(POLICY_ID, PLAN_CATEGORY, AGE, GENDER, TOBACCO_USE, OCCUPATION, MEDICAL_STATUS, FAMILY_MEDICAL_HISTORY, BENEFICIARY_NAME, BENEFICIARY_SOCIAL_SECURITY) VALUES
(193986, ' Term Life ', '07/09/1934 00:00:00', 'M', ' Y ', ' Sales  Managers ', 'Healthy', 'Unspecified sexual dysfunction not due to a substance or known physiological condition', 'Dann Bowles', 997282038);
INSERT INTO public.LIFE_INSURANCE(POLICY_ID, PLAN_CATEGORY, AGE, GENDER, TOBACCO_USE, OCCUPATION, MEDICAL_STATUS, FAMILY_MEDICAL_HISTORY, BENEFICIARY_NAME, BENEFICIARY_SOCIAL_SECURITY) VALUES
(325372, ' Universal Life', '08/28/1946 00:00:00', 'F', ' N', ' Systems Analysts ', 'Healthy', 'Retinopathy of prematurity, stage 5, bilateral', 'Ramon Rock', 530834754);
INSERT INTO public.LIFE_INSURANCE(POLICY_ID, PLAN_CATEGORY, AGE, GENDER, TOBACCO_USE, OCCUPATION, MEDICAL_STATUS, FAMILY_MEDICAL_HISTORY, BENEFICIARY_NAME, BENEFICIARY_SOCIAL_SECURITY) VALUES
(103981, ' Universal Life', '01/02/1900 00:00:00', 'M', ' N', ' Loan Officers ', 'Not Healthy', 'Traumatic secondary and recurrent hemorrhage and seroma, subsequent encounter', 'Omer Crouch', 949767913);
INSERT INTO public.LIFE_INSURANCE(POLICY_ID, PLAN_CATEGORY, AGE, GENDER, TOBACCO_USE, OCCUPATION, MEDICAL_STATUS, FAMILY_MEDICAL_HISTORY, BENEFICIARY_NAME, BENEFICIARY_SOCIAL_SECURITY) VALUES
(415370, ' Universal Life', '09/16/1930 00:00:00', 'M', ' N', ' Computer Systems Analysts ', 'Healthy', 'Placenta previa specified as without hemorrhage, third trimester', 'Dwight Butts', 550425301);
INSERT INTO public.LIFE_INSURANCE(POLICY_ID, PLAN_CATEGORY, AGE, GENDER, TOBACCO_USE, OCCUPATION, MEDICAL_STATUS, FAMILY_MEDICAL_HISTORY, BENEFICIARY_NAME, BENEFICIARY_SOCIAL_SECURITY) VALUES
(826969, ' Whole Life', '09/10/1948 00:00:00', 'M', ' N', ' Hotel, Motel, and Resort Work', 'Not Healthy', 'Other specified fracture of unspecified pubis, subsequent encounter for fracture with delayed healing', 'Stephenie Palacios', 671863253);
INSERT INTO public.LIFE_INSURANCE(POLICY_ID, PLAN_CATEGORY, AGE, GENDER, TOBACCO_USE, OCCUPATION, MEDICAL_STATUS, FAMILY_MEDICAL_HISTORY, BENEFICIARY_NAME, BENEFICIARY_SOCIAL_SECURITY) VALUES
(415373, ' Whole Life', '05/23/2016 00:00:00', 'M', ' Y ', ' Physical Therapists ', 'Healthy', 'Total retinal detachment, left eye', 'Stephen Osteen', 480965428);
INSERT INTO public.LIFE_INSURANCE(POLICY_ID, PLAN_CATEGORY, AGE, GENDER, TOBACCO_USE, OCCUPATION, MEDICAL_STATUS, FAMILY_MEDICAL_HISTORY, BENEFICIARY_NAME, BENEFICIARY_SOCIAL_SECURITY) VALUES
(742814, ' Term Life ', '02/12/1903 00:00:00', 'M', ' Y ', ' Athelete', 'Not Healthy', 'Underdosing of hydantoin derivatives, sequela', 'Trevor Abney', 278017083);
INSERT INTO public.LIFE_INSURANCE(POLICY_ID, PLAN_CATEGORY, AGE, GENDER, TOBACCO_USE, OCCUPATION, MEDICAL_STATUS, FAMILY_MEDICAL_HISTORY, BENEFICIARY_NAME, BENEFICIARY_SOCIAL_SECURITY) VALUES
(742813, ' Term Life ', '07/06/1902 00:00:00', 'F', ' Y ', ' Registered Nurses ', 'Not Healthy', 'Laceration without foreign body of left index finger without damage to nail, initial encounter', 'Thomasina Cameron', 583387342);
INSERT INTO public.LIFE_INSURANCE(POLICY_ID, PLAN_CATEGORY, AGE, GENDER, TOBACCO_USE, OCCUPATION, MEDICAL_STATUS, FAMILY_MEDICAL_HISTORY, BENEFICIARY_NAME, BENEFICIARY_SOCIAL_SECURITY) VALUES
(652815, ' Term Life ', '12/22/1933 00:00:00', 'M', ' N', ' First-Line Supervisors ', 'Not Healthy', 'Idiopathic chronic gout, right wrist, with tophus (tophi)', 'Andres Custer', 159463237);
INSERT INTO public.LIFE_INSURANCE(POLICY_ID, PLAN_CATEGORY, AGE, GENDER, TOBACCO_USE, OCCUPATION, MEDICAL_STATUS, FAMILY_MEDICAL_HISTORY, BENEFICIARY_NAME, BENEFICIARY_SOCIAL_SECURITY) VALUES
(742812, ' Universal Life', '04/16/1901 00:00:00', 'M', ' Y ', ' Mechanical Engineers ', 'Not Healthy', 'Abrasion, right thigh, subsequent encounter', 'Consuelo Messenger', 891312675);
INSERT INTO public.LIFE_INSURANCE(POLICY_ID, PLAN_CATEGORY, AGE, GENDER, TOBACCO_USE, OCCUPATION, MEDICAL_STATUS, FAMILY_MEDICAL_HISTORY, BENEFICIARY_NAME, BENEFICIARY_SOCIAL_SECURITY) VALUES
(999999, ' Universal Life', '06/24/1925 00:00:00', 'M', ' N', ' Accountants ', 'Healthy', 'Contusion of right front wall of thorax, initial encounter', 'Danette Roach', 877670329);
INSERT INTO public.LIFE_INSURANCE(POLICY_ID, PLAN_CATEGORY, AGE, GENDER, TOBACCO_USE, OCCUPATION, MEDICAL_STATUS, FAMILY_MEDICAL_HISTORY, BENEFICIARY_NAME, BENEFICIARY_SOCIAL_SECURITY) VALUES
(325373, ' Term Life ', '06/07/1909 00:00:00', 'M', ' Y ', ' Network and Computer Systems ', 'Healthy', 'Other injury due to other accident on board unspecified watercraft, initial encounter', 'Randolph Carnahan', 548605521);
INSERT INTO public.LIFE_INSURANCE(POLICY_ID, PLAN_CATEGORY, AGE, GENDER, TOBACCO_USE, OCCUPATION, MEDICAL_STATUS, FAMILY_MEDICAL_HISTORY, BENEFICIARY_NAME, BENEFICIARY_SOCIAL_SECURITY) VALUES
(548905, ' Whole Life', '07/03/1937 00:00:00', 'M', ' N', ' First-Line Supervisors ', 'Healthy', 'Unspecified injury of extensor muscle, fascia and tendon of right middle finger at wrist and hand level, subsequent encounter', 'Gertrud Curry', 345560123);
INSERT INTO public.LIFE_INSURANCE(POLICY_ID, PLAN_CATEGORY, AGE, GENDER, TOBACCO_USE, OCCUPATION, MEDICAL_STATUS, FAMILY_MEDICAL_HISTORY, BENEFICIARY_NAME, BENEFICIARY_SOCIAL_SECURITY) VALUES
(193982, ' Universal Life', '07/24/1988 00:00:00', 'M', ' Y ', ' Web Developers ', 'Not Healthy', 'Blepharophimosis unspecified eye, unspecified lid', 'Rosario Goldstein', 759882498);
INSERT INTO public.LIFE_INSURANCE(POLICY_ID, PLAN_CATEGORY, AGE, GENDER, TOBACCO_USE, OCCUPATION, MEDICAL_STATUS, FAMILY_MEDICAL_HISTORY, BENEFICIARY_NAME, BENEFICIARY_SOCIAL_SECURITY) VALUES
(638907, ' Term Life ', '11/30/2000 00:00:00', 'F', ' N', ' Loan Officers ', 'Not Healthy', 'Sepsis due to Streptococcus pneumoniae', 'Maryellen Oneal', 775485584);
INSERT INTO public.LIFE_INSURANCE(POLICY_ID, PLAN_CATEGORY, AGE, GENDER, TOBACCO_USE, OCCUPATION, MEDICAL_STATUS, FAMILY_MEDICAL_HISTORY, BENEFICIARY_NAME, BENEFICIARY_SOCIAL_SECURITY) VALUES
(652813, ' Universal Life', '10/12/1988 00:00:00', 'M', ' Y ', ' Sales  Managers ', 'Not Healthy', 'Other rupture of muscle (nontraumatic), unspecified shoulder', 'Britt Beverly', 922965200);
INSERT INTO public.LIFE_INSURANCE(POLICY_ID, PLAN_CATEGORY, AGE, GENDER, TOBACCO_USE, OCCUPATION, MEDICAL_STATUS, FAMILY_MEDICAL_HISTORY, BENEFICIARY_NAME, BENEFICIARY_SOCIAL_SECURITY) VALUES
(638906, ' Universal Life', '01/22/1934 00:00:00', 'M', ' Y ', ' Insurance Adjusters, Examine ', 'Healthy', 'Juvenile osteochondrosis of humerus, unspecified arm', 'Lani Ferrara', 147020682);
INSERT INTO public.LIFE_INSURANCE(POLICY_ID, PLAN_CATEGORY, AGE, GENDER, TOBACCO_USE, OCCUPATION, MEDICAL_STATUS, FAMILY_MEDICAL_HISTORY, BENEFICIARY_NAME, BENEFICIARY_SOCIAL_SECURITY) VALUES
(916966, ' Universal Life', '04/10/2018 00:00:00', 'F', ' Y ', ' Sales Agents, Financial Serv ', 'Healthy', 'Fall from, out of or through building, not otherwise specified, subsequent encounter', 'Gilberto Cook', 610045145);
INSERT INTO public.LIFE_INSURANCE(POLICY_ID, PLAN_CATEGORY, AGE, GENDER, TOBACCO_USE, OCCUPATION, MEDICAL_STATUS, FAMILY_MEDICAL_HISTORY, BENEFICIARY_NAME, BENEFICIARY_SOCIAL_SECURITY) VALUES
(652810, ' Term Life ', '10/30/1911 00:00:00', 'M', ' Y ', ' Civil ', 'Healthy', 'Nondisplaced fracture of left tibial tuberosity, sequela', 'Alan Brant', 378255006);
INSERT INTO public.LIFE_INSURANCE(POLICY_ID, PLAN_CATEGORY, AGE, GENDER, TOBACCO_USE, OCCUPATION, MEDICAL_STATUS, FAMILY_MEDICAL_HISTORY, BENEFICIARY_NAME, BENEFICIARY_SOCIAL_SECURITY) VALUES
(548903, ' Whole Life', '04/25/2018 00:00:00', 'F', ' N', ' Accountants ', 'Healthy', 'Displaced avulsion fracture of tuberosity of right calcaneus, subsequent encounter for fracture with nonunion', 'Bobbie Verdin', 278495282);
INSERT INTO public.LIFE_INSURANCE(POLICY_ID, PLAN_CATEGORY, AGE, GENDER, TOBACCO_USE, OCCUPATION, MEDICAL_STATUS, FAMILY_MEDICAL_HISTORY, BENEFICIARY_NAME, BENEFICIARY_SOCIAL_SECURITY) VALUES
(652816, ' Universal Life', '05/29/1970 00:00:00', 'F', ' Y ', ' Physical Therapists ', 'Not Healthy', 'Corrosion of unspecified degree of unspecified axilla, subsequent encounter', 'Ruby Stevens', 940691335);
INSERT INTO public.LIFE_INSURANCE(POLICY_ID, PLAN_CATEGORY, AGE, GENDER, TOBACCO_USE, OCCUPATION, MEDICAL_STATUS, FAMILY_MEDICAL_HISTORY, BENEFICIARY_NAME, BENEFICIARY_SOCIAL_SECURITY) VALUES
(652814, ' Universal Life', '04/19/1924 00:00:00', 'M', ' N', ' Unemployed   Mechanical Engin', 'Not Healthy', 'Unspecified fracture of left wrist and hand, subsequent encounter for fracture with routine healing', 'Simone Bair', 424294294);
INSERT INTO public.LIFE_INSURANCE(POLICY_ID, PLAN_CATEGORY, AGE, GENDER, TOBACCO_USE, OCCUPATION, MEDICAL_STATUS, FAMILY_MEDICAL_HISTORY, BENEFICIARY_NAME, BENEFICIARY_SOCIAL_SECURITY) VALUES
(638903, ' Whole Life', '06/12/2003 00:00:00', 'M', ' Y ', ' Nursing Assistants ', 'Healthy', 'Displaced spiral fracture of shaft of radius, right arm, subsequent encounter for closed fracture with delayed healing', 'Rich Bouchard', 132156737);
INSERT INTO public.LIFE_INSURANCE(POLICY_ID, PLAN_CATEGORY, AGE, GENDER, TOBACCO_USE, OCCUPATION, MEDICAL_STATUS, FAMILY_MEDICAL_HISTORY, BENEFICIARY_NAME, BENEFICIARY_SOCIAL_SECURITY) VALUES
(548906, ' Universal Life', '10/20/1941 00:00:00', 'M', ' Y ', ' Physical Therapists ', 'Not Healthy', 'Nondisplaced fracture of greater tuberosity of right humerus, subsequent encounter for fracture with routine healing', 'Tawanna Hebert', 685929988);
INSERT INTO public.LIFE_INSURANCE(POLICY_ID, PLAN_CATEGORY, AGE, GENDER, TOBACCO_USE, OCCUPATION, MEDICAL_STATUS, FAMILY_MEDICAL_HISTORY, BENEFICIARY_NAME, BENEFICIARY_SOCIAL_SECURITY) VALUES
(742816, ' Whole Life', '10/16/1970 00:00:00', 'F', ' Y ', ' Accountants ', 'Healthy', 'Delayed delivery of second twin, triplet, etc.', 'Lazaro Mosley', 391419750);
INSERT INTO public.LIFE_INSURANCE(POLICY_ID, PLAN_CATEGORY, AGE, GENDER, TOBACCO_USE, OCCUPATION, MEDICAL_STATUS, FAMILY_MEDICAL_HISTORY, BENEFICIARY_NAME, BENEFICIARY_SOCIAL_SECURITY) VALUES
(638905, ' Term Life ', '12/14/1979 00:00:00', 'F', ' Y ', ' Unemployed   Mechanical Engin', 'Not Healthy', 'Type 2 fracture of sacrum, initial encounter for closed fracture', 'Mercy Lloyd', 123484510);
INSERT INTO public.LIFE_INSURANCE(POLICY_ID, PLAN_CATEGORY, AGE, GENDER, TOBACCO_USE, OCCUPATION, MEDICAL_STATUS, FAMILY_MEDICAL_HISTORY, BENEFICIARY_NAME, BENEFICIARY_SOCIAL_SECURITY) VALUES
(103985, ' Whole Life', '09/23/1922 00:00:00', 'M', ' Y ', ' Loan Officers ', 'Not Healthy', 'Visceral leishmaniasis', 'Bari Anders', 969920632);
INSERT INTO public.LIFE_INSURANCE(POLICY_ID, PLAN_CATEGORY, AGE, GENDER, TOBACCO_USE, OCCUPATION, MEDICAL_STATUS, FAMILY_MEDICAL_HISTORY, BENEFICIARY_NAME, BENEFICIARY_SOCIAL_SECURITY) VALUES
(193985, ' Whole Life', '07/16/2004 00:00:00', 'F', ' N', ' '||CHR(13)||CHR(10)
||'Physical Therapists ', 'Not Healthy', 'Military operations involving incendiary bullet, military personnel, subsequent encounter', 'Abby Walls', 185682053);
INSERT INTO public.LIFE_INSURANCE(POLICY_ID, PLAN_CATEGORY, AGE, GENDER, TOBACCO_USE, OCCUPATION, MEDICAL_STATUS, FAMILY_MEDICAL_HISTORY, BENEFICIARY_NAME, BENEFICIARY_SOCIAL_SECURITY) VALUES
(103984, ' Universal Life', '12/24/1975 00:00:00', 'M', ' N', ' Auditors ', 'Not Healthy', 'Displaced avulsion fracture of tuberosity of unspecified calcaneus, subsequent encounter for fracture with nonunion', 'Jason Donald', 720157848);
INSERT INTO public.LIFE_INSURANCE(POLICY_ID, PLAN_CATEGORY, AGE, GENDER, TOBACCO_USE, OCCUPATION, MEDICAL_STATUS, FAMILY_MEDICAL_HISTORY, BENEFICIARY_NAME, BENEFICIARY_SOCIAL_SECURITY) VALUES
(638904, ' Term Life ', '01/24/1902 00:00:00', 'M', ' N', ' Sales Representatives ', 'Not Healthy', 'Other injury of muscle, fascia and tendon of long head of biceps, right arm, initial encounter', 'Alina Abraham', 272281542);
INSERT INTO public.LIFE_INSURANCE(POLICY_ID, PLAN_CATEGORY, AGE, GENDER, TOBACCO_USE, OCCUPATION, MEDICAL_STATUS, FAMILY_MEDICAL_HISTORY, BENEFICIARY_NAME, BENEFICIARY_SOCIAL_SECURITY) VALUES
(325370, ' Universal Life', '07/27/1970 00:00:00', 'F', ' N', ' Heavy and Tractor-Trailer Tru', 'Not Healthy', 'Unspecified injury of other blood vessels at abdomen, lower back and pelvis level, subsequent encounter', 'Ernesto Delgado', 113411169);
INSERT INTO public.LIFE_INSURANCE(POLICY_ID, PLAN_CATEGORY, AGE, GENDER, TOBACCO_USE, OCCUPATION, MEDICAL_STATUS, FAMILY_MEDICAL_HISTORY, BENEFICIARY_NAME, BENEFICIARY_SOCIAL_SECURITY) VALUES
(916967, ' Term Life ', '05/29/1910 00:00:00', 'M', ' N', ' Nursing Assistants ', 'Not Healthy', 'Enteropathic arthropathies, right ankle and foot', 'Keenan Rock', 886147043);
INSERT INTO public.LIFE_INSURANCE(POLICY_ID, PLAN_CATEGORY, AGE, GENDER, TOBACCO_USE, OCCUPATION, MEDICAL_STATUS, FAMILY_MEDICAL_HISTORY, BENEFICIARY_NAME, BENEFICIARY_SOCIAL_SECURITY) VALUES
(916964, ' Universal Life', '05/18/1957 00:00:00', 'M', ' N', ' Computer Systems Analysts ', 'Not Healthy', 'Burn of unspecified degree of unspecified multiple fingers (nail), not including thumb, sequela', 'Alejandrina Saldana', 162195102);
INSERT INTO public.LIFE_INSURANCE(POLICY_ID, PLAN_CATEGORY, AGE, GENDER, TOBACCO_USE, OCCUPATION, MEDICAL_STATUS, FAMILY_MEDICAL_HISTORY, BENEFICIARY_NAME, BENEFICIARY_SOCIAL_SECURITY) VALUES
(325369, ' Universal Life', '07/23/1932 00:00:00', 'F', ' N', ' Nursing Assistants ', 'Healthy', 'Poisoning by antithyroid drugs, undetermined, sequela', 'Charise Meador', 136112080);
INSERT INTO public.LIFE_INSURANCE(POLICY_ID, PLAN_CATEGORY, AGE, GENDER, TOBACCO_USE, OCCUPATION, MEDICAL_STATUS, FAMILY_MEDICAL_HISTORY, BENEFICIARY_NAME, BENEFICIARY_SOCIAL_SECURITY) VALUES
(415371, ' Universal Life', '03/07/1900 00:00:00', 'M', ' N', ' Retail Salespersons ', 'Healthy', 'Displaced bimalleolar fracture of right lower leg, subsequent encounter for closed fracture with routine healing', 'Maren Odom', 493344240);
INSERT INTO public.LIFE_INSURANCE(POLICY_ID, PLAN_CATEGORY, AGE, GENDER, TOBACCO_USE, OCCUPATION, MEDICAL_STATUS, FAMILY_MEDICAL_HISTORY, BENEFICIARY_NAME, BENEFICIARY_SOCIAL_SECURITY) VALUES
(826968, ' Universal Life', '10/08/1903 00:00:00', 'M', ' Y ', ' Sales Agents, Financial Serv ', 'Not Healthy', 'Struck by falling object on passenger ship, sequela', 'Wilburn Abney', 783817198);
INSERT INTO public.LIFE_INSURANCE(POLICY_ID, PLAN_CATEGORY, AGE, GENDER, TOBACCO_USE, OCCUPATION, MEDICAL_STATUS, FAMILY_MEDICAL_HISTORY, BENEFICIARY_NAME, BENEFICIARY_SOCIAL_SECURITY) VALUES
(415372, ' Whole Life', '06/16/1966 00:00:00', 'M', ' N', ' Sales Representatives ', 'Not Healthy', 'Ganglion, unspecified hand', 'Jolene Larry', 349368178);
INSERT INTO public.LIFE_INSURANCE(POLICY_ID, PLAN_CATEGORY, AGE, GENDER, TOBACCO_USE, OCCUPATION, MEDICAL_STATUS, FAMILY_MEDICAL_HISTORY, BENEFICIARY_NAME, BENEFICIARY_SOCIAL_SECURITY) VALUES
(826967, ' Term Life ', '07/28/1965 00:00:00', 'M', ' N', ' Unemployed   Mechanical Engin', 'Not Healthy', 'Other somatoform disorders   ', 'Addie Blue', 584954403);
INSERT INTO public.LIFE_INSURANCE(POLICY_ID, PLAN_CATEGORY, AGE, GENDER, TOBACCO_USE, OCCUPATION, MEDICAL_STATUS, FAMILY_MEDICAL_HISTORY, BENEFICIARY_NAME, BENEFICIARY_SOCIAL_SECURITY) VALUES
(742811, ' Whole Life', '01/02/1900 00:00:00', 'F', ' N', ' Registered Nurses ', 'Not Healthy', 'Corrosion of third degree of unspecified multiple fingers (nail), not including thumb, sequela', 'Jule Piper', 875816694);
INSERT INTO public.LIFE_INSURANCE(POLICY_ID, PLAN_CATEGORY, AGE, GENDER, TOBACCO_USE, OCCUPATION, MEDICAL_STATUS, FAMILY_MEDICAL_HISTORY, BENEFICIARY_NAME, BENEFICIARY_SOCIAL_SECURITY) VALUES
(103982, ' Term Life ', '12/24/1901 00:00:00', 'M', ' N', ' Accountants ', 'Healthy', 'Nondisplaced supracondylar fracture with intracondylar extension of lower end of right femur, subsequent encounter for open fracture type I or II with malunion', 'Oralia Hutcherson', 299790403);

--
-- Inserting data into table public.MANAGES
--
INSERT INTO public.MANAGES(EMPLOYEE_ID, CLAIM_ID) VALUES
(965463, 425289);
INSERT INTO public.MANAGES(EMPLOYEE_ID, CLAIM_ID) VALUES
(450039, 189915);
INSERT INTO public.MANAGES(EMPLOYEE_ID, CLAIM_ID) VALUES
(875464, 335285);
INSERT INTO public.MANAGES(EMPLOYEE_ID, CLAIM_ID) VALUES
(360038, 936974);
INSERT INTO public.MANAGES(EMPLOYEE_ID, CLAIM_ID) VALUES
(450041, 425287);
INSERT INTO public.MANAGES(EMPLOYEE_ID, CLAIM_ID) VALUES
(965464, 189917);
INSERT INTO public.MANAGES(EMPLOYEE_ID, CLAIM_ID) VALUES
(740174, 846980);
INSERT INTO public.MANAGES(EMPLOYEE_ID, CLAIM_ID) VALUES
(875466, 711851);
INSERT INTO public.MANAGES(EMPLOYEE_ID, CLAIM_ID) VALUES
(650174, 335288);
INSERT INTO public.MANAGES(EMPLOYEE_ID, CLAIM_ID) VALUES
(272693, 711848);
INSERT INTO public.MANAGES(EMPLOYEE_ID, CLAIM_ID) VALUES
(875463, 936975);
INSERT INTO public.MANAGES(EMPLOYEE_ID, CLAIM_ID) VALUES
(182692, 279916);
INSERT INTO public.MANAGES(EMPLOYEE_ID, CLAIM_ID) VALUES
(450043, 425288);
INSERT INTO public.MANAGES(EMPLOYEE_ID, CLAIM_ID) VALUES
(623926, 477635);
INSERT INTO public.MANAGES(EMPLOYEE_ID, CLAIM_ID) VALUES
(650171, 711847);
INSERT INTO public.MANAGES(EMPLOYEE_ID, CLAIM_ID) VALUES
(740175, 801852);
INSERT INTO public.MANAGES(EMPLOYEE_ID, CLAIM_ID) VALUES
(965461, 335284);
INSERT INTO public.MANAGES(EMPLOYEE_ID, CLAIM_ID) VALUES
(533929, 567638);
INSERT INTO public.MANAGES(EMPLOYEE_ID, CLAIM_ID) VALUES
(360043, 936977);
INSERT INTO public.MANAGES(EMPLOYEE_ID, CLAIM_ID) VALUES
(740172, 801848);
INSERT INTO public.MANAGES(EMPLOYEE_ID, CLAIM_ID) VALUES
(740173, 801849);
INSERT INTO public.MANAGES(EMPLOYEE_ID, CLAIM_ID) VALUES
(450042, 477638);
INSERT INTO public.MANAGES(EMPLOYEE_ID, CLAIM_ID) VALUES
(360039, 846977);
INSERT INTO public.MANAGES(EMPLOYEE_ID, CLAIM_ID) VALUES
(450040, 801847);
INSERT INTO public.MANAGES(EMPLOYEE_ID, CLAIM_ID) VALUES
(740171, 711846);
INSERT INTO public.MANAGES(EMPLOYEE_ID, CLAIM_ID) VALUES
(999999, 425284);
INSERT INTO public.MANAGES(EMPLOYEE_ID, CLAIM_ID) VALUES
(965462, 425286);
INSERT INTO public.MANAGES(EMPLOYEE_ID, CLAIM_ID) VALUES
(533927, 335287);
INSERT INTO public.MANAGES(EMPLOYEE_ID, CLAIM_ID) VALUES
(650172, 335286);
INSERT INTO public.MANAGES(EMPLOYEE_ID, CLAIM_ID) VALUES
(533926, 846978);
INSERT INTO public.MANAGES(EMPLOYEE_ID, CLAIM_ID) VALUES
(450044, 279917);
INSERT INTO public.MANAGES(EMPLOYEE_ID, CLAIM_ID) VALUES
(533925, 477634);
INSERT INTO public.MANAGES(EMPLOYEE_ID, CLAIM_ID) VALUES
(650173, 936976);
INSERT INTO public.MANAGES(EMPLOYEE_ID, CLAIM_ID) VALUES
(360042, 801850);
INSERT INTO public.MANAGES(EMPLOYEE_ID, CLAIM_ID) VALUES
(182693, 567636);
INSERT INTO public.MANAGES(EMPLOYEE_ID, CLAIM_ID) VALUES
(875465, 189916);
INSERT INTO public.MANAGES(EMPLOYEE_ID, CLAIM_ID) VALUES
(360040, 425285);
INSERT INTO public.MANAGES(EMPLOYEE_ID, CLAIM_ID) VALUES
(272692, 999999);
INSERT INTO public.MANAGES(EMPLOYEE_ID, CLAIM_ID) VALUES
(623925, 335283);
INSERT INTO public.MANAGES(EMPLOYEE_ID, CLAIM_ID) VALUES
(623928, 711849);
INSERT INTO public.MANAGES(EMPLOYEE_ID, CLAIM_ID) VALUES
(623930, 711850);
INSERT INTO public.MANAGES(EMPLOYEE_ID, CLAIM_ID) VALUES
(623927, 477636);
INSERT INTO public.MANAGES(EMPLOYEE_ID, CLAIM_ID) VALUES
(360041, 567637);
INSERT INTO public.MANAGES(EMPLOYEE_ID, CLAIM_ID) VALUES
(875462, 279915);
INSERT INTO public.MANAGES(EMPLOYEE_ID, CLAIM_ID) VALUES
(533928, 846979);
INSERT INTO public.MANAGES(EMPLOYEE_ID, CLAIM_ID) VALUES
(272694, 801851);
INSERT INTO public.MANAGES(EMPLOYEE_ID, CLAIM_ID) VALUES
(623929, 477637);
INSERT INTO public.MANAGES(EMPLOYEE_ID, CLAIM_ID) VALUES
(875461, 936973);
INSERT INTO public.MANAGES(EMPLOYEE_ID, CLAIM_ID) VALUES
(965460, 567635);
INSERT INTO public.MANAGES(EMPLOYEE_ID, CLAIM_ID) VALUES
(965459, 846976);

--
-- Inserting data into table public.OUTSOURCES
--
INSERT INTO public.OUTSOURCES(NAME, CLAIM_ID) VALUES
(' Privance ', 425284);
INSERT INTO public.OUTSOURCES(NAME, CLAIM_ID) VALUES
(' Indental ', 189915);
INSERT INTO public.OUTSOURCES(NAME, CLAIM_ID) VALUES
(' Metrol ', 189915);
INSERT INTO public.OUTSOURCES(NAME, CLAIM_ID) VALUES
(' Econder ', 936974);
INSERT INTO public.OUTSOURCES(NAME, CLAIM_ID) VALUES
(' Metrol ', 846977);
INSERT INTO public.OUTSOURCES(NAME, CLAIM_ID) VALUES
(' Rail ', 477635);
INSERT INTO public.OUTSOURCES(NAME, CLAIM_ID) VALUES
(' Exodus ', 189915);
INSERT INTO public.OUTSOURCES(NAME, CLAIM_ID) VALUES
(' Metrol ', 999999);
INSERT INTO public.OUTSOURCES(NAME, CLAIM_ID) VALUES
(' Homestic ', 846977);
INSERT INTO public.OUTSOURCES(NAME, CLAIM_ID) VALUES
(' Cology ', 711846);
INSERT INTO public.OUTSOURCES(NAME, CLAIM_ID) VALUES
(' Cology ', 936974);
INSERT INTO public.OUTSOURCES(NAME, CLAIM_ID) VALUES
(' Indental ', 846977);
INSERT INTO public.OUTSOURCES(NAME, CLAIM_ID) VALUES
(' Gymitive ', 477634);
INSERT INTO public.OUTSOURCES(NAME, CLAIM_ID) VALUES
(' Econder ', 711846);
INSERT INTO public.OUTSOURCES(NAME, CLAIM_ID) VALUES
(' Rail ', 425284);
INSERT INTO public.OUTSOURCES(NAME, CLAIM_ID) VALUES
(' Indental ', 936975);
INSERT INTO public.OUTSOURCES(NAME, CLAIM_ID) VALUES
(' Exodus ', 477634);
INSERT INTO public.OUTSOURCES(NAME, CLAIM_ID) VALUES
(' Privance ', 846977);
INSERT INTO public.OUTSOURCES(NAME, CLAIM_ID) VALUES
(' Cology ', 279915);
INSERT INTO public.OUTSOURCES(NAME, CLAIM_ID) VALUES
(' Digitinar ', 846976);
INSERT INTO public.OUTSOURCES(NAME, CLAIM_ID) VALUES
(' Indental ', 425284);
INSERT INTO public.OUTSOURCES(NAME, CLAIM_ID) VALUES
(' Metrol ', 425284);
INSERT INTO public.OUTSOURCES(NAME, CLAIM_ID) VALUES
(' Rail ', 846977);
INSERT INTO public.OUTSOURCES(NAME, CLAIM_ID) VALUES
(' Homestic ', 279915);
INSERT INTO public.OUTSOURCES(NAME, CLAIM_ID) VALUES
(' Exodus ', 711846);
INSERT INTO public.OUTSOURCES(NAME, CLAIM_ID) VALUES
(' Digitinar ', 936973);
INSERT INTO public.OUTSOURCES(NAME, CLAIM_ID) VALUES
(' Econder ', 477634);
INSERT INTO public.OUTSOURCES(NAME, CLAIM_ID) VALUES
(' Rail ', 999999);
INSERT INTO public.OUTSOURCES(NAME, CLAIM_ID) VALUES
(' Exodus ', 279915);
INSERT INTO public.OUTSOURCES(NAME, CLAIM_ID) VALUES
(' Gymitive ', 936974);
INSERT INTO public.OUTSOURCES(NAME, CLAIM_ID) VALUES
(' Econder ', 567635);
INSERT INTO public.OUTSOURCES(NAME, CLAIM_ID) VALUES
(' Homestic ', 477634);
INSERT INTO public.OUTSOURCES(NAME, CLAIM_ID) VALUES
(' Digitinar ', 936974);
INSERT INTO public.OUTSOURCES(NAME, CLAIM_ID) VALUES
(' Indental ', 999999);
INSERT INTO public.OUTSOURCES(NAME, CLAIM_ID) VALUES
(' Homestic ', 567635);
INSERT INTO public.OUTSOURCES(NAME, CLAIM_ID) VALUES
(' Gymitive ', 711846);
INSERT INTO public.OUTSOURCES(NAME, CLAIM_ID) VALUES
(' Privance ', 567635);
INSERT INTO public.OUTSOURCES(NAME, CLAIM_ID) VALUES
(' Gymitive ', 846976);
INSERT INTO public.OUTSOURCES(NAME, CLAIM_ID) VALUES
(' Digitinar ', 335283);
INSERT INTO public.OUTSOURCES(NAME, CLAIM_ID) VALUES
(' Econder ', 279915);
INSERT INTO public.OUTSOURCES(NAME, CLAIM_ID) VALUES
(' Rail ', 936975);
INSERT INTO public.OUTSOURCES(NAME, CLAIM_ID) VALUES
(' Privance ', 189915);
INSERT INTO public.OUTSOURCES(NAME, CLAIM_ID) VALUES
(' Cology ', 477634);
INSERT INTO public.OUTSOURCES(NAME, CLAIM_ID) VALUES
(' Privance ', 279915);
INSERT INTO public.OUTSOURCES(NAME, CLAIM_ID) VALUES
(' Exodus ', 567635);
INSERT INTO public.OUTSOURCES(NAME, CLAIM_ID) VALUES
(' Digitinar ', 711846);
INSERT INTO public.OUTSOURCES(NAME, CLAIM_ID) VALUES
(' Homestic ', 189915);
INSERT INTO public.OUTSOURCES(NAME, CLAIM_ID) VALUES
(' Gymitive ', 936973);
INSERT INTO public.OUTSOURCES(NAME, CLAIM_ID) VALUES
(' Metrol ', 567635);
INSERT INTO public.OUTSOURCES(NAME, CLAIM_ID) VALUES
(' Cology ', 846976);

--
-- Inserting data into table public.POLICY_INCLUDES
--
INSERT INTO public.POLICY_INCLUDES(POLICY_ID, ITEM_ID) VALUES
(826969, 481283);
INSERT INTO public.POLICY_INCLUDES(POLICY_ID, ITEM_ID) VALUES
(826967, 777565);
INSERT INTO public.POLICY_INCLUDES(POLICY_ID, ITEM_ID) VALUES
(548904, 209608);
INSERT INTO public.POLICY_INCLUDES(POLICY_ID, ITEM_ID) VALUES
(742811, 999999);
INSERT INTO public.POLICY_INCLUDES(POLICY_ID, ITEM_ID) VALUES
(193984, 119609);
INSERT INTO public.POLICY_INCLUDES(POLICY_ID, ITEM_ID) VALUES
(103986, 399561);
INSERT INTO public.POLICY_INCLUDES(POLICY_ID, ITEM_ID) VALUES
(325373, 399560);
INSERT INTO public.POLICY_INCLUDES(POLICY_ID, ITEM_ID) VALUES
(638907, 309560);
INSERT INTO public.POLICY_INCLUDES(POLICY_ID, ITEM_ID) VALUES
(916966, 209611);
INSERT INTO public.POLICY_INCLUDES(POLICY_ID, ITEM_ID) VALUES
(916965, 119608);
INSERT INTO public.POLICY_INCLUDES(POLICY_ID, ITEM_ID) VALUES
(193983, 399556);
INSERT INTO public.POLICY_INCLUDES(POLICY_ID, ITEM_ID) VALUES
(652812, 309557);
INSERT INTO public.POLICY_INCLUDES(POLICY_ID, ITEM_ID) VALUES
(415373, 687567);
INSERT INTO public.POLICY_INCLUDES(POLICY_ID, ITEM_ID) VALUES
(415370, 910038);
INSERT INTO public.POLICY_INCLUDES(POLICY_ID, ITEM_ID) VALUES
(742813, 820041);
INSERT INTO public.POLICY_INCLUDES(POLICY_ID, ITEM_ID) VALUES
(916967, 777568);
INSERT INTO public.POLICY_INCLUDES(POLICY_ID, ITEM_ID) VALUES
(742812, 309556);
INSERT INTO public.POLICY_INCLUDES(POLICY_ID, ITEM_ID) VALUES
(548905, 481282);
INSERT INTO public.POLICY_INCLUDES(POLICY_ID, ITEM_ID) VALUES
(638906, 910041);
INSERT INTO public.POLICY_INCLUDES(POLICY_ID, ITEM_ID) VALUES
(652813, 399558);
INSERT INTO public.POLICY_INCLUDES(POLICY_ID, ITEM_ID) VALUES
(742815, 209610);
INSERT INTO public.POLICY_INCLUDES(POLICY_ID, ITEM_ID) VALUES
(652816, 777567);
INSERT INTO public.POLICY_INCLUDES(POLICY_ID, ITEM_ID) VALUES
(103982, 399555);
INSERT INTO public.POLICY_INCLUDES(POLICY_ID, ITEM_ID) VALUES
(638904, 687565);
INSERT INTO public.POLICY_INCLUDES(POLICY_ID, ITEM_ID) VALUES
(103981, 481279);
INSERT INTO public.POLICY_INCLUDES(POLICY_ID, ITEM_ID) VALUES
(999999, 309555);
INSERT INTO public.POLICY_INCLUDES(POLICY_ID, ITEM_ID) VALUES
(742814, 209609);
INSERT INTO public.POLICY_INCLUDES(POLICY_ID, ITEM_ID) VALUES
(652815, 571281);
INSERT INTO public.POLICY_INCLUDES(POLICY_ID, ITEM_ID) VALUES
(652814, 777566);
INSERT INTO public.POLICY_INCLUDES(POLICY_ID, ITEM_ID) VALUES
(325370, 910039);
INSERT INTO public.POLICY_INCLUDES(POLICY_ID, ITEM_ID) VALUES
(548906, 119610);
INSERT INTO public.POLICY_INCLUDES(POLICY_ID, ITEM_ID) VALUES
(193982, 687564);
INSERT INTO public.POLICY_INCLUDES(POLICY_ID, ITEM_ID) VALUES
(742816, 481281);
INSERT INTO public.POLICY_INCLUDES(POLICY_ID, ITEM_ID) VALUES
(103985, 820043);
INSERT INTO public.POLICY_INCLUDES(POLICY_ID, ITEM_ID) VALUES
(638905, 481280);
INSERT INTO public.POLICY_INCLUDES(POLICY_ID, ITEM_ID) VALUES
(103984, 571282);
INSERT INTO public.POLICY_INCLUDES(POLICY_ID, ITEM_ID) VALUES
(103983, 399557);
INSERT INTO public.POLICY_INCLUDES(POLICY_ID, ITEM_ID) VALUES
(652811, 119607);
INSERT INTO public.POLICY_INCLUDES(POLICY_ID, ITEM_ID) VALUES
(652810, 777564);
INSERT INTO public.POLICY_INCLUDES(POLICY_ID, ITEM_ID) VALUES
(193985, 910040);
INSERT INTO public.POLICY_INCLUDES(POLICY_ID, ITEM_ID) VALUES
(826968, 309559);
INSERT INTO public.POLICY_INCLUDES(POLICY_ID, ITEM_ID) VALUES
(415371, 687566);
INSERT INTO public.POLICY_INCLUDES(POLICY_ID, ITEM_ID) VALUES
(325371, 820042);
INSERT INTO public.POLICY_INCLUDES(POLICY_ID, ITEM_ID) VALUES
(548903, 571280);
INSERT INTO public.POLICY_INCLUDES(POLICY_ID, ITEM_ID) VALUES
(415372, 309558);
INSERT INTO public.POLICY_INCLUDES(POLICY_ID, ITEM_ID) VALUES
(193986, 571283);
INSERT INTO public.POLICY_INCLUDES(POLICY_ID, ITEM_ID) VALUES
(325372, 399559);
INSERT INTO public.POLICY_INCLUDES(POLICY_ID, ITEM_ID) VALUES
(638903, 399554);
INSERT INTO public.POLICY_INCLUDES(POLICY_ID, ITEM_ID) VALUES
(916964, 309554);
INSERT INTO public.POLICY_INCLUDES(POLICY_ID, ITEM_ID) VALUES
(325369, 820040);

--
-- Inserting data into table public.POLICY_PAYMENT
--
INSERT INTO public.POLICY_PAYMENT(PAYMENT_ID, POLICY_ID, RECIPIENT_NAME, RECIPIENT_ADDRESS, BANK, PAYMENT_AMOUNT, PAYMENT_DATE, STATUS) VALUES
(921947, 826969, 'Larry Elmore', '48 New'||CHR(13)||CHR(10)
||'	St.', 'Citigroup', 520.66, '06/12/2014 00:00:00', 'Not Paid');
INSERT INTO public.POLICY_PAYMENT(PAYMENT_ID, POLICY_ID, RECIPIENT_NAME, RECIPIENT_ADDRESS, BANK, PAYMENT_AMOUNT, PAYMENT_DATE, STATUS) VALUES
(413237, 826967, 'Neil Abney', '64 West Rocky'||CHR(13)||CHR(10)
||'	Cowley'||CHR(13)||CHR(10)
||'	Parkway', 'BofA', 574.45, '11/17/2016 00:00:00', 'Pending');
INSERT INTO public.POLICY_PAYMENT(PAYMENT_ID, POLICY_ID, RECIPIENT_NAME, RECIPIENT_ADDRESS, BANK, PAYMENT_AMOUNT, PAYMENT_DATE, STATUS) VALUES
(511143, 548904, 'Gerald Roland', '97 White Oak'||CHR(13)||CHR(10)
||'	Way', 'BofA', 459.93, '06/01/2014 00:00:00', 'Not Paid');
INSERT INTO public.POLICY_PAYMENT(PAYMENT_ID, POLICY_ID, RECIPIENT_NAME, RECIPIENT_ADDRESS, BANK, PAYMENT_AMOUNT, PAYMENT_DATE, STATUS) VALUES
(831947, 742811, 'Adaline Urbina', '89 Green Second'||CHR(13)||CHR(10)
||'	Boulevard', 'Citigroup', 532.33, '11/22/2013 00:00:00', 'Not Paid');
INSERT INTO public.POLICY_PAYMENT(PAYMENT_ID, POLICY_ID, RECIPIENT_NAME, RECIPIENT_ADDRESS, BANK, PAYMENT_AMOUNT, PAYMENT_DATE, STATUS) VALUES
(668269, 193984, 'Adolfo Alderman', '215 Fabien'||CHR(13)||CHR(10)
||'	Avenue', 'Chase', 356.43, '02/03/2016 00:00:00', 'Pending');
INSERT INTO public.POLICY_PAYMENT(PAYMENT_ID, POLICY_ID, RECIPIENT_NAME, RECIPIENT_ADDRESS, BANK, PAYMENT_AMOUNT, PAYMENT_DATE, STATUS) VALUES
(601147, 103986, 'Jared Lopez', '159 Second'||CHR(13)||CHR(10)
||'	Boulevard', 'Chase', 708.86, '12/10/2011 00:00:00', 'Paid');
INSERT INTO public.POLICY_PAYMENT(PAYMENT_ID, POLICY_ID, RECIPIENT_NAME, RECIPIENT_ADDRESS, BANK, PAYMENT_AMOUNT, PAYMENT_DATE, STATUS) VALUES
(668271, 325373, 'Thalia Patel', '431 Green Old'||CHR(13)||CHR(10)
||'	Blvd.', 'Citigroup', 472.33, '04/18/2011 00:00:00', 'Paid');
INSERT INTO public.POLICY_PAYMENT(PAYMENT_ID, POLICY_ID, RECIPIENT_NAME, RECIPIENT_ADDRESS, BANK, PAYMENT_AMOUNT, PAYMENT_DATE, STATUS) VALUES
(121665, 638907, 'Lucilla Burchfield', '977 Fabien'||CHR(13)||CHR(10)
||'	Drive', 'Wells Fargo', 348.21, '05/16/2019 00:00:00', 'Not Paid');
INSERT INTO public.POLICY_PAYMENT(PAYMENT_ID, POLICY_ID, RECIPIENT_NAME, RECIPIENT_ADDRESS, BANK, PAYMENT_AMOUNT, PAYMENT_DATE, STATUS) VALUES
(323242, 916966, 'Doyle Hamm', '26 White First'||CHR(13)||CHR(10)
||'	Avenue', 'BofA', 457.95, '05/30/2011 00:00:00', 'Not Paid');
INSERT INTO public.POLICY_PAYMENT(PAYMENT_ID, POLICY_ID, RECIPIENT_NAME, RECIPIENT_ADDRESS, BANK, PAYMENT_AMOUNT, PAYMENT_DATE, STATUS) VALUES
(323238, 916965, 'Jarvis Blackwood', '78 West Rocky'||CHR(13)||CHR(10)
||'	Oak'||CHR(13)||CHR(10)
||'	Drive', 'Chase', 623.69, '01/27/2017 00:00:00', 'Pending');
INSERT INTO public.POLICY_PAYMENT(PAYMENT_ID, POLICY_ID, RECIPIENT_NAME, RECIPIENT_ADDRESS, BANK, PAYMENT_AMOUNT, PAYMENT_DATE, STATUS) VALUES
(511142, 193983, 'Billy Clough', '218 Hague'||CHR(13)||CHR(10)
||'	Boulevard', 'BofA', 664.19, '01/10/2010 00:00:00', 'Paid');
INSERT INTO public.POLICY_PAYMENT(PAYMENT_ID, POLICY_ID, RECIPIENT_NAME, RECIPIENT_ADDRESS, BANK, PAYMENT_AMOUNT, PAYMENT_DATE, STATUS) VALUES
(758269, 652812, 'Helena Alger', '37 South New'||CHR(13)||CHR(10)
||'	Freeway', 'Wells Fargo', 309.61, '09/08/2018 00:00:00', 'Pending');
INSERT INTO public.POLICY_PAYMENT(PAYMENT_ID, POLICY_ID, RECIPIENT_NAME, RECIPIENT_ADDRESS, BANK, PAYMENT_AMOUNT, PAYMENT_DATE, STATUS) VALUES
(413242, 415373, 'Stanley Gallo', '908 Fabien'||CHR(13)||CHR(10)
||'	Road', 'Citigroup', 337.71, '06/15/2010 00:00:00', 'Not Paid');
INSERT INTO public.POLICY_PAYMENT(PAYMENT_ID, POLICY_ID, RECIPIENT_NAME, RECIPIENT_ADDRESS, BANK, PAYMENT_AMOUNT, PAYMENT_DATE, STATUS) VALUES
(121662, 415370, 'Adelaida Rhea', '724 Second'||CHR(13)||CHR(10)
||'	Drive', 'Citigroup', 174.5, '01/04/2010 00:00:00', 'Pending');
INSERT INTO public.POLICY_PAYMENT(PAYMENT_ID, POLICY_ID, RECIPIENT_NAME, RECIPIENT_ADDRESS, BANK, PAYMENT_AMOUNT, PAYMENT_DATE, STATUS) VALUES
(831948, 742813, 'Delois Spencer', '40 New'||CHR(13)||CHR(10)
||'	Parkway', 'Wells Fargo', 624.27, '03/13/2014 00:00:00', 'Pending');
INSERT INTO public.POLICY_PAYMENT(PAYMENT_ID, POLICY_ID, RECIPIENT_NAME, RECIPIENT_ADDRESS, BANK, PAYMENT_AMOUNT, PAYMENT_DATE, STATUS) VALUES
(511146, 916967, 'Adolfo Seymore', '17 First'||CHR(13)||CHR(10)
||'	Blvd.', 'Chase', 347.06, '04/30/2016 00:00:00', 'Pending');
INSERT INTO public.POLICY_PAYMENT(PAYMENT_ID, POLICY_ID, RECIPIENT_NAME, RECIPIENT_ADDRESS, BANK, PAYMENT_AMOUNT, PAYMENT_DATE, STATUS) VALUES
(211663, 742812, 'Georgann Poirier', '642 Nobel'||CHR(13)||CHR(10)
||'	Street', 'Wells Fargo', 389.69, '01/03/2010 00:00:00', 'Pending');
INSERT INTO public.POLICY_PAYMENT(PAYMENT_ID, POLICY_ID, RECIPIENT_NAME, RECIPIENT_ADDRESS, BANK, PAYMENT_AMOUNT, PAYMENT_DATE, STATUS) VALUES
(413241, 548905, 'Maurice Booth', '99 Oak'||CHR(13)||CHR(10)
||'	Blvd.', 'BofA', 106.76, '05/27/2020 00:00:00', 'Pending');
INSERT INTO public.POLICY_PAYMENT(PAYMENT_ID, POLICY_ID, RECIPIENT_NAME, RECIPIENT_ADDRESS, BANK, PAYMENT_AMOUNT, PAYMENT_DATE, STATUS) VALUES
(121664, 638906, 'Wendy Conners', '98 Nobel'||CHR(13)||CHR(10)
||'	Way', 'BofA', 580.77, '11/22/2011 00:00:00', 'Paid');
INSERT INTO public.POLICY_PAYMENT(PAYMENT_ID, POLICY_ID, RECIPIENT_NAME, RECIPIENT_ADDRESS, BANK, PAYMENT_AMOUNT, PAYMENT_DATE, STATUS) VALUES
(601144, 652813, 'Waldo Adair', '62 White New'||CHR(13)||CHR(10)
||'	St.', 'Citigroup', 393.41, '04/02/2018 00:00:00', 'Pending');
INSERT INTO public.POLICY_PAYMENT(PAYMENT_ID, POLICY_ID, RECIPIENT_NAME, RECIPIENT_ADDRESS, BANK, PAYMENT_AMOUNT, PAYMENT_DATE, STATUS) VALUES
(121663, 742815, 'Irving Salazar', '197 White Clarendon'||CHR(13)||CHR(10)
||'	Blvd.', 'BofA', 467.36, '07/21/2014 00:00:00', 'Pending');
INSERT INTO public.POLICY_PAYMENT(PAYMENT_ID, POLICY_ID, RECIPIENT_NAME, RECIPIENT_ADDRESS, BANK, PAYMENT_AMOUNT, PAYMENT_DATE, STATUS) VALUES
(601146, 652816, 'Lori Acevedo', '673 Second'||CHR(13)||CHR(10)
||'	Parkway', 'Citigroup', 394.01, '07/30/2019 00:00:00', 'Pending');
INSERT INTO public.POLICY_PAYMENT(PAYMENT_ID, POLICY_ID, RECIPIENT_NAME, RECIPIENT_ADDRESS, BANK, PAYMENT_AMOUNT, PAYMENT_DATE, STATUS) VALUES
(601142, 103982, 'Abdul Baron', '95 West Rocky'||CHR(13)||CHR(10)
||'	New'||CHR(13)||CHR(10)
||'	Road', 'Chase', 524.79, '04/05/2013 00:00:00', 'Not Paid');
INSERT INTO public.POLICY_PAYMENT(PAYMENT_ID, POLICY_ID, RECIPIENT_NAME, RECIPIENT_ADDRESS, BANK, PAYMENT_AMOUNT, PAYMENT_DATE, STATUS) VALUES
(668268, 638904, 'Joe Greathouse', '45 Rocky'||CHR(13)||CHR(10)
||'	Oak'||CHR(13)||CHR(10)
||'	Parkway', 'Wells Fargo', 215.65, '04/20/2020 00:00:00', 'Not Paid');
INSERT INTO public.POLICY_PAYMENT(PAYMENT_ID, POLICY_ID, RECIPIENT_NAME, RECIPIENT_ADDRESS, BANK, PAYMENT_AMOUNT, PAYMENT_DATE, STATUS) VALUES
(921945, 103981, 'Casey Wetzel', '225 Fabien'||CHR(13)||CHR(10)
||'	Blvd.', 'Wells Fargo', 647.69, '02/11/2011 00:00:00', 'Paid');
INSERT INTO public.POLICY_PAYMENT(PAYMENT_ID, POLICY_ID, RECIPIENT_NAME, RECIPIENT_ADDRESS, BANK, PAYMENT_AMOUNT, PAYMENT_DATE, STATUS) VALUES
(211662, 999999, 'Bernardo Champion', '11 West Rocky'||CHR(13)||CHR(10)
||'	Old'||CHR(13)||CHR(10)
||'	Parkway', 'Chase', 649.09, '06/12/2011 00:00:00', 'Paid');
INSERT INTO public.POLICY_PAYMENT(PAYMENT_ID, POLICY_ID, RECIPIENT_NAME, RECIPIENT_ADDRESS, BANK, PAYMENT_AMOUNT, PAYMENT_DATE, STATUS) VALUES
(511144, 742814, 'Jessenia Schuster', '764 Fabien'||CHR(13)||CHR(10)
||'	Street', 'Wells Fargo', 654.46, '02/23/2016 00:00:00', 'Paid');
INSERT INTO public.POLICY_PAYMENT(PAYMENT_ID, POLICY_ID, RECIPIENT_NAME, RECIPIENT_ADDRESS, BANK, PAYMENT_AMOUNT, PAYMENT_DATE, STATUS) VALUES
(323239, 652815, 'Harland Abrams', '214 South Oak'||CHR(13)||CHR(10)
||'	Drive', 'Chase', 242.73, '04/03/2013 00:00:00', 'Not Paid');
INSERT INTO public.POLICY_PAYMENT(PAYMENT_ID, POLICY_ID, RECIPIENT_NAME, RECIPIENT_ADDRESS, BANK, PAYMENT_AMOUNT, PAYMENT_DATE, STATUS) VALUES
(921946, 652814, 'Sarita Ahern', '19 Green Clarendon'||CHR(13)||CHR(10)
||'	Boulevard', 'Citigroup', 298.89, '06/30/2020 00:00:00', 'Paid');
INSERT INTO public.POLICY_PAYMENT(PAYMENT_ID, POLICY_ID, RECIPIENT_NAME, RECIPIENT_ADDRESS, BANK, PAYMENT_AMOUNT, PAYMENT_DATE, STATUS) VALUES
(413238, 325370, 'Kizzie Acevedo', '321 Fabien'||CHR(13)||CHR(10)
||'	Drive', 'Citigroup', 257.06, '01/10/2011 00:00:00', 'Pending');
INSERT INTO public.POLICY_PAYMENT(PAYMENT_ID, POLICY_ID, RECIPIENT_NAME, RECIPIENT_ADDRESS, BANK, PAYMENT_AMOUNT, PAYMENT_DATE, STATUS) VALUES
(211665, 548906, 'Monte Miles', '450 White Old'||CHR(13)||CHR(10)
||'	Boulevard', 'Citigroup', 395.95, '03/05/2013 00:00:00', 'Pending');
INSERT INTO public.POLICY_PAYMENT(PAYMENT_ID, POLICY_ID, RECIPIENT_NAME, RECIPIENT_ADDRESS, BANK, PAYMENT_AMOUNT, PAYMENT_DATE, STATUS) VALUES
(413236, 193982, 'Georgette Randle', '436 Cowley'||CHR(13)||CHR(10)
||'	Blvd.', 'Wells Fargo', 695.75, '06/05/2010 00:00:00', 'Not Paid');
INSERT INTO public.POLICY_PAYMENT(PAYMENT_ID, POLICY_ID, RECIPIENT_NAME, RECIPIENT_ADDRESS, BANK, PAYMENT_AMOUNT, PAYMENT_DATE, STATUS) VALUES
(758270, 742816, 'Brenton Archibald', '318 South Old'||CHR(13)||CHR(10)
||'	Boulevard', 'Wells Fargo', 223.13, '03/24/2010 00:00:00', 'Paid');
INSERT INTO public.POLICY_PAYMENT(PAYMENT_ID, POLICY_ID, RECIPIENT_NAME, RECIPIENT_ADDRESS, BANK, PAYMENT_AMOUNT, PAYMENT_DATE, STATUS) VALUES
(831949, 103985, 'Daryl Freund', '796 North First'||CHR(13)||CHR(10)
||'	Road', 'Chase', 616.17, '01/04/2010 00:00:00', 'Not Paid');
INSERT INTO public.POLICY_PAYMENT(PAYMENT_ID, POLICY_ID, RECIPIENT_NAME, RECIPIENT_ADDRESS, BANK, PAYMENT_AMOUNT, PAYMENT_DATE, STATUS) VALUES
(601145, 638905, 'Alfredo Gleason', '82 Second'||CHR(13)||CHR(10)
||'	Way', 'Chase', 287.89, '08/11/2015 00:00:00', 'Pending');
INSERT INTO public.POLICY_PAYMENT(PAYMENT_ID, POLICY_ID, RECIPIENT_NAME, RECIPIENT_ADDRESS, BANK, PAYMENT_AMOUNT, PAYMENT_DATE, STATUS) VALUES
(413240, 103984, 'Lilli Smalls', '64 Rocky'||CHR(13)||CHR(10)
||'	First'||CHR(13)||CHR(10)
||'	Road', 'Chase', 747.2, '03/01/2010 00:00:00', 'Pending');
INSERT INTO public.POLICY_PAYMENT(PAYMENT_ID, POLICY_ID, RECIPIENT_NAME, RECIPIENT_ADDRESS, BANK, PAYMENT_AMOUNT, PAYMENT_DATE, STATUS) VALUES
(601143, 103983, 'Gertie Daniel', '856 Hague'||CHR(13)||CHR(10)
||'	Boulevard', 'BofA', 659.14, '09/12/2010 00:00:00', 'Not Paid');
INSERT INTO public.POLICY_PAYMENT(PAYMENT_ID, POLICY_ID, RECIPIENT_NAME, RECIPIENT_ADDRESS, BANK, PAYMENT_AMOUNT, PAYMENT_DATE, STATUS) VALUES
(323237, 652811, 'Gene Helms', '41 Rocky'||CHR(13)||CHR(10)
||'	New'||CHR(13)||CHR(10)
||'	St.', 'BofA', 340.84, '05/22/2019 00:00:00', 'Not Paid');
INSERT INTO public.POLICY_PAYMENT(PAYMENT_ID, POLICY_ID, RECIPIENT_NAME, RECIPIENT_ADDRESS, BANK, PAYMENT_AMOUNT, PAYMENT_DATE, STATUS) VALUES
(999999, 652810, 'Patrica Allman', '22 White Oak'||CHR(13)||CHR(10)
||'	Boulevard', 'Chase', 525.03, '10/22/2010 00:00:00', 'Not Paid');
INSERT INTO public.POLICY_PAYMENT(PAYMENT_ID, POLICY_ID, RECIPIENT_NAME, RECIPIENT_ADDRESS, BANK, PAYMENT_AMOUNT, PAYMENT_DATE, STATUS) VALUES
(511145, 193985, 'Renata Alonzo', '94 West White Nobel'||CHR(13)||CHR(10)
||'	Street', 'Chase', 130.92, '04/05/2018 00:00:00', 'Not Paid');
INSERT INTO public.POLICY_PAYMENT(PAYMENT_ID, POLICY_ID, RECIPIENT_NAME, RECIPIENT_ADDRESS, BANK, PAYMENT_AMOUNT, PAYMENT_DATE, STATUS) VALUES
(758271, 826968, 'Adelaida Menendez', '738 Cowley'||CHR(13)||CHR(10)
||'	Boulevard', 'Wells Fargo', 326.68, '01/10/2010 00:00:00', 'Not Paid');
INSERT INTO public.POLICY_PAYMENT(PAYMENT_ID, POLICY_ID, RECIPIENT_NAME, RECIPIENT_ADDRESS, BANK, PAYMENT_AMOUNT, PAYMENT_DATE, STATUS) VALUES
(413239, 415371, 'Stanton Crenshaw', '90 Rocky'||CHR(13)||CHR(10)
||'	Milton'||CHR(13)||CHR(10)
||'	Way', 'Citigroup', 323.88, '09/01/2012 00:00:00', 'Pending');
INSERT INTO public.POLICY_PAYMENT(PAYMENT_ID, POLICY_ID, RECIPIENT_NAME, RECIPIENT_ADDRESS, BANK, PAYMENT_AMOUNT, PAYMENT_DATE, STATUS) VALUES
(668270, 325371, 'Dennise Lacy', '55 Green Hague'||CHR(13)||CHR(10)
||'	Street', 'Citigroup', 101.01, '11/23/2019 00:00:00', 'Pending');
INSERT INTO public.POLICY_PAYMENT(PAYMENT_ID, POLICY_ID, RECIPIENT_NAME, RECIPIENT_ADDRESS, BANK, PAYMENT_AMOUNT, PAYMENT_DATE, STATUS) VALUES
(323236, 548903, 'Andrew Aguilar', '127 East Fabien'||CHR(13)||CHR(10)
||'	Street', 'BofA', 217.76, '01/05/2010 00:00:00', 'Not Paid');
INSERT INTO public.POLICY_PAYMENT(PAYMENT_ID, POLICY_ID, RECIPIENT_NAME, RECIPIENT_ADDRESS, BANK, PAYMENT_AMOUNT, PAYMENT_DATE, STATUS) VALUES
(211664, 415372, 'Desiree Hildebrand', '576 Nobel'||CHR(13)||CHR(10)
||'	Drive', 'Chase', 411.3, '09/29/2011 00:00:00', 'Pending');
INSERT INTO public.POLICY_PAYMENT(PAYMENT_ID, POLICY_ID, RECIPIENT_NAME, RECIPIENT_ADDRESS, BANK, PAYMENT_AMOUNT, PAYMENT_DATE, STATUS) VALUES
(323241, 193986, 'Madelyn Courtney', '12 Second'||CHR(13)||CHR(10)
||'	Way', 'BofA', 103.29, '10/06/2016 00:00:00', 'Not Paid');
INSERT INTO public.POLICY_PAYMENT(PAYMENT_ID, POLICY_ID, RECIPIENT_NAME, RECIPIENT_ADDRESS, BANK, PAYMENT_AMOUNT, PAYMENT_DATE, STATUS) VALUES
(323240, 325372, 'Abe Hidalgo', '834 First'||CHR(13)||CHR(10)
||'	Drive', 'Chase', 731.7, '01/17/2017 00:00:00', 'Pending');
INSERT INTO public.POLICY_PAYMENT(PAYMENT_ID, POLICY_ID, RECIPIENT_NAME, RECIPIENT_ADDRESS, BANK, PAYMENT_AMOUNT, PAYMENT_DATE, STATUS) VALUES
(601141, 638903, 'Ardath Barker', '93 White First'||CHR(13)||CHR(10)
||'	Avenue', 'BofA', 497.27, '04/08/2011 00:00:00', 'Paid');
INSERT INTO public.POLICY_PAYMENT(PAYMENT_ID, POLICY_ID, RECIPIENT_NAME, RECIPIENT_ADDRESS, BANK, PAYMENT_AMOUNT, PAYMENT_DATE, STATUS) VALUES
(511141, 916964, 'Gene Catron', '969 East Rocky'||CHR(13)||CHR(10)
||'	First'||CHR(13)||CHR(10)
||'	St.', 'Citigroup', 684.73, '02/21/2012 00:00:00', 'Pending');
INSERT INTO public.POLICY_PAYMENT(PAYMENT_ID, POLICY_ID, RECIPIENT_NAME, RECIPIENT_ADDRESS, BANK, PAYMENT_AMOUNT, PAYMENT_DATE, STATUS) VALUES
(323235, 325369, 'Daren Herbert', '15 Clarendon'||CHR(13)||CHR(10)
||'	Street', 'BofA', 500.77, '12/13/2014 00:00:00', 'Paid');

--
-- Inserting data into table public.QUOTES
--
INSERT INTO public.QUOTES(NAME, ITEM_ID) VALUES
(' Privance ', 309555);
INSERT INTO public.QUOTES(NAME, ITEM_ID) VALUES
(' Indental ', 777565);
INSERT INTO public.QUOTES(NAME, ITEM_ID) VALUES
(' Metrol ', 777565);
INSERT INTO public.QUOTES(NAME, ITEM_ID) VALUES
(' Econder ', 999999);
INSERT INTO public.QUOTES(NAME, ITEM_ID) VALUES
(' Metrol ', 399555);
INSERT INTO public.QUOTES(NAME, ITEM_ID) VALUES
(' Rail ', 910038);
INSERT INTO public.QUOTES(NAME, ITEM_ID) VALUES
(' Exodus ', 777565);
INSERT INTO public.QUOTES(NAME, ITEM_ID) VALUES
(' Metrol ', 119607);
INSERT INTO public.QUOTES(NAME, ITEM_ID) VALUES
(' Homestic ', 399555);
INSERT INTO public.QUOTES(NAME, ITEM_ID) VALUES
(' Cology ', 481279);
INSERT INTO public.QUOTES(NAME, ITEM_ID) VALUES
(' Cology ', 999999);
INSERT INTO public.QUOTES(NAME, ITEM_ID) VALUES
(' Indental ', 399555);
INSERT INTO public.QUOTES(NAME, ITEM_ID) VALUES
(' Gymitive ', 687564);
INSERT INTO public.QUOTES(NAME, ITEM_ID) VALUES
(' Econder ', 481279);
INSERT INTO public.QUOTES(NAME, ITEM_ID) VALUES
(' Rail ', 309555);
INSERT INTO public.QUOTES(NAME, ITEM_ID) VALUES
(' Indental ', 399556);
INSERT INTO public.QUOTES(NAME, ITEM_ID) VALUES
(' Exodus ', 687564);
INSERT INTO public.QUOTES(NAME, ITEM_ID) VALUES
(' Privance ', 399555);
INSERT INTO public.QUOTES(NAME, ITEM_ID) VALUES
(' Cology ', 571280);
INSERT INTO public.QUOTES(NAME, ITEM_ID) VALUES
(' Digitinar ', 820040);
INSERT INTO public.QUOTES(NAME, ITEM_ID) VALUES
(' Indental ', 309555);
INSERT INTO public.QUOTES(NAME, ITEM_ID) VALUES
(' Metrol ', 309555);
INSERT INTO public.QUOTES(NAME, ITEM_ID) VALUES
(' Rail ', 399555);
INSERT INTO public.QUOTES(NAME, ITEM_ID) VALUES
(' Homestic ', 571280);
INSERT INTO public.QUOTES(NAME, ITEM_ID) VALUES
(' Exodus ', 481279);
INSERT INTO public.QUOTES(NAME, ITEM_ID) VALUES
(' Digitinar ', 399554);
INSERT INTO public.QUOTES(NAME, ITEM_ID) VALUES
(' Econder ', 687564);
INSERT INTO public.QUOTES(NAME, ITEM_ID) VALUES
(' Rail ', 119607);
INSERT INTO public.QUOTES(NAME, ITEM_ID) VALUES
(' Exodus ', 571280);
INSERT INTO public.QUOTES(NAME, ITEM_ID) VALUES
(' Gymitive ', 999999);
INSERT INTO public.QUOTES(NAME, ITEM_ID) VALUES
(' Econder ', 309554);
INSERT INTO public.QUOTES(NAME, ITEM_ID) VALUES
(' Homestic ', 687564);
INSERT INTO public.QUOTES(NAME, ITEM_ID) VALUES
(' Digitinar ', 999999);
INSERT INTO public.QUOTES(NAME, ITEM_ID) VALUES
(' Indental ', 119607);
INSERT INTO public.QUOTES(NAME, ITEM_ID) VALUES
(' Homestic ', 309554);
INSERT INTO public.QUOTES(NAME, ITEM_ID) VALUES
(' Gymitive ', 481279);
INSERT INTO public.QUOTES(NAME, ITEM_ID) VALUES
(' Privance ', 309554);
INSERT INTO public.QUOTES(NAME, ITEM_ID) VALUES
(' Gymitive ', 820040);
INSERT INTO public.QUOTES(NAME, ITEM_ID) VALUES
(' Digitinar ', 777564);
INSERT INTO public.QUOTES(NAME, ITEM_ID) VALUES
(' Econder ', 571280);
INSERT INTO public.QUOTES(NAME, ITEM_ID) VALUES
(' Rail ', 399556);
INSERT INTO public.QUOTES(NAME, ITEM_ID) VALUES
(' Privance ', 777565);
INSERT INTO public.QUOTES(NAME, ITEM_ID) VALUES
(' Cology ', 687564);
INSERT INTO public.QUOTES(NAME, ITEM_ID) VALUES
(' Privance ', 571280);
INSERT INTO public.QUOTES(NAME, ITEM_ID) VALUES
(' Exodus ', 309554);
INSERT INTO public.QUOTES(NAME, ITEM_ID) VALUES
(' Digitinar ', 481279);
INSERT INTO public.QUOTES(NAME, ITEM_ID) VALUES
(' Homestic ', 777565);
INSERT INTO public.QUOTES(NAME, ITEM_ID) VALUES
(' Gymitive ', 399554);
INSERT INTO public.QUOTES(NAME, ITEM_ID) VALUES
(' Metrol ', 309554);
INSERT INTO public.QUOTES(NAME, ITEM_ID) VALUES
(' Cology ', 820040);

--
-- Inserting data into table public.VEHICLE
--
INSERT INTO public.VEHICLE(POLICY_ID, VEHICLE_ID, EXTRA_VEHICLE, YEAR, MAKE, MODEL, VIN, LICENSE_PLATE, TOTAL_MILEAGE, ANNUAL_MILES, MARKET_VALUE) VALUES
(826969, 755634, 'Yes', 2007, 'Volvo', ' Mustang ', '5N1AZ1MUXCC681649', '8XBE282', 107228, 8055, 16199.89);
INSERT INTO public.VEHICLE(POLICY_ID, VEHICLE_ID, EXTRA_VEHICLE, YEAR, MAKE, MODEL, VIN, LICENSE_PLATE, TOTAL_MILEAGE, ANNUAL_MILES, MARKET_VALUE) VALUES
(826967, 376189, 'Yes', 2009, 'Jaguar', ' Equinox ', '2MEDK05T1BT997521', 'MXGD7G7', 114235, 25025, 42357.59);
INSERT INTO public.VEHICLE(POLICY_ID, VEHICLE_ID, EXTRA_VEHICLE, YEAR, MAKE, MODEL, VIN, LICENSE_PLATE, TOTAL_MILEAGE, ANNUAL_MILES, MARKET_VALUE) VALUES
(548904, 286189, 'Yes', 2027, 'Acura', ' Equinox ', '2G1DV57T0A6749429', '3CG1Q11', 53585, 25990, 70156.62);
INSERT INTO public.VEHICLE(POLICY_ID, VEHICLE_ID, EXTRA_VEHICLE, YEAR, MAKE, MODEL, VIN, LICENSE_PLATE, TOTAL_MILEAGE, ANNUAL_MILES, MARKET_VALUE) VALUES
(742811, 376188, 'Yes', 2023, 'GMC', ' Ranger ', '1FTHP01JXB2729472', 'V9NKE6P', 20332, 38597, 9555.85);
INSERT INTO public.VEHICLE(POLICY_ID, VEHICLE_ID, EXTRA_VEHICLE, YEAR, MAKE, MODEL, VIN, LICENSE_PLATE, TOTAL_MILEAGE, ANNUAL_MILES, MARKET_VALUE) VALUES
(193984, 286190, 'Yes', 2007, 'Lincoln', ' Corolla ', '3G2NE2767C6189060', 'V30IIEN', 78420, 35421, 96774.33);
INSERT INTO public.VEHICLE(POLICY_ID, VEHICLE_ID, EXTRA_VEHICLE, YEAR, MAKE, MODEL, VIN, LICENSE_PLATE, TOTAL_MILEAGE, ANNUAL_MILES, MARKET_VALUE) VALUES
(103986, 187913, 'Yes', 2012, 'Bentley', ' RAV4 ', '8HMYF1124CR142249', 'X021H75', 176247, 15790, 69923.3);
INSERT INTO public.VEHICLE(POLICY_ID, VEHICLE_ID, EXTRA_VEHICLE, YEAR, MAKE, MODEL, VIN, LICENSE_PLATE, TOTAL_MILEAGE, ANNUAL_MILES, MARKET_VALUE) VALUES
(325373, 286192, 'Yes', 2028, 'Jeep', ' Yaris ', 'Z94CF35M2BW232725', '3N7YC27', 25832, 31264, 10876.82);
INSERT INTO public.VEHICLE(POLICY_ID, VEHICLE_ID, EXTRA_VEHICLE, YEAR, MAKE, MODEL, VIN, LICENSE_PLATE, TOTAL_MILEAGE, ANNUAL_MILES, MARKET_VALUE) VALUES
(638907, 508629, 'Yes', 2026, 'Bentley', ' 500X ', '3G4ZR87A09Z492547', 'PYBIIOX', 68073, 29915, 86846.47);
INSERT INTO public.VEHICLE(POLICY_ID, VEHICLE_ID, EXTRA_VEHICLE, YEAR, MAKE, MODEL, VIN, LICENSE_PLATE, TOTAL_MILEAGE, ANNUAL_MILES, MARKET_VALUE) VALUES
(916966, 938275, 'Yes', 2018, 'Suzuki', ' Explorer ', '2G1JB1717CF913507', '0PQN7PX', 168512, 23201, 80397.73);
INSERT INTO public.VEHICLE(POLICY_ID, VEHICLE_ID, EXTRA_VEHICLE, YEAR, MAKE, MODEL, VIN, LICENSE_PLATE, TOTAL_MILEAGE, ANNUAL_MILES, MARKET_VALUE) VALUES
(916965, 598627, 'Yes', 2008, 'Infiniti', ' X-Series ', '1FDLF04889D627765', '2PRE66', 135944, 22262, 78291.87);
INSERT INTO public.VEHICLE(POLICY_ID, VEHICLE_ID, EXTRA_VEHICLE, YEAR, MAKE, MODEL, VIN, LICENSE_PLATE, TOTAL_MILEAGE, ANNUAL_MILES, MARKET_VALUE) VALUES
(193983, 755630, 'Yes', 2010, 'GMC', ' Jerokee ', 'KMHCF35M3DU145973', '5XN9G36', 56117, 39878, 118728.06);
INSERT INTO public.VEHICLE(POLICY_ID, VEHICLE_ID, EXTRA_VEHICLE, YEAR, MAKE, MODEL, VIN, LICENSE_PLATE, TOTAL_MILEAGE, ANNUAL_MILES, MARKET_VALUE) VALUES
(652812, 755631, 'Yes', 2019, 'Pontiac', ' Civic  ', '2T3JR10E4BA811646', 'IL544AR', 180360, 9517, 8181.31);
INSERT INTO public.VEHICLE(POLICY_ID, VEHICLE_ID, EXTRA_VEHICLE, YEAR, MAKE, MODEL, VIN, LICENSE_PLATE, TOTAL_MILEAGE, ANNUAL_MILES, MARKET_VALUE) VALUES
(415373, 187912, 'Yes', 2016, 'Honda', ' 500L ', '5NMEF21VXBW736291', 'FA3W2KA', 26318, 41757, 46252.21);
INSERT INTO public.VEHICLE(POLICY_ID, VEHICLE_ID, EXTRA_VEHICLE, YEAR, MAKE, MODEL, VIN, LICENSE_PLATE, TOTAL_MILEAGE, ANNUAL_MILES, MARKET_VALUE) VALUES
(415370, 848274, 'Yes', 2019, 'Buick', 'Bronco ', '1HLBE1275BH230957', 'ACOK5JI', 120755, 40215, 44198.86);
INSERT INTO public.VEHICLE(POLICY_ID, VEHICLE_ID, EXTRA_VEHICLE, YEAR, MAKE, MODEL, VIN, LICENSE_PLATE, TOTAL_MILEAGE, ANNUAL_MILES, MARKET_VALUE) VALUES
(742813, 665631, 'Yes', 2028, 'Chevrolet', ' Explorer ', '1N6AL3AP3CK872929', '3063Y5X', 193573, 28362, 113196.34);
INSERT INTO public.VEHICLE(POLICY_ID, VEHICLE_ID, EXTRA_VEHICLE, YEAR, MAKE, MODEL, VIN, LICENSE_PLATE, TOTAL_MILEAGE, ANNUAL_MILES, MARKET_VALUE) VALUES
(916967, 598630, 'Yes', 2007, 'Kia', ' F-Series ', '6G1ZR3725E5579000', 'W6A6BKG', 110731, 27820, 65754.14);
INSERT INTO public.VEHICLE(POLICY_ID, VEHICLE_ID, EXTRA_VEHICLE, YEAR, MAKE, MODEL, VIN, LICENSE_PLATE, TOTAL_MILEAGE, ANNUAL_MILES, MARKET_VALUE) VALUES
(742812, 665630, 'Yes', 2028, 'Chrysler', ' Spider ', '5T1JR17N5CU468861', '599TIVJ', 93294, 47145, 91317.8);
INSERT INTO public.VEHICLE(POLICY_ID, VEHICLE_ID, EXTRA_VEHICLE, YEAR, MAKE, MODEL, VIN, LICENSE_PLATE, TOTAL_MILEAGE, ANNUAL_MILES, MARKET_VALUE) VALUES
(548905, 665633, 'Yes', 2015, 'Chrysler', ' F-Series ', '3G1YV8762E1987521', 'THEX96X', 67057, 18350, 71286.79);
INSERT INTO public.VEHICLE(POLICY_ID, VEHICLE_ID, EXTRA_VEHICLE, YEAR, MAKE, MODEL, VIN, LICENSE_PLATE, TOTAL_MILEAGE, ANNUAL_MILES, MARKET_VALUE) VALUES
(638906, 598629, 'Yes', 2008, 'Land Rover', ' Sierra ', '3G4EL37T3F5492548', '88QOJ55', 136188, 25834, 5353.26);
INSERT INTO public.VEHICLE(POLICY_ID, VEHICLE_ID, EXTRA_VEHICLE, YEAR, MAKE, MODEL, VIN, LICENSE_PLATE, TOTAL_MILEAGE, ANNUAL_MILES, MARKET_VALUE) VALUES
(652813, 848275, 'Yes', 2008, 'Porsche', ' Compass ', 'JN8AF5MR2BK957136', 'Z0I2XM1', 41356, 44614, 2898.12);
INSERT INTO public.VEHICLE(POLICY_ID, VEHICLE_ID, EXTRA_VEHICLE, YEAR, MAKE, MODEL, VIN, LICENSE_PLATE, TOTAL_MILEAGE, ANNUAL_MILES, MARKET_VALUE) VALUES
(742815, 376191, 'Yes', 2017, 'Audi', ' Ranger ', '2G1NK8729D6662977', '8849O95', 144344, 28938, 71668.65);
INSERT INTO public.VEHICLE(POLICY_ID, VEHICLE_ID, EXTRA_VEHICLE, YEAR, MAKE, MODEL, VIN, LICENSE_PLATE, TOTAL_MILEAGE, ANNUAL_MILES, MARKET_VALUE) VALUES
(652816, 277912, 'Yes', 2007, 'Mitsubishi', ' Spider ', '1G8LT37C0AF749430', 'D2HM945', 84068, 37999, 33050.8);
INSERT INTO public.VEHICLE(POLICY_ID, VEHICLE_ID, EXTRA_VEHICLE, YEAR, MAKE, MODEL, VIN, LICENSE_PLATE, TOTAL_MILEAGE, ANNUAL_MILES, MARKET_VALUE) VALUES
(103982, 938271, 'Yes', 2020, 'Buick', ' Sierra ', '5Y2YZ97P9B6827057', 'H0RSFMK', 93613, 16131, 118569.61);
INSERT INTO public.VEHICLE(POLICY_ID, VEHICLE_ID, EXTRA_VEHICLE, YEAR, MAKE, MODEL, VIN, LICENSE_PLATE, TOTAL_MILEAGE, ANNUAL_MILES, MARKET_VALUE) VALUES
(638904, 938272, 'Yes', 2015, 'Dodge', ' RAV4 ', '6G1WD6790CZ464410', '6627KU2', 97811, 34374, 65631.23);
INSERT INTO public.VEHICLE(POLICY_ID, VEHICLE_ID, EXTRA_VEHICLE, YEAR, MAKE, MODEL, VIN, LICENSE_PLATE, TOTAL_MILEAGE, ANNUAL_MILES, MARKET_VALUE) VALUES
(103981, 187909, 'Yes', 2006, 'Volkswagen', ' 500X ', 'KHMGD5521BR838877', '176UEPY', 128589, 15743, 48862.72);
INSERT INTO public.VEHICLE(POLICY_ID, VEHICLE_ID, EXTRA_VEHICLE, YEAR, MAKE, MODEL, VIN, LICENSE_PLATE, TOTAL_MILEAGE, ANNUAL_MILES, MARKET_VALUE) VALUES
(999999, 508626, 'Yes', 2006, 'Jeep', ' Explorer ', '1MECK05U5D0342146', 'N6R1L74', 191964, 11465, 28742.34);
INSERT INTO public.VEHICLE(POLICY_ID, VEHICLE_ID, EXTRA_VEHICLE, YEAR, MAKE, MODEL, VIN, LICENSE_PLATE, TOTAL_MILEAGE, ANNUAL_MILES, MARKET_VALUE) VALUES
(742814, 755632, 'Yes', 2013, 'Porsche', 'Bronco ', '2MEHP33W0D2190305', '08S3VFO', 102726, 27134, 73577.21);
INSERT INTO public.VEHICLE(POLICY_ID, VEHICLE_ID, EXTRA_VEHICLE, YEAR, MAKE, MODEL, VIN, LICENSE_PLATE, TOTAL_MILEAGE, ANNUAL_MILES, MARKET_VALUE) VALUES
(652815, 187911, 'Yes', 2024, 'Kia', ' Ranger ', '8HGRD52418W430128', 'JX1IAQ3', 21349, 15472, 72957.86);
INSERT INTO public.VEHICLE(POLICY_ID, VEHICLE_ID, EXTRA_VEHICLE, YEAR, MAKE, MODEL, VIN, LICENSE_PLATE, TOTAL_MILEAGE, ANNUAL_MILES, MARKET_VALUE) VALUES
(652814, 277911, 'Yes', 2006, 'Jeep', ' Renegdage', '2FMCP2433FF429554', 'SM2L060', 35801, 8887, 90578.07);
INSERT INTO public.VEHICLE(POLICY_ID, VEHICLE_ID, EXTRA_VEHICLE, YEAR, MAKE, MODEL, VIN, LICENSE_PLATE, TOTAL_MILEAGE, ANNUAL_MILES, MARKET_VALUE) VALUES
(325370, 376190, 'Yes', 2011, 'Pontiac', ' Yaris ', '8AGYZ67P1DK913508', '4B3C045', 95873, 23684, 71473.58);
INSERT INTO public.VEHICLE(POLICY_ID, VEHICLE_ID, EXTRA_VEHICLE, YEAR, MAKE, MODEL, VIN, LICENSE_PLATE, TOTAL_MILEAGE, ANNUAL_MILES, MARKET_VALUE) VALUES
(548906, 277913, 'Yes', 2024, 'Buick', ' X ', '1L1PP24Z9ED816880', '2OE818O', 80498, 25084, 105600.21);
INSERT INTO public.VEHICLE(POLICY_ID, VEHICLE_ID, EXTRA_VEHICLE, YEAR, MAKE, MODEL, VIN, LICENSE_PLATE, TOTAL_MILEAGE, ANNUAL_MILES, MARKET_VALUE) VALUES
(193982, 999999, 'Yes', 2023, 'Toyota', ' Renegdage', '1N6AZ1MU5EM418547', 'T1X3E82', 162357, 47694, 47825.34);
INSERT INTO public.VEHICLE(POLICY_ID, VEHICLE_ID, EXTRA_VEHICLE, YEAR, MAKE, MODEL, VIN, LICENSE_PLATE, TOTAL_MILEAGE, ANNUAL_MILES, MARKET_VALUE) VALUES
(742816, 938273, 'Yes', 2022, 'Volkswagen', ' 500L ', '1L1DF04T1A0277713', '1N47F94', 188735, 47643, 115181.38);
INSERT INTO public.VEHICLE(POLICY_ID, VEHICLE_ID, EXTRA_VEHICLE, YEAR, MAKE, MODEL, VIN, LICENSE_PLATE, TOTAL_MILEAGE, ANNUAL_MILES, MARKET_VALUE) VALUES
(103985, 376192, 'Yes', 2027, 'Audi', ' S-Series ', 'JN8AF5MR8CC872930', 'QJ29164', 135799, 27964, 22956.67);
INSERT INTO public.VEHICLE(POLICY_ID, VEHICLE_ID, EXTRA_VEHICLE, YEAR, MAKE, MODEL, VIN, LICENSE_PLATE, TOTAL_MILEAGE, ANNUAL_MILES, MARKET_VALUE) VALUES
(638905, 508627, 'Yes', 2007, 'Maserati', ' Civic  ', '2T3DS50968C445147', 'P23JOPX', 119054, 43523, 112784.92);
INSERT INTO public.VEHICLE(POLICY_ID, VEHICLE_ID, EXTRA_VEHICLE, YEAR, MAKE, MODEL, VIN, LICENSE_PLATE, TOTAL_MILEAGE, ANNUAL_MILES, MARKET_VALUE) VALUES
(103984, 665632, 'Yes', 2029, 'Land Rover', ' Civic  ', '2HMCF35M8DC861836', 'I0PK88X', 39473, 12163, 54380.07);
INSERT INTO public.VEHICLE(POLICY_ID, VEHICLE_ID, EXTRA_VEHICLE, YEAR, MAKE, MODEL, VIN, LICENSE_PLATE, TOTAL_MILEAGE, ANNUAL_MILES, MARKET_VALUE) VALUES
(103983, 187910, 'Yes', 2008, 'Dodge', ' Ranger ', '1FMBK07EXEW540358', 'D60Y813', 144835, 22478, 37371.34);
INSERT INTO public.VEHICLE(POLICY_ID, VEHICLE_ID, EXTRA_VEHICLE, YEAR, MAKE, MODEL, VIN, LICENSE_PLATE, TOTAL_MILEAGE, ANNUAL_MILES, MARKET_VALUE) VALUES
(652811, 665629, 'Yes', 2021, 'Honda', ' Sierra ', '2G1HP57C8EK827058', 'K5TU4RW', 133096, 27111, 104574.31);
INSERT INTO public.VEHICLE(POLICY_ID, VEHICLE_ID, EXTRA_VEHICLE, YEAR, MAKE, MODEL, VIN, LICENSE_PLATE, TOTAL_MILEAGE, ANNUAL_MILES, MARKET_VALUE) VALUES
(652810, 755629, 'Yes', 2018, 'Honda', ' Wrangler ', '1N6AL3AP88W334341', '04B30W2', 123728, 49081, 39080.66);
INSERT INTO public.VEHICLE(POLICY_ID, VEHICLE_ID, EXTRA_VEHICLE, YEAR, MAKE, MODEL, VIN, LICENSE_PLATE, TOTAL_MILEAGE, ANNUAL_MILES, MARKET_VALUE) VALUES
(193985, 848276, 'Yes', 2006, 'Infiniti', ' 500X ', '1G4LD57369Z913509', '5S9I397', 168145, 19121, 78145.03);
INSERT INTO public.VEHICLE(POLICY_ID, VEHICLE_ID, EXTRA_VEHICLE, YEAR, MAKE, MODEL, VIN, LICENSE_PLATE, TOTAL_MILEAGE, ANNUAL_MILES, MARKET_VALUE) VALUES
(826968, 848277, 'Yes', 2019, 'Lincoln', ' Wrangler ', '5HMFD2274CR927580', 'W99FG82', 109046, 47953, 43431.23);
INSERT INTO public.VEHICLE(POLICY_ID, VEHICLE_ID, EXTRA_VEHICLE, YEAR, MAKE, MODEL, VIN, LICENSE_PLATE, TOTAL_MILEAGE, ANNUAL_MILES, MARKET_VALUE) VALUES
(415371, 598628, 'Yes', 2007, 'Land Rover', ' 500L ', 'AHGCM17668L601653', '8O68317', 140834, 33724, 14591.2);
INSERT INTO public.VEHICLE(POLICY_ID, VEHICLE_ID, EXTRA_VEHICLE, YEAR, MAKE, MODEL, VIN, LICENSE_PLATE, TOTAL_MILEAGE, ANNUAL_MILES, MARKET_VALUE) VALUES
(325371, 755633, 'Yes', 2011, 'Toyota', ' Jerokee ', '1N6AF5MR8BM957137', '2XM29A0', 17785, 33553, 75674.89);
INSERT INTO public.VEHICLE(POLICY_ID, VEHICLE_ID, EXTRA_VEHICLE, YEAR, MAKE, MODEL, VIN, LICENSE_PLATE, TOTAL_MILEAGE, ANNUAL_MILES, MARKET_VALUE) VALUES
(548903, 277910, 'Yes', 2024, 'Jaguar', ' Yaris ', '1G2YZ97999F275513', 'RYD0R00', 72573, 8275, 16997.97);
INSERT INTO public.VEHICLE(POLICY_ID, VEHICLE_ID, EXTRA_VEHICLE, YEAR, MAKE, MODEL, VIN, LICENSE_PLATE, TOTAL_MILEAGE, ANNUAL_MILES, MARKET_VALUE) VALUES
(415372, 286191, 'Yes', 2010, 'Volvo', ' Civic  ', '2T1CY86Z6DM897101', 'EAOOJW6', 117670, 33015, 74998.28);
INSERT INTO public.VEHICLE(POLICY_ID, VEHICLE_ID, EXTRA_VEHICLE, YEAR, MAKE, MODEL, VIN, LICENSE_PLATE, TOTAL_MILEAGE, ANNUAL_MILES, MARKET_VALUE) VALUES
(193986, 508628, 'Yes', 2006, 'Tesla', ' Ranger ', '2G2EL17Y4E3189061', 'SRHBPE5', 59306, 45082, 94829.72);
INSERT INTO public.VEHICLE(POLICY_ID, VEHICLE_ID, EXTRA_VEHICLE, YEAR, MAKE, MODEL, VIN, LICENSE_PLATE, TOTAL_MILEAGE, ANNUAL_MILES, MARKET_VALUE) VALUES
(325372, 938274, 'Yes', 2026, 'Aston Mart', ' Ranger ', 'KL1YV57Y791579001', 'CY35415', 11595, 9945, 83186.49);
INSERT INTO public.VEHICLE(POLICY_ID, VEHICLE_ID, EXTRA_VEHICLE, YEAR, MAKE, MODEL, VIN, LICENSE_PLATE, TOTAL_MILEAGE, ANNUAL_MILES, MARKET_VALUE) VALUES
(638903, 286187, 'Yes', 2009, 'Lincoln', ' S ', 'KL1AP1716CZ275514', 'S4WXBMC', 147434, 20657, 60046.75);
INSERT INTO public.VEHICLE(POLICY_ID, VEHICLE_ID, EXTRA_VEHICLE, YEAR, MAKE, MODEL, VIN, LICENSE_PLATE, TOTAL_MILEAGE, ANNUAL_MILES, MARKET_VALUE) VALUES
(916964, 286188, 'Yes', 2024, 'Bentley', ' Camry ', '1G6DV17AXFR492549', '284Y61X', 17562, 20739, 4746.1);
INSERT INTO public.VEHICLE(POLICY_ID, VEHICLE_ID, EXTRA_VEHICLE, YEAR, MAKE, MODEL, VIN, LICENSE_PLATE, TOTAL_MILEAGE, ANNUAL_MILES, MARKET_VALUE) VALUES
(325369, 277909, 'Yes', 2014, 'Pontiac', ' Mustang ', '4HMET1129DD987521', '4IJF8GE', 15174, 40722, 63881.72);

COMMIT;