--
-- Script was generated by Devart dbForge Data Generator for Oracle, Version 2.3.12.0
-- Product Home Page: http://www.devart.com/dbforge/oracle/data-generator
-- Script date 4/24/2021 1:02:21 PM
-- Target server version: Oracle Database 18c Enterprise Edition Release 18.0.0.0.0 - Production Version 18.3.0.0.0
-- Target connection string: User Id=tad222;Server=edgar1.cse.lehigh.edu;Unicode=True;Connection Timeout=0;Direct=True;Sid=cse241
--


SET SQLBLANKLINES ON;
SET DEFINE OFF;
ALTER SESSION SET NLS_DATE_FORMAT = 'MM/DD/SYYYY HH24:MI:SS';
ALTER SESSION SET NLS_TIMESTAMP_TZ_FORMAT = 'MM/DD/SYYYY HH24:MI:SS.FF TZH:TZM';
ALTER SESSION SET NLS_TIMESTAMP_FORMAT = 'MM/DD/SYYYY HH24:MI:SS.FF';
ALTER SESSION SET NLS_NUMERIC_CHARACTERS = '.,';
ALTER SESSION SET NLS_NCHAR_CONV_EXCP = FALSE;
ALTER SESSION SET TIME_ZONE = '-08:00';
--
-- Delete data from the table 'TAD222.QUOTES'
--
TRUNCATE TABLE TAD222.QUOTES;
--
-- Delete data from the table 'TAD222.POLICY_PAYMENT'
--
TRUNCATE TABLE TAD222.POLICY_PAYMENT;
--
-- Delete data from the table 'TAD222.OUTSOURCES'
--
TRUNCATE TABLE TAD222.OUTSOURCES;
--
-- Delete data from the table 'TAD222.MANAGES'
--
TRUNCATE TABLE TAD222.MANAGES;
--
-- Delete data from the table 'TAD222.LIFE_INSURANCE'
--
TRUNCATE TABLE TAD222.LIFE_INSURANCE;
--
-- Delete data from the table 'TAD222.HOME_INSURANCE'
--
TRUNCATE TABLE TAD222.HOME_INSURANCE;
--
-- Delete data from the table 'TAD222.HEALTH_INSURANCE'
--
TRUNCATE TABLE TAD222.HEALTH_INSURANCE;
--
-- Delete data from the table 'TAD222.DEBIT'
--
TRUNCATE TABLE TAD222.DEBIT;
--
-- Delete data from the table 'TAD222.CUSTOMER_POLICY'
--
TRUNCATE TABLE TAD222.CUSTOMER_POLICY;
--
-- Delete data from the table 'TAD222.CUSTOMER_AGENT'
--
TRUNCATE TABLE TAD222.CUSTOMER_AGENT;
--
-- Delete data from the table 'TAD222.CREDIT'
--
TRUNCATE TABLE TAD222.CREDIT;
--
-- Delete data from the table 'TAD222.COMMUNICATES'
--
TRUNCATE TABLE TAD222.COMMUNICATES;
--
-- Delete data from the table 'TAD222.CLAIM_PAYMENT'
--
TRUNCATE TABLE TAD222.CLAIM_PAYMENT;
--
-- Delete data from the table 'TAD222.CHECKS'
--
TRUNCATE TABLE TAD222.CHECKS;
--
-- Delete data from the table 'TAD222.AUTO_INSURANCE'
--
TRUNCATE TABLE TAD222.AUTO_INSURANCE;
--
-- Delete data from the table 'TAD222.ACH_TRANSFER'
--
TRUNCATE TABLE TAD222.ACH_TRANSFER;
--
-- Delete data from the table 'TAD222.ITEM'
--
DELETE FROM TAD222.ITEM;
--
-- Delete data from the table 'TAD222.POLICY'
--
DELETE FROM TAD222.POLICY;
--
-- Delete data from the table 'TAD222.CLAIM'
--
DELETE FROM TAD222.CLAIM;
--
-- Delete data from the table 'TAD222.AGENT'
--
DELETE FROM TAD222.AGENT;
--
-- Delete data from the table 'TAD222.ADJUSTER'
--
DELETE FROM TAD222.ADJUSTER;
--
-- Delete data from the table 'TAD222.EMPLOYEE'
--
DELETE FROM TAD222.EMPLOYEE;
--
-- Delete data from the table 'TAD222.CUSTOMER'
--
DELETE FROM TAD222.CUSTOMER;
--
-- Delete data from the table 'TAD222.COMPANY'
--
DELETE FROM TAD222.COMPANY;

--
-- Inserting data into table TAD222.COMPANY
--
INSERT INTO TAD222.COMPANY(NAME, TYPE, PHONE_NUMBER) VALUES
(' Indental ', 'Home ', '(127) 802-1232');
INSERT INTO TAD222.COMPANY(NAME, TYPE, PHONE_NUMBER) VALUES
(' Metrol ', ' Life', '(339) 447-4592');
INSERT INTO TAD222.COMPANY(NAME, TYPE, PHONE_NUMBER) VALUES
(' Econder ', ' Life', '(706) 281-1301');
INSERT INTO TAD222.COMPANY(NAME, TYPE, PHONE_NUMBER) VALUES
(' Cology ', ' Life', '(894) 004-6963');
INSERT INTO TAD222.COMPANY(NAME, TYPE, PHONE_NUMBER) VALUES
('Digitinar ', ' Auto ', '(278) 461-3711');
INSERT INTO TAD222.COMPANY(NAME, TYPE, PHONE_NUMBER) VALUES
(' Homestic ', ' Health ', '(679) 246-9791');
INSERT INTO TAD222.COMPANY(NAME, TYPE, PHONE_NUMBER) VALUES
(' Exodus ', ' Life', '(643) 153-6340');
INSERT INTO TAD222.COMPANY(NAME, TYPE, PHONE_NUMBER) VALUES
(' Rail ', ' Health ', '(687) 435-7242');
INSERT INTO TAD222.COMPANY(NAME, TYPE, PHONE_NUMBER) VALUES
(' Privance ', 'Home ', '(371) 519-3365');
INSERT INTO TAD222.COMPANY(NAME, TYPE, PHONE_NUMBER) VALUES
(' Gymitive ', ' Life', '(471) 150-3046');

--
-- Inserting data into table TAD222.CUSTOMER
--
INSERT INTO TAD222.CUSTOMER(CUSTOMER_ID, NAME, SOCIAL_SECURITY, AGE, PHONE_NUMBER, EMAIL, ZIP_CODE, CITY, STATE, ADDRESS) VALUES
(332904, ' Chadwick Button', 373358377, '09/15/1942 00:00:01', '(955) 772-1120', 'ChadwickButton@example.com', 90828, 'Pinson', 'Oregon', '33 Hope Lane');
INSERT INTO TAD222.CUSTOMER(CUSTOMER_ID, NAME, SOCIAL_SECURITY, AGE, PHONE_NUMBER, EMAIL, ZIP_CODE, CITY, STATE, ADDRESS) VALUES
(809031, ' Deborah Derrick', 337379527, '10/24/1983 00:00:01', '(146) 253-6103', 'LavonnaAFarrington@example.com', 98000, 'Mount Gilead', 'Alaska', '58 NW Burwood Circle');
INSERT INTO TAD222.CUSTOMER(CUSTOMER_ID, NAME, SOCIAL_SECURITY, AGE, PHONE_NUMBER, EMAIL, ZIP_CODE, CITY, STATE, ADDRESS) VALUES
(472605, ' Tish Starks', 912454522, '02/26/1921 00:00:01', '(195) 481-9155', 'MaryClemmons777@example.com', 54327, 'Armour', 'Arkansas', '711 Rockwood Loop');
INSERT INTO TAD222.CUSTOMER(CUSTOMER_ID, NAME, SOCIAL_SECURITY, AGE, PHONE_NUMBER, EMAIL, ZIP_CODE, CITY, STATE, ADDRESS) VALUES
(201989, ' Diedre Childers', 331497676, '03/12/1901 00:00:01', '(523) 604-3658', 'Miranda@example.com', 48334, 'Sheep Ranch', 'West Virginia', '1604 South Glenwood Way');
INSERT INTO TAD222.CUSTOMER(CUSTOMER_ID, NAME, SOCIAL_SECURITY, AGE, PHONE_NUMBER, EMAIL, ZIP_CODE, CITY, STATE, ADDRESS) VALUES
(111989, ' Cedrick Bagwell', 107043997, '03/22/1989 00:00:01', '(441) 318-6402', 'LuluAlcorn949@example.com', 62695, 'Zuni', 'Indiana', '460 Hidden Highland Drive');
INSERT INTO TAD222.CUSTOMER(CUSTOMER_ID, NAME, SOCIAL_SECURITY, AGE, PHONE_NUMBER, EMAIL, ZIP_CODE, CITY, STATE, ADDRESS) VALUES
(999999, ' Cindy Tackett', 840441807, '07/16/1969 00:00:01', '(172) 633-0838', 'Higdon@nowhere.com', 37825, 'Tyndall', 'Georgia', '136 Ski Hill Loop');
INSERT INTO TAD222.CUSTOMER(CUSTOMER_ID, NAME, SOCIAL_SECURITY, AGE, PHONE_NUMBER, EMAIL, ZIP_CODE, CITY, STATE, ADDRESS) VALUES
(562606, ' Barry Archie', 929962843, '08/03/1949 00:00:01', '(660) 371-5210', 'Yang@nowhere.com', 73581, 'Cape Vincent', 'Montana', '33 Town Ave');
INSERT INTO TAD222.CUSTOMER(CUSTOMER_ID, NAME, SOCIAL_SECURITY, AGE, PHONE_NUMBER, EMAIL, ZIP_CODE, CITY, STATE, ADDRESS) VALUES
(719031, ' Santana Mast', 155581939, '08/21/1979 00:00:01', '(560) 142-8297', 'AbigailBowman2@nowhere.com', 13241, 'Lester Prairie', 'Mississippi', '371 2nd Road');
INSERT INTO TAD222.CUSTOMER(CUSTOMER_ID, NAME, SOCIAL_SECURITY, AGE, PHONE_NUMBER, EMAIL, ZIP_CODE, CITY, STATE, ADDRESS) VALUES
(201990, ' Derick Welker', 448054700, '12/03/1960 00:00:01', '(414) 020-5914', 'DelmaAcevedo@example.com', 79403, 'Armstrong', 'Delaware', '2865 Front Parkway');
INSERT INTO TAD222.CUSTOMER(CUSTOMER_ID, NAME, SOCIAL_SECURITY, AGE, PHONE_NUMBER, EMAIL, ZIP_CODE, CITY, STATE, ADDRESS) VALUES
(111990, ' Norris Donnelly', 147445586, '01/23/1925 00:00:01', '(251) 764-5842', 'Dewayne_Penny@example.com', 22847, 'Capistrano Beach', 'Kentucky', '428 Fox Hill Pkwy');
INSERT INTO TAD222.CUSTOMER(CUSTOMER_ID, NAME, SOCIAL_SECURITY, AGE, PHONE_NUMBER, EMAIL, ZIP_CODE, CITY, STATE, ADDRESS) VALUES
(422905, ' Arletha Layman', 284203019, '09/28/1909 00:00:01', '(796) 961-8497', 'Grier@nowhere.com', 58186, 'Green River', 'Arizona', '3616 Chapel Hill St');
INSERT INTO TAD222.CUSTOMER(CUSTOMER_ID, NAME, SOCIAL_SECURITY, AGE, PHONE_NUMBER, EMAIL, ZIP_CODE, CITY, STATE, ADDRESS) VALUES
(201991, ' Adolfo Herman', 209162616, '08/20/2020 00:00:01', '(268) 897-1852', 'Quincy.Ackerman32@nowhere.com', 59469, 'Sheffield', 'New Mexico', '850 Farmview Loop');
INSERT INTO TAD222.CUSTOMER(CUSTOMER_ID, NAME, SOCIAL_SECURITY, AGE, PHONE_NUMBER, EMAIL, ZIP_CODE, CITY, STATE, ADDRESS) VALUES
(472606, ' Adrien Barnett', 559533597, '09/05/2011 00:00:01', '(866) 700-0122', 'Woodward@example.com', 53381, 'Mount Hamilton', 'Indiana', '839 Red Lake Blvd');
INSERT INTO TAD222.CUSTOMER(CUSTOMER_ID, NAME, SOCIAL_SECURITY, AGE, PHONE_NUMBER, EMAIL, ZIP_CODE, CITY, STATE, ADDRESS) VALUES
(111991, ' Bobbie Braswell', 239868353, '07/21/1937 00:00:01', '(428) 867-9675', 'Aiken@example.com', 74933, 'Tyner', 'Kentucky', '812 Bayview Circle');
INSERT INTO TAD222.CUSTOMER(CUSTOMER_ID, NAME, SOCIAL_SECURITY, AGE, PHONE_NUMBER, EMAIL, ZIP_CODE, CITY, STATE, ADDRESS) VALUES
(969626, ' Augusta Angel', 319441739, '10/14/1911 00:00:01', '(955) 567-6022', 'Buck_CSewell167@example.com', 79337, 'Eastford', 'Mississippi', '14 Bayview Avenue');
INSERT INTO TAD222.CUSTOMER(CUSTOMER_ID, NAME, SOCIAL_SECURITY, AGE, PHONE_NUMBER, EMAIL, ZIP_CODE, CITY, STATE, ADDRESS) VALUES
(201992, ' Armand Battaglia', 912107378, '02/25/1907 00:00:01', '(576) 699-1077', 'Charley_Kidd821@example.com', 40950, 'Lesterville', 'Wyoming', '3448 Highland Cir');
INSERT INTO TAD222.CUSTOMER(CUSTOMER_ID, NAME, SOCIAL_SECURITY, AGE, PHONE_NUMBER, EMAIL, ZIP_CODE, CITY, STATE, ADDRESS) VALUES
(332905, ' Quiana Hathaway', 158101710, '12/10/2005 00:00:01', '(234) 323-1994', 'qfgqkat93@nowhere.com', 54968, 'Arnaudville', 'Ohio', '97 Old Oak Blvd');
INSERT INTO TAD222.CUSTOMER(CUSTOMER_ID, NAME, SOCIAL_SECURITY, AGE, PHONE_NUMBER, EMAIL, ZIP_CODE, CITY, STATE, ADDRESS) VALUES
(111992, ' Bess Chung', 878323595, '02/04/1992 00:00:01', '(655) 386-9470', 'Loyd_Granados@nowhere.com', 92671, 'Mount Holly', 'Alabama', '92 NW Brentwood Rd');
INSERT INTO TAD222.CUSTOMER(CUSTOMER_ID, NAME, SOCIAL_SECURITY, AGE, PHONE_NUMBER, EMAIL, ZIP_CODE, CITY, STATE, ADDRESS) VALUES
(422906, ' Willy Dietz', 241415947, '01/02/1901 00:00:01', '(922) 826-7305', 'Francis_QWray85@nowhere.com', 63439, 'Capitan', 'Idaho', '577 Mountain Parkway');
INSERT INTO TAD222.CUSTOMER(CUSTOMER_ID, NAME, SOCIAL_SECURITY, AGE, PHONE_NUMBER, EMAIL, ZIP_CODE, CITY, STATE, ADDRESS) VALUES
(879629, ' Melania Abrams', 449026781, '05/24/1903 00:00:01', '(799) 824-2088', 'Abbott639@example.com', 47003, 'Sheffield Lake', 'Delaware', '49 Parkwood Dr');
INSERT INTO TAD222.CUSTOMER(CUSTOMER_ID, NAME, SOCIAL_SECURITY, AGE, PHONE_NUMBER, EMAIL, ZIP_CODE, CITY, STATE, ADDRESS) VALUES
(332906, ' Alina Mcfarland', 863665262, '01/13/1901 00:00:01', '(556) 251-5009', 'Whited@nowhere.com', 23770, 'Arnett', 'Kentucky', '3478 Quailwood Lane');
INSERT INTO TAD222.CUSTOMER(CUSTOMER_ID, NAME, SOCIAL_SECURITY, AGE, PHONE_NUMBER, EMAIL, ZIP_CODE, CITY, STATE, ADDRESS) VALUES
(969627, ' Kami Kemp', 411726803, '02/03/2017 00:00:01', '(711) 070-2913', 'BullardD@example.com', 62910, 'Tyngsboro', 'Tennessee', '44 Hidden Meadowview Avenue');
INSERT INTO TAD222.CUSTOMER(CUSTOMER_ID, NAME, SOCIAL_SECURITY, AGE, PHONE_NUMBER, EMAIL, ZIP_CODE, CITY, STATE, ADDRESS) VALUES
(562607, ' Aubrey Childress', 161945780, '01/22/1903 00:00:01', '(731) 239-6669', 'Luci.XAbrams43@example.com', 90491, 'Green Sea', 'Hawaii', '1483 Stonewood Street');
INSERT INTO TAD222.CUSTOMER(CUSTOMER_ID, NAME, SOCIAL_SECURITY, AGE, PHONE_NUMBER, EMAIL, ZIP_CODE, CITY, STATE, ADDRESS) VALUES
(201993, ' Adam Ligon', 159774080, '05/30/1901 00:00:01', '(794) 244-8137', 'VestaHLovell@example.com', 53331, 'Letcher', 'Indiana', '64 Riddle Hill Ct');
INSERT INTO TAD222.CUSTOMER(CUSTOMER_ID, NAME, SOCIAL_SECURITY, AGE, PHONE_NUMBER, EMAIL, ZIP_CODE, CITY, STATE, ADDRESS) VALUES
(472607, ' Lazaro Abraham', 706921298, '01/02/1901 00:00:01', '(716) 429-7949', 'JulianJ.Cupp1@example.com', 49726, 'Eastham', 'Vermont', '60 West Oak Ave');
INSERT INTO TAD222.CUSTOMER(CUSTOMER_ID, NAME, SOCIAL_SECURITY, AGE, PHONE_NUMBER, EMAIL, ZIP_CODE, CITY, STATE, ADDRESS) VALUES
(879630, ' Rico Clement', 611166965, '03/03/1995 00:00:01', '(321) 002-7322', 'ThurmanAmaya42@example.com', 78680, 'Shelbina', 'Maryland', '3228 SW Rose Hill Hwy');
INSERT INTO TAD222.CUSTOMER(CUSTOMER_ID, NAME, SOCIAL_SECURITY, AGE, PHONE_NUMBER, EMAIL, ZIP_CODE, CITY, STATE, ADDRESS) VALUES
(969628, ' Duane Wolf', 655076935, '03/04/1913 00:00:01', '(127) 371-5437', 'Bergeron@nowhere.com', 53862, 'Tyringham', 'Florida', '41 New Rockwood Highway');
INSERT INTO TAD222.CUSTOMER(CUSTOMER_ID, NAME, SOCIAL_SECURITY, AGE, PHONE_NUMBER, EMAIL, ZIP_CODE, CITY, STATE, ADDRESS) VALUES
(111993, ' Abby Tackett', 993093019, '09/28/1994 00:00:01', '(381) 222-5862', 'jsdxq9992@nowhere.com', 32912, 'Mount Holly Springs', 'Massachusetts', '841 Riverview Lane');
INSERT INTO TAD222.CUSTOMER(CUSTOMER_ID, NAME, SOCIAL_SECURITY, AGE, PHONE_NUMBER, EMAIL, ZIP_CODE, CITY, STATE, ADDRESS) VALUES
(422907, ' Herman Nevarez', 825693331, '03/28/1987 00:00:01', '(293) 122-5291', 'MildredParrott@nowhere.com', 12961, 'Capitol Heights', 'Arkansas', '1951 Church Circle');
INSERT INTO TAD222.CUSTOMER(CUSTOMER_ID, NAME, SOCIAL_SECURITY, AGE, PHONE_NUMBER, EMAIL, ZIP_CODE, CITY, STATE, ADDRESS) VALUES
(809032, ' Dia Pressley', 550257821, '01/17/1914 00:00:01', '(675) 472-4487', 'Logan@example.com', 84264, 'Nashua', 'Colorado', '386 Waterview Ln');
INSERT INTO TAD222.CUSTOMER(CUSTOMER_ID, NAME, SOCIAL_SECURITY, AGE, PHONE_NUMBER, EMAIL, ZIP_CODE, CITY, STATE, ADDRESS) VALUES
(332907, ' Lance Mahan', NULL, '12/06/1916 00:00:01', '(875) 016-4742', 'TraceeLiles@example.com', 72705, 'Arnold', 'Minnesota', '2184 West Rushwood Cir');
INSERT INTO TAD222.CUSTOMER(CUSTOMER_ID, NAME, SOCIAL_SECURITY, AGE, PHONE_NUMBER, EMAIL, ZIP_CODE, CITY, STATE, ADDRESS) VALUES
(562608, ' Alejandra Elder', 420184062, '05/12/1927 00:00:01', '(211) 565-7055', 'Adeline.Alvarado@example.com', 79548, 'Green Spring', 'Montana', '2584 W Rock Hill Highway');
INSERT INTO TAD222.CUSTOMER(CUSTOMER_ID, NAME, SOCIAL_SECURITY, AGE, PHONE_NUMBER, EMAIL, ZIP_CODE, CITY, STATE, ADDRESS) VALUES
(201994, ' Adam Stephenson', 643712353, '07/31/1930 00:00:01', '(180) 393-5393', 'Earle@example.com', 55485, 'Letts', 'Texas', '3451 White Deepwood Ave');
INSERT INTO TAD222.CUSTOMER(CUSTOMER_ID, NAME, SOCIAL_SECURITY, AGE, PHONE_NUMBER, EMAIL, ZIP_CODE, CITY, STATE, ADDRESS) VALUES
(472608, ' Autumn Acker', 899480873, '09/03/1929 00:00:01', '(331) 694-6965', 'MattPaquette181@nowhere.com', 72419, 'Easthampton', 'Ohio', '679 Sharp Hill Dr');
INSERT INTO TAD222.CUSTOMER(CUSTOMER_ID, NAME, SOCIAL_SECURITY, AGE, PHONE_NUMBER, EMAIL, ZIP_CODE, CITY, STATE, ADDRESS) VALUES
(422908, ' Cristopher Huston', 297718796, '07/10/1913 00:00:01', '(483) 371-9050', 'Abel@example.com', 50559, 'Capitola', 'North Dakota', '3251 Waterview Pkwy');
INSERT INTO TAD222.CUSTOMER(CUSTOMER_ID, NAME, SOCIAL_SECURITY, AGE, PHONE_NUMBER, EMAIL, ZIP_CODE, CITY, STATE, ADDRESS) VALUES
(562609, ' Abram Boyce', NULL, '09/17/1973 00:00:01', '(154) 894-8251', 'Batiste@nowhere.com', 65796, 'Green Valley', 'Colorado', '22 West Rose Hill Ct');
INSERT INTO TAD222.CUSTOMER(CUSTOMER_ID, NAME, SOCIAL_SECURITY, AGE, PHONE_NUMBER, EMAIL, ZIP_CODE, CITY, STATE, ADDRESS) VALUES
(332908, ' Adan Sigler', 537850761, '08/25/1993 00:00:01', '(212) 233-8535', 'Pringle61@example.com', 96819, 'Aromas', 'Connecticut', '2524 Hunting Hill Blvd');
INSERT INTO TAD222.CUSTOMER(CUSTOMER_ID, NAME, SOCIAL_SECURITY, AGE, PHONE_NUMBER, EMAIL, ZIP_CODE, CITY, STATE, ADDRESS) VALUES
(111994, ' Remona Alford', 408489817, '12/10/1979 00:00:01', '(415) 238-0438', 'Burkhart@example.com', 82901, 'Mount Hood Parkdale', 'Massachusetts', '920 Rushwood Rd');
INSERT INTO TAD222.CUSTOMER(CUSTOMER_ID, NAME, SOCIAL_SECURITY, AGE, PHONE_NUMBER, EMAIL, ZIP_CODE, CITY, STATE, ADDRESS) VALUES
(201995, ' Abel Snow', NULL, '10/15/1982 00:00:01', '(152) 327-9023', 'JuliaB_Acevedo@example.com', 27022, 'Levant', 'Washington', '18 Riverview Ct');
INSERT INTO TAD222.CUSTOMER(CUSTOMER_ID, NAME, SOCIAL_SECURITY, AGE, PHONE_NUMBER, EMAIL, ZIP_CODE, CITY, STATE, ADDRESS) VALUES
(472609, ' Alana Mcintosh', 263660995, '02/27/1970 00:00:01', '(137) 289-8660', 'Abel.Y_Wilke@example.com', 25347, 'Eastlake', 'Oregon', '2647 Riddle Hill Ln');
INSERT INTO TAD222.CUSTOMER(CUSTOMER_ID, NAME, SOCIAL_SECURITY, AGE, PHONE_NUMBER, EMAIL, ZIP_CODE, CITY, STATE, ADDRESS) VALUES
(422909, ' Kieth Adcock', NULL, '07/11/1913 00:00:01', '(650) 477-9748', 'Chong4@example.com', 46454, 'Capron', 'California', '1319 Hidden Hunting Hill Road');
INSERT INTO TAD222.CUSTOMER(CUSTOMER_ID, NAME, SOCIAL_SECURITY, AGE, PHONE_NUMBER, EMAIL, ZIP_CODE, CITY, STATE, ADDRESS) VALUES
(562610, ' Sung Rich', 865012422, '02/07/1902 00:00:01', '(788) 897-5292', 'Hartmann@example.com', 40380, 'Green Village', 'Montana', '2648 West Prospect Hill Ct');
INSERT INTO TAD222.CUSTOMER(CUSTOMER_ID, NAME, SOCIAL_SECURITY, AGE, PHONE_NUMBER, EMAIL, ZIP_CODE, CITY, STATE, ADDRESS) VALUES
(111995, ' Becky Smoot', 273272296, '10/19/1942 00:00:01', '(523) 681-8965', 'DaniloBruce@example.com', 15871, 'Mount Hope', 'Arizona', '3302 South Town Street');
INSERT INTO TAD222.CUSTOMER(CUSTOMER_ID, NAME, SOCIAL_SECURITY, AGE, PHONE_NUMBER, EMAIL, ZIP_CODE, CITY, STATE, ADDRESS) VALUES
(719032, ' Aubrey Santana', NULL, '12/20/1914 00:00:01', '(868) 092-5864', 'Dodd338@example.com', 89512, 'Pinsonfork', 'Alabama', '2392 W Hazelwood Ct');
INSERT INTO TAD222.CUSTOMER(CUSTOMER_ID, NAME, SOCIAL_SECURITY, AGE, PHONE_NUMBER, EMAIL, ZIP_CODE, CITY, STATE, ADDRESS) VALUES
(332909, ' Veola Bernier', 130443767, '06/29/1924 00:00:01', '(980) 456-9363', 'zlqsk9@example.com', 97680, 'Arroyo Grande', 'Nevada', '359 E Front Rd');
INSERT INTO TAD222.CUSTOMER(CUSTOMER_ID, NAME, SOCIAL_SECURITY, AGE, PHONE_NUMBER, EMAIL, ZIP_CODE, CITY, STATE, ADDRESS) VALUES
(472610, ' Bennett Pickens', 271912717, '01/02/1951 00:00:01', '(302) 624-3525', 'SumnerN731@example.com', 31187, 'Eastland', 'Nebraska', '159 Social Street');
INSERT INTO TAD222.CUSTOMER(CUSTOMER_ID, NAME, SOCIAL_SECURITY, AGE, PHONE_NUMBER, EMAIL, ZIP_CODE, CITY, STATE, ADDRESS) VALUES
(879631, ' Sharon Allard', 411166789, '03/09/1984 00:00:01', '(113) 168-9012', 'Gilliam@example.com', 89115, 'Shelburne', 'Virginia', '136 E Prospect Hill Court');
INSERT INTO TAD222.CUSTOMER(CUSTOMER_ID, NAME, SOCIAL_SECURITY, AGE, PHONE_NUMBER, EMAIL, ZIP_CODE, CITY, STATE, ADDRESS) VALUES
(422910, ' Bettie Abney', 145748783, '01/03/1901 00:00:01', '(879) 805-5079', 'FredrickLyle@nowhere.com', 57355, 'Captain Cook', 'California', '632 Riverview Dr');
INSERT INTO TAD222.CUSTOMER(CUSTOMER_ID, NAME, SOCIAL_SECURITY, AGE, PHONE_NUMBER, EMAIL, ZIP_CODE, CITY, STATE, ADDRESS) VALUES
(969629, ' Lanie Word', 120965245, '11/28/2013 00:00:01', '(532) 749-1896', 'Alves7@example.com', 48661, 'Tyrone', 'Colorado', '1031 Mountain Pkwy');
INSERT INTO TAD222.CUSTOMER(CUSTOMER_ID, NAME, SOCIAL_SECURITY, AGE, PHONE_NUMBER, EMAIL, ZIP_CODE, CITY, STATE, ADDRESS) VALUES
(809033, ' Francis Wray', 331154717, '11/29/1902 00:00:01', '(315) 254-5230', 'Mcdonough@nowhere.com', 96065, 'Nashville', 'Michigan', '618 E Waterview Loop');

--
-- Inserting data into table TAD222.EMPLOYEE
--
INSERT INTO TAD222.EMPLOYEE(EMPLOYEE_ID, NAME) VALUES
(593801, 'Michael Johnson');
INSERT INTO TAD222.EMPLOYEE(EMPLOYEE_ID, NAME) VALUES
(503801, 'Kina Abraham');
INSERT INTO TAD222.EMPLOYEE(EMPLOYEE_ID, NAME) VALUES
(593802, 'Alexis Laflamme');
INSERT INTO TAD222.EMPLOYEE(EMPLOYEE_ID, NAME) VALUES
(197922, 'Julienne Baxley');
INSERT INTO TAD222.EMPLOYEE(EMPLOYEE_ID, NAME) VALUES
(865863, 'Adolfo Bergeron');
INSERT INTO TAD222.EMPLOYEE(EMPLOYEE_ID, NAME) VALUES
(955861, 'Garry Metzger');
INSERT INTO TAD222.EMPLOYEE(EMPLOYEE_ID, NAME) VALUES
(865864, 'Cathrine Southerland');
INSERT INTO TAD222.EMPLOYEE(EMPLOYEE_ID, NAME) VALUES
(812721, 'Emely Shull');
INSERT INTO TAD222.EMPLOYEE(EMPLOYEE_ID, NAME) VALUES
(722721, 'Charlsie Alston');
INSERT INTO TAD222.EMPLOYEE(EMPLOYEE_ID, NAME) VALUES
(107922, 'Yevette Vanwinkle');
INSERT INTO TAD222.EMPLOYEE(EMPLOYEE_ID, NAME) VALUES
(999999, 'Roxy Julian');
INSERT INTO TAD222.EMPLOYEE(EMPLOYEE_ID, NAME) VALUES
(197923, 'Casey Pleasant');
INSERT INTO TAD222.EMPLOYEE(EMPLOYEE_ID, NAME) VALUES
(503802, 'Jefferey Abrams');
INSERT INTO TAD222.EMPLOYEE(EMPLOYEE_ID, NAME) VALUES
(955862, 'Raymundo Bottoms');
INSERT INTO TAD222.EMPLOYEE(EMPLOYEE_ID, NAME) VALUES
(593803, 'Sophia Driscoll');
INSERT INTO TAD222.EMPLOYEE(EMPLOYEE_ID, NAME) VALUES
(865865, 'Dave Browder');
INSERT INTO TAD222.EMPLOYEE(EMPLOYEE_ID, NAME) VALUES
(812722, 'Randee Quinonez');
INSERT INTO TAD222.EMPLOYEE(EMPLOYEE_ID, NAME) VALUES
(503803, 'Terrell Fryer');
INSERT INTO TAD222.EMPLOYEE(EMPLOYEE_ID, NAME) VALUES
(955863, 'Nicola Neil');
INSERT INTO TAD222.EMPLOYEE(EMPLOYEE_ID, NAME) VALUES
(722722, 'Earleen Sessions');
INSERT INTO TAD222.EMPLOYEE(EMPLOYEE_ID, NAME) VALUES
(342818, 'Daniele Hundley');
INSERT INTO TAD222.EMPLOYEE(EMPLOYEE_ID, NAME) VALUES
(865866, 'Lucrecia Cason');
INSERT INTO TAD222.EMPLOYEE(EMPLOYEE_ID, NAME) VALUES
(593804, 'Adeline Abraham');
INSERT INTO TAD222.EMPLOYEE(EMPLOYEE_ID, NAME) VALUES
(107923, 'Tresa Mallory');
INSERT INTO TAD222.EMPLOYEE(EMPLOYEE_ID, NAME) VALUES
(197924, 'Timika Leger');
INSERT INTO TAD222.EMPLOYEE(EMPLOYEE_ID, NAME) VALUES
(432819, 'Curt Munoz');
INSERT INTO TAD222.EMPLOYEE(EMPLOYEE_ID, NAME) VALUES
(107924, 'Angelika Hinkle');
INSERT INTO TAD222.EMPLOYEE(EMPLOYEE_ID, NAME) VALUES
(342819, 'Bradford Meza');
INSERT INTO TAD222.EMPLOYEE(EMPLOYEE_ID, NAME) VALUES
(955864, 'Cordie Acker');
INSERT INTO TAD222.EMPLOYEE(EMPLOYEE_ID, NAME) VALUES
(197925, 'Mickey Brubaker');
INSERT INTO TAD222.EMPLOYEE(EMPLOYEE_ID, NAME) VALUES
(107925, 'Neville Triplett');
INSERT INTO TAD222.EMPLOYEE(EMPLOYEE_ID, NAME) VALUES
(503804, 'Agripina Mcclendon');
INSERT INTO TAD222.EMPLOYEE(EMPLOYEE_ID, NAME) VALUES
(865867, 'Maxie Parnell');
INSERT INTO TAD222.EMPLOYEE(EMPLOYEE_ID, NAME) VALUES
(197926, 'Hue Reece');
INSERT INTO TAD222.EMPLOYEE(EMPLOYEE_ID, NAME) VALUES
(107926, 'Fay Matson');
INSERT INTO TAD222.EMPLOYEE(EMPLOYEE_ID, NAME) VALUES
(955865, 'Emiko Colbert');
INSERT INTO TAD222.EMPLOYEE(EMPLOYEE_ID, NAME) VALUES
(593805, 'Alphonso Artis');
INSERT INTO TAD222.EMPLOYEE(EMPLOYEE_ID, NAME) VALUES
(197927, 'Vernon Tibbs');
INSERT INTO TAD222.EMPLOYEE(EMPLOYEE_ID, NAME) VALUES
(503805, 'Abby Webster');
INSERT INTO TAD222.EMPLOYEE(EMPLOYEE_ID, NAME) VALUES
(107927, 'Tosha Fischer');
INSERT INTO TAD222.EMPLOYEE(EMPLOYEE_ID, NAME) VALUES
(812723, 'Versie Andrade');
INSERT INTO TAD222.EMPLOYEE(EMPLOYEE_ID, NAME) VALUES
(432820, 'Alisa Almeida');
INSERT INTO TAD222.EMPLOYEE(EMPLOYEE_ID, NAME) VALUES
(593806, 'Terrence Hazel');
INSERT INTO TAD222.EMPLOYEE(EMPLOYEE_ID, NAME) VALUES
(342820, 'Jenelle Woodard');
INSERT INTO TAD222.EMPLOYEE(EMPLOYEE_ID, NAME) VALUES
(503806, 'Alva Westfall');
INSERT INTO TAD222.EMPLOYEE(EMPLOYEE_ID, NAME) VALUES
(593807, 'Adah Caballero');
INSERT INTO TAD222.EMPLOYEE(EMPLOYEE_ID, NAME) VALUES
(865868, 'Ramona Correia');
INSERT INTO TAD222.EMPLOYEE(EMPLOYEE_ID, NAME) VALUES
(432821, 'Paige Welsh');
INSERT INTO TAD222.EMPLOYEE(EMPLOYEE_ID, NAME) VALUES
(955866, 'Kevin Stephen');
INSERT INTO TAD222.EMPLOYEE(EMPLOYEE_ID, NAME) VALUES
(503807, 'Camie Cosgrove');

--
-- Inserting data into table TAD222.ADJUSTER
--
INSERT INTO TAD222.ADJUSTER(ADJUSTER_ID) VALUES
(432821);
INSERT INTO TAD222.ADJUSTER(ADJUSTER_ID) VALUES
(342820);
INSERT INTO TAD222.ADJUSTER(ADJUSTER_ID) VALUES
(503807);
INSERT INTO TAD222.ADJUSTER(ADJUSTER_ID) VALUES
(503805);
INSERT INTO TAD222.ADJUSTER(ADJUSTER_ID) VALUES
(107923);
INSERT INTO TAD222.ADJUSTER(ADJUSTER_ID) VALUES
(197925);
INSERT INTO TAD222.ADJUSTER(ADJUSTER_ID) VALUES
(197924);
INSERT INTO TAD222.ADJUSTER(ADJUSTER_ID) VALUES
(197926);
INSERT INTO TAD222.ADJUSTER(ADJUSTER_ID) VALUES
(107925);
INSERT INTO TAD222.ADJUSTER(ADJUSTER_ID) VALUES
(107927);
INSERT INTO TAD222.ADJUSTER(ADJUSTER_ID) VALUES
(593807);
INSERT INTO TAD222.ADJUSTER(ADJUSTER_ID) VALUES
(955861);
INSERT INTO TAD222.ADJUSTER(ADJUSTER_ID) VALUES
(955866);
INSERT INTO TAD222.ADJUSTER(ADJUSTER_ID) VALUES
(593801);
INSERT INTO TAD222.ADJUSTER(ADJUSTER_ID) VALUES
(865868);
INSERT INTO TAD222.ADJUSTER(ADJUSTER_ID) VALUES
(503806);
INSERT INTO TAD222.ADJUSTER(ADJUSTER_ID) VALUES
(865865);
INSERT INTO TAD222.ADJUSTER(ADJUSTER_ID) VALUES
(865866);
INSERT INTO TAD222.ADJUSTER(ADJUSTER_ID) VALUES
(865864);
INSERT INTO TAD222.ADJUSTER(ADJUSTER_ID) VALUES
(107926);
INSERT INTO TAD222.ADJUSTER(ADJUSTER_ID) VALUES
(812723);
INSERT INTO TAD222.ADJUSTER(ADJUSTER_ID) VALUES
(432819);
INSERT INTO TAD222.ADJUSTER(ADJUSTER_ID) VALUES
(503801);
INSERT INTO TAD222.ADJUSTER(ADJUSTER_ID) VALUES
(812722);
INSERT INTO TAD222.ADJUSTER(ADJUSTER_ID) VALUES
(197923);
INSERT INTO TAD222.ADJUSTER(ADJUSTER_ID) VALUES
(503804);
INSERT INTO TAD222.ADJUSTER(ADJUSTER_ID) VALUES
(503803);
INSERT INTO TAD222.ADJUSTER(ADJUSTER_ID) VALUES
(812721);
INSERT INTO TAD222.ADJUSTER(ADJUSTER_ID) VALUES
(503802);
INSERT INTO TAD222.ADJUSTER(ADJUSTER_ID) VALUES
(107924);
INSERT INTO TAD222.ADJUSTER(ADJUSTER_ID) VALUES
(955865);
INSERT INTO TAD222.ADJUSTER(ADJUSTER_ID) VALUES
(593802);
INSERT INTO TAD222.ADJUSTER(ADJUSTER_ID) VALUES
(865867);
INSERT INTO TAD222.ADJUSTER(ADJUSTER_ID) VALUES
(342819);
INSERT INTO TAD222.ADJUSTER(ADJUSTER_ID) VALUES
(593804);
INSERT INTO TAD222.ADJUSTER(ADJUSTER_ID) VALUES
(432820);
INSERT INTO TAD222.ADJUSTER(ADJUSTER_ID) VALUES
(955864);
INSERT INTO TAD222.ADJUSTER(ADJUSTER_ID) VALUES
(722721);
INSERT INTO TAD222.ADJUSTER(ADJUSTER_ID) VALUES
(197922);
INSERT INTO TAD222.ADJUSTER(ADJUSTER_ID) VALUES
(107922);
INSERT INTO TAD222.ADJUSTER(ADJUSTER_ID) VALUES
(593805);
INSERT INTO TAD222.ADJUSTER(ADJUSTER_ID) VALUES
(593806);
INSERT INTO TAD222.ADJUSTER(ADJUSTER_ID) VALUES
(865863);
INSERT INTO TAD222.ADJUSTER(ADJUSTER_ID) VALUES
(955863);
INSERT INTO TAD222.ADJUSTER(ADJUSTER_ID) VALUES
(955862);
INSERT INTO TAD222.ADJUSTER(ADJUSTER_ID) VALUES
(999999);
INSERT INTO TAD222.ADJUSTER(ADJUSTER_ID) VALUES
(197927);
INSERT INTO TAD222.ADJUSTER(ADJUSTER_ID) VALUES
(722722);
INSERT INTO TAD222.ADJUSTER(ADJUSTER_ID) VALUES
(593803);
INSERT INTO TAD222.ADJUSTER(ADJUSTER_ID) VALUES
(342818);

--
-- Inserting data into table TAD222.AGENT
--
INSERT INTO TAD222.AGENT(AGENT_ID) VALUES
(955865);
INSERT INTO TAD222.AGENT(AGENT_ID) VALUES
(955866);
INSERT INTO TAD222.AGENT(AGENT_ID) VALUES
(107924);
INSERT INTO TAD222.AGENT(AGENT_ID) VALUES
(865868);
INSERT INTO TAD222.AGENT(AGENT_ID) VALUES
(999999);
INSERT INTO TAD222.AGENT(AGENT_ID) VALUES
(722722);
INSERT INTO TAD222.AGENT(AGENT_ID) VALUES
(503806);
INSERT INTO TAD222.AGENT(AGENT_ID) VALUES
(432820);
INSERT INTO TAD222.AGENT(AGENT_ID) VALUES
(593805);
INSERT INTO TAD222.AGENT(AGENT_ID) VALUES
(432821);
INSERT INTO TAD222.AGENT(AGENT_ID) VALUES
(503807);
INSERT INTO TAD222.AGENT(AGENT_ID) VALUES
(593806);
INSERT INTO TAD222.AGENT(AGENT_ID) VALUES
(197927);
INSERT INTO TAD222.AGENT(AGENT_ID) VALUES
(593803);
INSERT INTO TAD222.AGENT(AGENT_ID) VALUES
(593807);
INSERT INTO TAD222.AGENT(AGENT_ID) VALUES
(342818);
INSERT INTO TAD222.AGENT(AGENT_ID) VALUES
(955861);
INSERT INTO TAD222.AGENT(AGENT_ID) VALUES
(865865);
INSERT INTO TAD222.AGENT(AGENT_ID) VALUES
(865867);
INSERT INTO TAD222.AGENT(AGENT_ID) VALUES
(342819);
INSERT INTO TAD222.AGENT(AGENT_ID) VALUES
(342820);
INSERT INTO TAD222.AGENT(AGENT_ID) VALUES
(593801);
INSERT INTO TAD222.AGENT(AGENT_ID) VALUES
(865864);
INSERT INTO TAD222.AGENT(AGENT_ID) VALUES
(593804);
INSERT INTO TAD222.AGENT(AGENT_ID) VALUES
(955864);
INSERT INTO TAD222.AGENT(AGENT_ID) VALUES
(865866);
INSERT INTO TAD222.AGENT(AGENT_ID) VALUES
(107923);
INSERT INTO TAD222.AGENT(AGENT_ID) VALUES
(503805);
INSERT INTO TAD222.AGENT(AGENT_ID) VALUES
(503801);
INSERT INTO TAD222.AGENT(AGENT_ID) VALUES
(812722);
INSERT INTO TAD222.AGENT(AGENT_ID) VALUES
(197923);
INSERT INTO TAD222.AGENT(AGENT_ID) VALUES
(197925);
INSERT INTO TAD222.AGENT(AGENT_ID) VALUES
(503803);
INSERT INTO TAD222.AGENT(AGENT_ID) VALUES
(197924);
INSERT INTO TAD222.AGENT(AGENT_ID) VALUES
(503802);
INSERT INTO TAD222.AGENT(AGENT_ID) VALUES
(197926);
INSERT INTO TAD222.AGENT(AGENT_ID) VALUES
(955863);
INSERT INTO TAD222.AGENT(AGENT_ID) VALUES
(107927);
INSERT INTO TAD222.AGENT(AGENT_ID) VALUES
(955862);
INSERT INTO TAD222.AGENT(AGENT_ID) VALUES
(107926);
INSERT INTO TAD222.AGENT(AGENT_ID) VALUES
(107925);
INSERT INTO TAD222.AGENT(AGENT_ID) VALUES
(812723);
INSERT INTO TAD222.AGENT(AGENT_ID) VALUES
(812721);
INSERT INTO TAD222.AGENT(AGENT_ID) VALUES
(432819);
INSERT INTO TAD222.AGENT(AGENT_ID) VALUES
(593802);
INSERT INTO TAD222.AGENT(AGENT_ID) VALUES
(722721);
INSERT INTO TAD222.AGENT(AGENT_ID) VALUES
(503804);
INSERT INTO TAD222.AGENT(AGENT_ID) VALUES
(197922);
INSERT INTO TAD222.AGENT(AGENT_ID) VALUES
(107922);
INSERT INTO TAD222.AGENT(AGENT_ID) VALUES
(865863);

--
-- Inserting data into table TAD222.CLAIM
--
INSERT INTO TAD222.CLAIM(CLAIM_ID, CUSTOMER_ID, CLAIM_TYPE, ACCIDENT, ITEMS_DAMAGED, DESCRIPTION, OUTCOME, AGENT_NOTES) VALUES
(623925, 422908, 'Health', 'Health-Related', 'Y', 'Perspiciatis quam ut voluptatem sint assumenda. Ut nulla voluptatem aliquam autem perspiciatis. Beatae sed consectetur nihil delectus laudantium error.', NULL, 'Aperiam itaque voluptatem dolor molestiae voluptate veritatis.');
INSERT INTO TAD222.CLAIM(CLAIM_ID, CUSTOMER_ID, CLAIM_TYPE, ACCIDENT, ITEMS_DAMAGED, DESCRIPTION, OUTCOME, AGENT_NOTES) VALUES
(875461, 969627, 'Home', 'Theft', 'Y', 'Unde mollitia quis recusandae. Rerum quia laudantium tempora culpa laboriosam asperiores. Delectus minima vel et maiores ut maiores.', ' ACCEPT', 'Asperiores sunt cupiditate unde ab inventore eligendi.');
INSERT INTO TAD222.CLAIM(CLAIM_ID, CUSTOMER_ID, CLAIM_TYPE, ACCIDENT, ITEMS_DAMAGED, DESCRIPTION, OUTCOME, AGENT_NOTES) VALUES
(965459, 111995, 'Life', 'Theft', 'Y', 'Reiciendis ea quia. Amet qui recusandae. Ut ipsam ducimus! Corrupti vel qui. Aut quod sit. Maiores error ut. Perspiciatis est cupiditate. Assumenda vero!', NULL, 'Et temporibus aperiam. Culpa ullam temporibus? Nesciunt veniam nulla. Voluptates mollitia animi. Ipsum aliquam ex. Tempora eum et. Aut perferendis vitae.');
INSERT INTO TAD222.CLAIM(CLAIM_ID, CUSTOMER_ID, CLAIM_TYPE, ACCIDENT, ITEMS_DAMAGED, DESCRIPTION, OUTCOME, AGENT_NOTES) VALUES
(360038, 999999, 'Home', 'Fire Damage', 'Y', 'Nemo possimus amet adipisci sit esse omnis.', ' ACCEPT', 'Sint est beatae. Voluptas vel quo! Libero provident fugiat. Unde blanditiis fugiat? Fugit nihil dignissimos. Ratione voluptas minima. Sed aut est. Provident.');
INSERT INTO TAD222.CLAIM(CLAIM_ID, CUSTOMER_ID, CLAIM_TYPE, ACCIDENT, ITEMS_DAMAGED, DESCRIPTION, OUTCOME, AGENT_NOTES) VALUES
(740171, 809031, 'Auto', 'Personal Injury', 'N', 'Dolores ipsum iste dicta qui aut. Molestias sit et quasi quisquam nobis. Culpa dolor consequatur. Omnis repellendus omnis quasi.', NULL, 'Velit quos ducimus molestias. In deserunt sed. Expedita unde quisquam modi consequatur et veritatis. Neque tempore sed. Beatae possimus fugit.');
INSERT INTO TAD222.CLAIM(CLAIM_ID, CUSTOMER_ID, CLAIM_TYPE, ACCIDENT, ITEMS_DAMAGED, DESCRIPTION, OUTCOME, AGENT_NOTES) VALUES
(533925, 422910, 'Auto', 'Personal Injury', 'N', 'Quia a sit. Repellendus iste nemo. Quod dolores eveniet. Aliquid modi excepturi. Dolore ea soluta. A et est; inventore voluptatem vitae. Corrupti numquam.', NULL, 'Iusto sed deleniti. Rerum odio iusto! Asperiores rerum quis; harum ut omnis. Temporibus necessitatibus ut! Et libero quaerat. Sit velit fugiat.');
INSERT INTO TAD222.CLAIM(CLAIM_ID, CUSTOMER_ID, CLAIM_TYPE, ACCIDENT, ITEMS_DAMAGED, DESCRIPTION, OUTCOME, AGENT_NOTES) VALUES
(875462, 969626, 'Home', 'Wind and Hail', 'N', 'Et deserunt quod. Odio temporibus dolores perspiciatis maxime illo est. Cumque quos sit possimus vitae! Omnis accusamus consequatur. Fugit sint quo.', 'REJECT ', 'Iure autem deleniti. Eum aliquam doloribus? Ea tenetur consequatur. Fugit error necessitatibus! Sapiente sint repellendus. Modi quis voluptatem. Eos saepe.');
INSERT INTO TAD222.CLAIM(CLAIM_ID, CUSTOMER_ID, CLAIM_TYPE, ACCIDENT, ITEMS_DAMAGED, DESCRIPTION, OUTCOME, AGENT_NOTES) VALUES
(965460, 969626, 'Health', 'Personal Property Da', 'N', 'Odit nihil voluptate unde omnis eum. Voluptas labore hic qui excepturi. Eveniet aut quae veritatis dolorum perspiciatis est! Consequatur magnam et.', ' ACCEPT', 'Sunt et est nobis eligendi illo fuga. Est at eligendi vel reprehenderit omnis accusantium.');
INSERT INTO TAD222.CLAIM(CLAIM_ID, CUSTOMER_ID, CLAIM_TYPE, ACCIDENT, ITEMS_DAMAGED, DESCRIPTION, OUTCOME, AGENT_NOTES) VALUES
(450039, 332904, 'Auto', 'Fire Damage', 'N', 'Quia adipisci voluptatem. Ut fugiat unde. Eveniet soluta qui asperiores ut dignissimos. Obcaecati aperiam asperiores recusandae ea distinctio illum.', ' ACCEPT', 'Et rem quia sed nemo suscipit enim. Dolorem ut optio aliquid fugit est ipsa.');
INSERT INTO TAD222.CLAIM(CLAIM_ID, CUSTOMER_ID, CLAIM_TYPE, ACCIDENT, ITEMS_DAMAGED, DESCRIPTION, OUTCOME, AGENT_NOTES) VALUES
(360039, 422909, 'Life', 'Personal Injury', 'Y', 'Omnis et neque perspiciatis ut perspiciatis quasi. Enim aut omnis. Et consequatur repellat. Facere atque id! Error est qui. Blanditiis ea et!', 'REJECT ', 'Et eaque nemo. Deleniti est aut. Ut et quis. Doloremque adipisci deserunt! Soluta aut sint. Consequuntur enim porro. Facilis consequuntur qui. Qui tempora;');
INSERT INTO TAD222.CLAIM(CLAIM_ID, CUSTOMER_ID, CLAIM_TYPE, ACCIDENT, ITEMS_DAMAGED, DESCRIPTION, OUTCOME, AGENT_NOTES) VALUES
(999999, 472607, 'Auto', 'Theft', 'Y', 'Eligendi ipsam quas. Quia ullam aut. Pariatur quia harum. Doloribus voluptatem repudiandae! Eum eius dolorem. Eum aperiam officia. Est excepturi nihil;', 'REJECT ', 'Sint quis enim. Mollitia vero repudiandae. Minus enim unde! Et reprehenderit incidunt. Facere aliquam laborum. Aliquid sit et. Provident tenetur dolores...');
INSERT INTO TAD222.CLAIM(CLAIM_ID, CUSTOMER_ID, CLAIM_TYPE, ACCIDENT, ITEMS_DAMAGED, DESCRIPTION, OUTCOME, AGENT_NOTES) VALUES
(272692, 472607, 'Health', 'Personal Property Da', 'N', 'Autem et placeat. Optio aut non. Distinctio itaque perferendis harum corporis fugit error. Deserunt odio esse provident. Consectetur doloribus consequatur.', 'REJECT ', 'Aspernatur sed exercitationem voluptas rerum qui quam.');
INSERT INTO TAD222.CLAIM(CLAIM_ID, CUSTOMER_ID, CLAIM_TYPE, ACCIDENT, ITEMS_DAMAGED, DESCRIPTION, OUTCOME, AGENT_NOTES) VALUES
(875463, 111989, 'Health', 'Theft', 'Y', 'Nostrum hic et tempora distinctio aut eligendi.', 'REJECT ', 'Deserunt voluptatem dolorum; iusto sit accusantium. Dolorem ut natus! Omnis ipsam cum. Fugiat et veritatis. Magnam alias quia! Eius sed necessitatibus.');
INSERT INTO TAD222.CLAIM(CLAIM_ID, CUSTOMER_ID, CLAIM_TYPE, ACCIDENT, ITEMS_DAMAGED, DESCRIPTION, OUTCOME, AGENT_NOTES) VALUES
(623926, 809031, 'Home', 'Personal Property Da', 'Y', 'Pariatur aut eum. Eaque veniam fugiat. Explicabo iste nostrum. Quas rerum molestias? Voluptatibus unde corporis. Unde aut non. Perspiciatis velit natus.', NULL, 'Non ea voluptatem. Inventore pariatur possimus! Cupiditate neque ex. Adipisci ullam dolor! Laboriosam dolorum consequatur; deserunt doloremque et. Ipsum quas.');
INSERT INTO TAD222.CLAIM(CLAIM_ID, CUSTOMER_ID, CLAIM_TYPE, ACCIDENT, ITEMS_DAMAGED, DESCRIPTION, OUTCOME, AGENT_NOTES) VALUES
(965461, 562610, 'Home', 'Water Damage', 'Y', 'Labore est dolorum. Est omnis magni. Autem voluptas tempora. Amet error est? A voluptas cupiditate. Fuga dolores non. Autem aut possimus...', ' ACCEPT', 'Omnis dolor voluptatibus. Autem neque alias. Illum tempora sed! Id natus consequatur. Ea quod maxime! Quia rerum error. Natus autem rerum.');
INSERT INTO TAD222.CLAIM(CLAIM_ID, CUSTOMER_ID, CLAIM_TYPE, ACCIDENT, ITEMS_DAMAGED, DESCRIPTION, OUTCOME, AGENT_NOTES) VALUES
(450040, 562607, 'Health', 'Theft', 'Y', 'Exercitationem sit itaque nulla et accusantium quam. Aut pariatur assumenda. Natus dolor autem. Et ut voluptatem? Hic dignissimos eos. In enim quo...', 'REJECT ', 'Consectetur eos rerum praesentium. Dicta est aliquam molestiae dignissimos et natus. Sed qui nisi quasi aut ullam molestiae.');
INSERT INTO TAD222.CLAIM(CLAIM_ID, CUSTOMER_ID, CLAIM_TYPE, ACCIDENT, ITEMS_DAMAGED, DESCRIPTION, OUTCOME, AGENT_NOTES) VALUES
(360040, 201995, 'Auto', 'Personal Property Da', 'N', 'Dicta voluptas ut et. Distinctio ipsa rerum nam non enim eaque! Quo animi rerum eveniet ut qui non.', NULL, 'Tenetur nobis ea explicabo id ducimus quam. Error doloribus id quia autem sed magni...');
INSERT INTO TAD222.CLAIM(CLAIM_ID, CUSTOMER_ID, CLAIM_TYPE, ACCIDENT, ITEMS_DAMAGED, DESCRIPTION, OUTCOME, AGENT_NOTES) VALUES
(875464, 809031, 'Home', 'Personal Property Da', 'N', 'Vel ut autem ab iste illum non. Ut velit aliquam neque sed velit ratione.', ' ACCEPT', 'Non nostrum enim; facere vitae est nisi odio voluptas aut. Esse ut quia et unde omnis fugit.');
INSERT INTO TAD222.CLAIM(CLAIM_ID, CUSTOMER_ID, CLAIM_TYPE, ACCIDENT, ITEMS_DAMAGED, DESCRIPTION, OUTCOME, AGENT_NOTES) VALUES
(182692, 472607, 'Home', 'Personal Property Da', 'N', 'Molestiae qui ut inventore at. Libero saepe mollitia eos possimus expedita animi! Amet et voluptatem qui quod; labore voluptatem aliquid maiores rerum.', NULL, 'Perspiciatis suscipit unde. Reprehenderit omnis quibusdam. Provident iste odit. Et similique eos. Autem error a! Error nisi non; consequatur voluptatem et.');
INSERT INTO TAD222.CLAIM(CLAIM_ID, CUSTOMER_ID, CLAIM_TYPE, ACCIDENT, ITEMS_DAMAGED, DESCRIPTION, OUTCOME, AGENT_NOTES) VALUES
(650171, 422907, 'Health', 'Car Wreck', 'Y', 'Tempore nam quisquam. Voluptatem earum vero. Exercitationem accusantium ipsa. Excepturi iure laboriosam! Velit in assumenda. Nihil dolor error. Eius atque.', ' ACCEPT', 'Ullam maiores sit. Corporis nihil id qui ex quo sapiente! Dolores officiis possimus aut est consectetur in.');
INSERT INTO TAD222.CLAIM(CLAIM_ID, CUSTOMER_ID, CLAIM_TYPE, ACCIDENT, ITEMS_DAMAGED, DESCRIPTION, OUTCOME, AGENT_NOTES) VALUES
(740172, 562610, 'Auto', 'Personal Injury', 'N', 'Possimus illum omnis voluptas modi quidem nam.', ' ACCEPT', 'Odit commodi expedita. Sint unde minima! Quae nihil reprehenderit. Repellat est eaque. In quas quo. Voluptatem omnis cupiditate. Voluptas voluptate et!');
INSERT INTO TAD222.CLAIM(CLAIM_ID, CUSTOMER_ID, CLAIM_TYPE, ACCIDENT, ITEMS_DAMAGED, DESCRIPTION, OUTCOME, AGENT_NOTES) VALUES
(533926, 472606, 'Life', 'Fire Damage', 'Y', 'Voluptatem perspiciatis distinctio. Nihil ut voluptatem! Voluptates culpa id. Sequi voluptas vero. Recusandae quo optio. Facere architecto reprehenderit.', NULL, 'Quis et consequatur. Inventore voluptates quod. Dolor quis minus! Illo quis et. Aut veniam est. Iste possimus quia; numquam voluptatem qui. Nihil doloremque!');
INSERT INTO TAD222.CLAIM(CLAIM_ID, CUSTOMER_ID, CLAIM_TYPE, ACCIDENT, ITEMS_DAMAGED, DESCRIPTION, OUTCOME, AGENT_NOTES) VALUES
(272693, 111994, 'Home', 'Water Damage', 'N', 'In ratione facilis. Qui et rerum. Ipsam voluptas consequatur; excepturi minus quidem. Nihil quae incidunt? Ut esse doloribus! Consequatur iste natus.', NULL, 'Et vitae perspiciatis. Et sit quaerat? Est officia sunt ea quasi est! Tempora fugit et. Alias voluptatem ut. Enim assumenda quis.');
INSERT INTO TAD222.CLAIM(CLAIM_ID, CUSTOMER_ID, CLAIM_TYPE, ACCIDENT, ITEMS_DAMAGED, DESCRIPTION, OUTCOME, AGENT_NOTES) VALUES
(965462, 719031, 'Auto', 'Health-Related', 'N', 'Modi facere aliquid; quia harum eveniet. Natus dolor itaque. Commodi ut quo. Qui aut qui. Veritatis eum quia. Perspiciatis sunt placeat. Quisquam et quo.', 'REJECT ', 'Harum perferendis eius sit ut eum dolore. Impedit saepe obcaecati. Nam voluptas eaque est voluptatem! Qui officiis unde. Eum quam officia!');
INSERT INTO TAD222.CLAIM(CLAIM_ID, CUSTOMER_ID, CLAIM_TYPE, ACCIDENT, ITEMS_DAMAGED, DESCRIPTION, OUTCOME, AGENT_NOTES) VALUES
(650172, 969627, 'Home', 'Wind and Hail', 'Y', 'Ipsa dolores ut repellat. Accusamus et consequuntur qui iure ut omnis. Sit commodi ut cupiditate et cum quo.', 'REJECT ', 'Autem quam repellat. Magnam officiis et. Amet sed pariatur! Nobis qui quidem. Est alias quod. Sint commodi sit; rerum enim quas.');
INSERT INTO TAD222.CLAIM(CLAIM_ID, CUSTOMER_ID, CLAIM_TYPE, ACCIDENT, ITEMS_DAMAGED, DESCRIPTION, OUTCOME, AGENT_NOTES) VALUES
(182693, NULL, 'Auto', 'Car Wreck', 'N', 'Autem saepe est. Perspiciatis magni exercitationem. Aut vel perspiciatis! Sit est excepturi. Beatae harum error! Neque veritatis quis? Sint ea veritatis.', NULL, 'Expedita totam omnis. Libero eaque aperiam. Suscipit omnis qui! Amet tenetur incidunt. Natus consectetur tenetur. Sit quas perspiciatis. Quo quia sed. Ipsa.');
INSERT INTO TAD222.CLAIM(CLAIM_ID, CUSTOMER_ID, CLAIM_TYPE, ACCIDENT, ITEMS_DAMAGED, DESCRIPTION, OUTCOME, AGENT_NOTES) VALUES
(623927, 332909, 'Auto', 'Health-Related', 'Y', 'Et est error. Hic quod minima quia rerum officia. Sed ut natus soluta autem? Sed voluptates voluptatem natus aut. Sit explicabo magni.', 'REJECT ', 'Facilis voluptatum quasi error sed. Et commodi minima error aut delectus? Quia sint error rerum dolorem minus. Voluptatem nesciunt repudiandae.');
INSERT INTO TAD222.CLAIM(CLAIM_ID, CUSTOMER_ID, CLAIM_TYPE, ACCIDENT, ITEMS_DAMAGED, DESCRIPTION, OUTCOME, AGENT_NOTES) VALUES
(450041, 332909, 'Auto', 'Personal Property Da', 'Y', 'Dolorem quis unde sunt sit et. Vero veritatis quam; unde porro rerum quasi? Aliquid tempora corrupti.', 'REJECT ', 'Voluptatem aperiam voluptatum est ea. Quisquam eos et impedit. Dolores labore ut optio minima culpa; aperiam delectus eum. Nihil ipsam ut.');
INSERT INTO TAD222.CLAIM(CLAIM_ID, CUSTOMER_ID, CLAIM_TYPE, ACCIDENT, ITEMS_DAMAGED, DESCRIPTION, OUTCOME, AGENT_NOTES) VALUES
(740173, NULL, 'Life', 'Wind and Hail', 'Y', 'Sed nesciunt quos earum sit eum dolore. Est dolores architecto omnis et eos; repellendus hic cupiditate autem quia. Sit illo velit.', 'REJECT ', 'Error dolores iure perspiciatis ut et. Ut quia rem laborum neque. Sit praesentium maiores. Est modi architecto minima ea! Illo voluptatem nam.');
INSERT INTO TAD222.CLAIM(CLAIM_ID, CUSTOMER_ID, CLAIM_TYPE, ACCIDENT, ITEMS_DAMAGED, DESCRIPTION, OUTCOME, AGENT_NOTES) VALUES
(533927, 472610, 'Home', 'Car Wreck', 'N', 'Est rerum fugiat. Quia accusantium vitae; quasi labore eaque. Porro molestiae excepturi. Non esse sapiente! Eius ducimus itaque. Corporis et voluptatem...', 'REJECT ', 'Voluptatem fugiat autem. Velit incidunt non; consectetur quia eius. Perspiciatis saepe natus. Quia quis voluptatem. Esse non unde. Perspiciatis est veniam.');
INSERT INTO TAD222.CLAIM(CLAIM_ID, CUSTOMER_ID, CLAIM_TYPE, ACCIDENT, ITEMS_DAMAGED, DESCRIPTION, OUTCOME, AGENT_NOTES) VALUES
(650173, 562610, 'Home', 'Fire Damage', 'N', 'Et non placeat. Consequatur suscipit officia. Officiis quae eos; est numquam vel. Rem magnam sed. Minus ipsum eum! Sit repellendus quae; odit quia sit.', ' ACCEPT', 'Voluptate magnam nemo; quia rerum et; itaque temporibus error. Nam voluptatem maiores? Cumque iste ut. Omnis corrupti id. Molestias tempora voluptatem.');
INSERT INTO TAD222.CLAIM(CLAIM_ID, CUSTOMER_ID, CLAIM_TYPE, ACCIDENT, ITEMS_DAMAGED, DESCRIPTION, OUTCOME, AGENT_NOTES) VALUES
(875465, 201995, 'Home', 'Theft', 'N', 'Earum sed cumque voluptatem non et necessitatibus. Perferendis necessitatibus accusamus quasi nam perspiciatis dolorem!', ' ACCEPT', 'In consequuntur ut. Velit quasi optio. Vitae quas error. Nemo ut unde! Placeat odio sit. Quas saepe eos! Est sequi non. Sed ipsa ut; sint natus iste. Aut est.');
INSERT INTO TAD222.CLAIM(CLAIM_ID, CUSTOMER_ID, CLAIM_TYPE, ACCIDENT, ITEMS_DAMAGED, DESCRIPTION, OUTCOME, AGENT_NOTES) VALUES
(360041, 201990, 'Auto', 'Personal Property Da', 'Y', 'Ratione ut sed in labore. Sed omnis illo voluptatum omnis illo quis; eius sit natus; distinctio dolorem id. Est totam sed! Ipsam in voluptatem.', ' ACCEPT', 'Neque quam sit in adipisci. Porro omnis ut exercitationem omnis! Ex consequuntur et perferendis et sit libero. Alias aut veniam quas.');
INSERT INTO TAD222.CLAIM(CLAIM_ID, CUSTOMER_ID, CLAIM_TYPE, ACCIDENT, ITEMS_DAMAGED, DESCRIPTION, OUTCOME, AGENT_NOTES) VALUES
(623928, 201995, 'Auto', 'Health-Related', 'N', 'Doloremque est enim et eos explicabo. Voluptatibus sapiente qui incidunt nam aspernatur; veritatis voluptatem quos est; voluptatem quas et.', 'REJECT ', 'Voluptatibus non quam minima recusandae rem velit. Et voluptas amet delectus ipsam quos. Sit vero molestiae laudantium? Id omnis at quidem.');
INSERT INTO TAD222.CLAIM(CLAIM_ID, CUSTOMER_ID, CLAIM_TYPE, ACCIDENT, ITEMS_DAMAGED, DESCRIPTION, OUTCOME, AGENT_NOTES) VALUES
(533928, 879630, 'Health', 'Personal Injury', 'Y', 'Magnam quibusdam quia. Qui tempore perspiciatis. Voluptas consequatur a. Culpa vel voluptatum; cumque aspernatur rerum. Tempore autem libero. Iste quae.', ' ACCEPT', 'Error fugit eaque beatae ducimus laboriosam accusantium. Reprehenderit atque est sed aliquid in sequi.');
INSERT INTO TAD222.CLAIM(CLAIM_ID, CUSTOMER_ID, CLAIM_TYPE, ACCIDENT, ITEMS_DAMAGED, DESCRIPTION, OUTCOME, AGENT_NOTES) VALUES
(623929, 201995, 'Life', 'Fire Damage', 'N', 'Eum et similique. Earum ut sunt. Asperiores impedit ducimus. Nemo ipsum unde. Facere sed doloribus! Dolorem et quisquam. Maxime ea natus! Ut vel ut. Enim!', ' ACCEPT', 'Illo quia inventore eaque consequatur dolores autem.');
INSERT INTO TAD222.CLAIM(CLAIM_ID, CUSTOMER_ID, CLAIM_TYPE, ACCIDENT, ITEMS_DAMAGED, DESCRIPTION, OUTCOME, AGENT_NOTES) VALUES
(533929, 969629, 'Home', 'Water Damage', 'N', 'Consequatur molestiae natus eligendi a fugiat est. Itaque voluptatibus modi sunt. Facere aliquid sunt natus culpa perspiciatis debitis...', 'REJECT ', 'Exercitationem facere autem ullam. Quia aut sed nemo omnis unde! Eum non at. Deleniti sint non! Recusandae id at. Quis corporis libero...');
INSERT INTO TAD222.CLAIM(CLAIM_ID, CUSTOMER_ID, CLAIM_TYPE, ACCIDENT, ITEMS_DAMAGED, DESCRIPTION, OUTCOME, AGENT_NOTES) VALUES
(450042, 472609, 'Life', 'Health-Related', 'N', 'Enim omnis harum. Molestiae laborum aut. Nihil iste laboriosam; odit laudantium voluptatem. Quasi aperiam omnis! Deleniti ea sit. Enim nihil sequi. Fugit aut!', NULL, 'Sunt ad sunt doloremque. Velit mollitia tempore sint quasi non! Reiciendis qui quibusdam. Sed aliquam magnam voluptatibus dolor culpa placeat!');
INSERT INTO TAD222.CLAIM(CLAIM_ID, CUSTOMER_ID, CLAIM_TYPE, ACCIDENT, ITEMS_DAMAGED, DESCRIPTION, OUTCOME, AGENT_NOTES) VALUES
(360042, 472610, 'Home', 'Water Damage', 'N', 'Ea est quas omnis et. Illum itaque et voluptatem! In quibusdam unde similique quos officiis voluptates; libero voluptas veniam.', NULL, 'Error dicta perspiciatis expedita sunt voluptas voluptatem; magni facere eius exercitationem error obcaecati veniam...');
INSERT INTO TAD222.CLAIM(CLAIM_ID, CUSTOMER_ID, CLAIM_TYPE, ACCIDENT, ITEMS_DAMAGED, DESCRIPTION, OUTCOME, AGENT_NOTES) VALUES
(623930, 562610, 'Home', 'Water Damage', 'N', 'Alias voluptatibus ut sed cumque hic commodi.', 'REJECT ', 'Et eaque inventore repudiandae illum aliquid harum. Itaque aliquam eligendi sed natus reiciendis vel!');
INSERT INTO TAD222.CLAIM(CLAIM_ID, CUSTOMER_ID, CLAIM_TYPE, ACCIDENT, ITEMS_DAMAGED, DESCRIPTION, OUTCOME, AGENT_NOTES) VALUES
(272694, 969629, 'Life', 'Fire Damage', 'N', 'Eos inventore sunt quisquam. Qui sed dolorem ducimus aut. Quidem voluptatem enim iste ab natus? Officia quia aut. Est suscipit nostrum!', 'REJECT ', 'Explicabo quidem numquam iste cum. Rerum aut illum quae blanditiis. Velit natus et inventore aut est consequuntur.');
INSERT INTO TAD222.CLAIM(CLAIM_ID, CUSTOMER_ID, CLAIM_TYPE, ACCIDENT, ITEMS_DAMAGED, DESCRIPTION, OUTCOME, AGENT_NOTES) VALUES
(450043, 422909, 'Health', 'Theft', 'Y', 'Sunt et ut. Voluptatem et blanditiis et? Qui sunt sit eaque non consequatur. Nemo aut et minima quam repellendus autem!', NULL, 'Autem sed non maxime eveniet cupiditate sint.');
INSERT INTO TAD222.CLAIM(CLAIM_ID, CUSTOMER_ID, CLAIM_TYPE, ACCIDENT, ITEMS_DAMAGED, DESCRIPTION, OUTCOME, AGENT_NOTES) VALUES
(360043, 562609, 'Auto', 'Car Wreck', 'Y', 'Iste quia beatae officia. Laudantium illum dicta assumenda et. Similique cum sequi suscipit et corrupti quaerat! Perspiciatis atque in amet et eum.', ' ACCEPT', 'Modi aut sit. Nesciunt et quidem qui culpa excepturi libero. Iste dicta quas nemo omnis distinctio in.');
INSERT INTO TAD222.CLAIM(CLAIM_ID, CUSTOMER_ID, CLAIM_TYPE, ACCIDENT, ITEMS_DAMAGED, DESCRIPTION, OUTCOME, AGENT_NOTES) VALUES
(450044, 201993, 'Home', 'Personal Injury', 'Y', 'Voluptatem voluptas maiores. Quis labore sed! Error ut accusantium. Quia soluta nostrum. Voluptatem eos omnis; eaque natus esse. Asperiores suscipit dolorem.', ' ACCEPT', 'Deleniti ut perspiciatis. Provident eaque alias. Non aliquid doloribus! Nulla dolor ab. Quibusdam accusamus molestias? Autem velit molestiae; quae dolorum.');
INSERT INTO TAD222.CLAIM(CLAIM_ID, CUSTOMER_ID, CLAIM_TYPE, ACCIDENT, ITEMS_DAMAGED, DESCRIPTION, OUTCOME, AGENT_NOTES) VALUES
(740174, 472608, 'Home', 'Water Damage', 'Y', 'Aut culpa sed. Est ducimus odit quibusdam eius; pariatur officiis nisi tempora autem earum minus. Ipsum porro sint. Unde debitis perspiciatis!', NULL, 'Recusandae reiciendis iste quaerat qui delectus sed.');
INSERT INTO TAD222.CLAIM(CLAIM_ID, CUSTOMER_ID, CLAIM_TYPE, ACCIDENT, ITEMS_DAMAGED, DESCRIPTION, OUTCOME, AGENT_NOTES) VALUES
(650174, 201992, 'Home', 'Fire Damage', 'N', 'Quia dolores iste unde dolores non enim.', 'REJECT ', 'Ratione consectetur architecto. Et consequatur sapiente. Voluptates atque alias? Consequatur quia perferendis. Perspiciatis eos aspernatur; veritatis.');
INSERT INTO TAD222.CLAIM(CLAIM_ID, CUSTOMER_ID, CLAIM_TYPE, ACCIDENT, ITEMS_DAMAGED, DESCRIPTION, OUTCOME, AGENT_NOTES) VALUES
(965463, 969626, 'Health', 'Car Wreck', 'N', 'Dolor ipsa ipsam. Delectus optio quia! Unde nostrum voluptatem; ut in aliquid? Modi non aut. Inventore veritatis suscipit. Aut ea similique.', NULL, 'Eos quia tempora deleniti optio delectus qui.');
INSERT INTO TAD222.CLAIM(CLAIM_ID, CUSTOMER_ID, CLAIM_TYPE, ACCIDENT, ITEMS_DAMAGED, DESCRIPTION, OUTCOME, AGENT_NOTES) VALUES
(875466, NULL, 'Health', 'Car Wreck', 'N', 'Dignissimos sunt quia nisi voluptas sed voluptatem. Beatae natus eaque tempore dolor aperiam? Voluptatem eum unde. Impedit blanditiis praesentium! Magni.', ' ACCEPT', 'Quis cupiditate voluptatem sit ut quia sit. Perspiciatis eos voluptate ullam sint harum nostrum! Minus molestiae sit. Nihil illum vitae.');
INSERT INTO TAD222.CLAIM(CLAIM_ID, CUSTOMER_ID, CLAIM_TYPE, ACCIDENT, ITEMS_DAMAGED, DESCRIPTION, OUTCOME, AGENT_NOTES) VALUES
(740175, NULL, 'Life', 'Wind and Hail', 'N', 'Vitae a culpa molestias. Et doloribus omnis harum ipsam incidunt consequuntur? Dolore ut possimus tempora quia fuga et.', ' ACCEPT', 'Aut est ut. Ipsum numquam facilis. Aut ex quis! Nisi a repellendus. Nostrum dolores aliquid! Obcaecati unde dignissimos. Libero ut vel.');
INSERT INTO TAD222.CLAIM(CLAIM_ID, CUSTOMER_ID, CLAIM_TYPE, ACCIDENT, ITEMS_DAMAGED, DESCRIPTION, OUTCOME, AGENT_NOTES) VALUES
(965464, NULL, 'Health', 'Wind and Hail', 'Y', 'Quam delectus sed. Veritatis sed voluptatibus! Exercitationem qui in. Ea aliquid autem! Illum minus doloribus. Ut error voluptatem! Omnis voluptatem aut.', ' ACCEPT', 'Rerum voluptatum voluptas fugiat accusantium qui. Perferendis et perspiciatis! Fugiat atque consequatur. Omnis numquam natus! Iste dolor rem. Ducimus.');

--
-- Inserting data into table TAD222.POLICY
--
INSERT INTO TAD222.POLICY(POLICY_ID, CUSTOMER_ID, TYPE, COST, COVERAGE, DEDUCTIBLE, COPAY, COINSURANCE, EFFECTIVE_DATE, EXPIRE_DATE) VALUES
(343807, 969628, ' Family', 282.6, 873459.6, 4925.39, 792.79, 99, '05/05/2016 00:00:00', '12/01/2023 00:00:01');
INSERT INTO TAD222.POLICY(POLICY_ID, CUSTOMER_ID, TYPE, COST, COVERAGE, DEDUCTIBLE, COPAY, COINSURANCE, EFFECTIVE_DATE, EXPIRE_DATE) VALUES
(625259, 111994, ' Family', 352.34, 819842.02, 1327.26, 233.01, 83, '03/11/2010 00:00:00', '09/02/2026 00:00:01');
INSERT INTO TAD222.POLICY(POLICY_ID, CUSTOMER_ID, TYPE, COST, COVERAGE, DEDUCTIBLE, COPAY, COINSURANCE, EFFECTIVE_DATE, EXPIRE_DATE) VALUES
(999999, 422905, ' Family', 1724.27, 466651.31, 2649.42, 166.72, 82, '08/30/2012 00:00:00', '11/23/2024 00:00:01');
INSERT INTO TAD222.POLICY(POLICY_ID, CUSTOMER_ID, TYPE, COST, COVERAGE, DEDUCTIBLE, COPAY, COINSURANCE, EFFECTIVE_DATE, EXPIRE_DATE) VALUES
(433808, 332904, ' Family', 1513.68, 174379.05, 4059.79, 752.1, 88, '11/25/2010 00:00:00', '06/28/2023 00:00:01');
INSERT INTO TAD222.POLICY(POLICY_ID, CUSTOMER_ID, TYPE, COST, COVERAGE, DEDUCTIBLE, COPAY, COINSURANCE, EFFECTIVE_DATE, EXPIRE_DATE) VALUES
(975167, 332904, ' Family', 1991, 602011.05, 2526.07, 113.14, 92, '12/20/2016 00:00:00', '09/15/2029 00:00:01');
INSERT INTO TAD222.POLICY(POLICY_ID, CUSTOMER_ID, TYPE, COST, COVERAGE, DEDUCTIBLE, COPAY, COINSURANCE, EFFECTIVE_DATE, EXPIRE_DATE) VALUES
(728502, 332909, 'Single ', 688.44, 166328.17, 3595.53, 154.29, 85, '01/17/2016 00:00:00', '02/05/2026 00:00:01');
INSERT INTO TAD222.POLICY(POLICY_ID, CUSTOMER_ID, TYPE, COST, COVERAGE, DEDUCTIBLE, COPAY, COINSURANCE, EFFECTIVE_DATE, EXPIRE_DATE) VALUES
(535259, 201991, ' Family', 427.76, 855186.84, 1954.43, 209.96, 92, '01/24/2013 00:00:00', '07/13/2025 00:00:01');
INSERT INTO TAD222.POLICY(POLICY_ID, CUSTOMER_ID, TYPE, COST, COVERAGE, DEDUCTIBLE, COPAY, COINSURANCE, EFFECTIVE_DATE, EXPIRE_DATE) VALUES
(343808, 879631, 'Single ', 1390.39, 720707.21, 2036.06, 220.25, 81, '01/03/2016 00:00:00', '05/05/2021 00:00:01');
INSERT INTO TAD222.POLICY(POLICY_ID, CUSTOMER_ID, TYPE, COST, COVERAGE, DEDUCTIBLE, COPAY, COINSURANCE, EFFECTIVE_DATE, EXPIRE_DATE) VALUES
(433809, 201992, 'Single ', 190.12, 862956.19, 4811.65, 662.68, 86, '07/16/2010 00:00:00', '06/30/2024 00:00:01');
INSERT INTO TAD222.POLICY(POLICY_ID, CUSTOMER_ID, TYPE, COST, COVERAGE, DEDUCTIBLE, COPAY, COINSURANCE, EFFECTIVE_DATE, EXPIRE_DATE) VALUES
(818503, 999999, ' Family', 201.37, 700316.39, 3226.65, 668.45, 88, '12/27/2018 00:00:00', '02/10/2021 00:00:01');
INSERT INTO TAD222.POLICY(POLICY_ID, CUSTOMER_ID, TYPE, COST, COVERAGE, DEDUCTIBLE, COPAY, COINSURANCE, EFFECTIVE_DATE, EXPIRE_DATE) VALUES
(885170, 201992, ' Family', 1463.75, 98152.06, 1955.59, 390.69, 85, '01/18/2020 00:00:00', '10/23/2023 00:00:01');
INSERT INTO TAD222.POLICY(POLICY_ID, CUSTOMER_ID, TYPE, COST, COVERAGE, DEDUCTIBLE, COPAY, COINSURANCE, EFFECTIVE_DATE, EXPIRE_DATE) VALUES
(343809, 422907, 'Single ', 279.48, 404790.02, 4616.12, 353.97, 87, '04/18/2015 00:00:00', '12/18/2027 00:00:01');
INSERT INTO TAD222.POLICY(POLICY_ID, CUSTOMER_ID, TYPE, COST, COVERAGE, DEDUCTIBLE, COPAY, COINSURANCE, EFFECTIVE_DATE, EXPIRE_DATE) VALUES
(625260, 111991, 'Single ', 1120.84, 766857.77, 2048.58, 281.52, 84, '05/13/2011 00:00:00', '06/26/2027 00:00:01');
INSERT INTO TAD222.POLICY(POLICY_ID, CUSTOMER_ID, TYPE, COST, COVERAGE, DEDUCTIBLE, COPAY, COINSURANCE, EFFECTIVE_DATE, EXPIRE_DATE) VALUES
(728503, 472607, ' Family', 1761.11, 733629.92, 2516.39, 823.38, 97, '12/20/2017 00:00:00', '04/10/2028 00:00:01');
INSERT INTO TAD222.POLICY(POLICY_ID, CUSTOMER_ID, TYPE, COST, COVERAGE, DEDUCTIBLE, COPAY, COINSURANCE, EFFECTIVE_DATE, EXPIRE_DATE) VALUES
(433810, 111993, 'Single ', 797.24, 571704.01, 3945.99, 131.77, 86, '01/03/2010 00:00:00', '09/16/2027 00:00:01');
INSERT INTO TAD222.POLICY(POLICY_ID, CUSTOMER_ID, TYPE, COST, COVERAGE, DEDUCTIBLE, COPAY, COINSURANCE, EFFECTIVE_DATE, EXPIRE_DATE) VALUES
(343810, 201993, ' Family', 1114.99, 376796.19, 4974.34, 131.5, 81, '03/18/2017 00:00:00', '11/30/2028 00:00:01');
INSERT INTO TAD222.POLICY(POLICY_ID, CUSTOMER_ID, TYPE, COST, COVERAGE, DEDUCTIBLE, COPAY, COINSURANCE, EFFECTIVE_DATE, EXPIRE_DATE) VALUES
(433811, 332907, 'Single ', 1393.57, 582631.11, 730.84, 832.27, 91, '07/17/2016 00:00:00', '01/09/2025 00:00:01');
INSERT INTO TAD222.POLICY(POLICY_ID, CUSTOMER_ID, TYPE, COST, COVERAGE, DEDUCTIBLE, COPAY, COINSURANCE, EFFECTIVE_DATE, EXPIRE_DATE) VALUES
(343811, 111990, 'Single ', 104.01, 442742.35, 4213.96, 666.12, 92, '08/10/2013 00:00:00', '04/23/2025 00:00:01');
INSERT INTO TAD222.POLICY(POLICY_ID, CUSTOMER_ID, TYPE, COST, COVERAGE, DEDUCTIBLE, COPAY, COINSURANCE, EFFECTIVE_DATE, EXPIRE_DATE) VALUES
(975168, 201990, ' Family', 1851.38, 109741.27, 2603.94, 991.97, 81, '01/27/2015 00:00:00', '10/29/2024 00:00:01');
INSERT INTO TAD222.POLICY(POLICY_ID, CUSTOMER_ID, TYPE, COST, COVERAGE, DEDUCTIBLE, COPAY, COINSURANCE, EFFECTIVE_DATE, EXPIRE_DATE) VALUES
(818504, 562607, 'Single ', 1098.42, 223719.33, 4914.18, 789.45, 81, '04/10/2011 00:00:00', '01/10/2021 00:00:01');
INSERT INTO TAD222.POLICY(POLICY_ID, CUSTOMER_ID, TYPE, COST, COVERAGE, DEDUCTIBLE, COPAY, COINSURANCE, EFFECTIVE_DATE, EXPIRE_DATE) VALUES
(728504, 562610, 'Single ', 812.15, 723889.12, 3931.54, 651.79, 90, '07/07/2014 00:00:00', '03/29/2025 00:00:01');
INSERT INTO TAD222.POLICY(POLICY_ID, CUSTOMER_ID, TYPE, COST, COVERAGE, DEDUCTIBLE, COPAY, COINSURANCE, EFFECTIVE_DATE, EXPIRE_DATE) VALUES
(535260, 999999, 'Single ', 1443.94, 351994.48, 4667.69, 693.61, 97, '11/13/2013 00:00:00', '01/15/2028 00:00:01');
INSERT INTO TAD222.POLICY(POLICY_ID, CUSTOMER_ID, TYPE, COST, COVERAGE, DEDUCTIBLE, COPAY, COINSURANCE, EFFECTIVE_DATE, EXPIRE_DATE) VALUES
(818505, 472609, 'Single ', 408.81, 67054.98, 3673, 110.4, 87, '07/11/2015 00:00:00', '01/11/2029 00:00:01');
INSERT INTO TAD222.POLICY(POLICY_ID, CUSTOMER_ID, TYPE, COST, COVERAGE, DEDUCTIBLE, COPAY, COINSURANCE, EFFECTIVE_DATE, EXPIRE_DATE) VALUES
(625261, 562607, 'Single ', 1334.82, 972603.14, 983.68, 744.96, 81, '11/21/2018 00:00:00', '02/02/2025 00:00:01');
INSERT INTO TAD222.POLICY(POLICY_ID, CUSTOMER_ID, TYPE, COST, COVERAGE, DEDUCTIBLE, COPAY, COINSURANCE, EFFECTIVE_DATE, EXPIRE_DATE) VALUES
(885171, 332909, 'Single ', 183.36, 898633.42, 4934.55, 932.28, 99, '01/17/2014 00:00:00', '09/11/2023 00:00:01');
INSERT INTO TAD222.POLICY(POLICY_ID, CUSTOMER_ID, TYPE, COST, COVERAGE, DEDUCTIBLE, COPAY, COINSURANCE, EFFECTIVE_DATE, EXPIRE_DATE) VALUES
(433812, 422906, ' Family', 863.4, 755322.51, 2033.44, 531.42, 91, '05/15/2010 00:00:00', '01/06/2021 00:00:01');
INSERT INTO TAD222.POLICY(POLICY_ID, CUSTOMER_ID, TYPE, COST, COVERAGE, DEDUCTIBLE, COPAY, COINSURANCE, EFFECTIVE_DATE, EXPIRE_DATE) VALUES
(728505, 201995, 'Single ', 753.72, 736828.8, 2418.29, 237.57, 96, '03/24/2010 00:00:00', '12/11/2028 00:00:01');
INSERT INTO TAD222.POLICY(POLICY_ID, CUSTOMER_ID, TYPE, COST, COVERAGE, DEDUCTIBLE, COPAY, COINSURANCE, EFFECTIVE_DATE, EXPIRE_DATE) VALUES
(818506, 201991, 'Single ', 1058.69, 441617.57, 3181.11, 290.36, 99, '01/30/2019 00:00:00', '09/19/2026 00:00:01');
INSERT INTO TAD222.POLICY(POLICY_ID, CUSTOMER_ID, TYPE, COST, COVERAGE, DEDUCTIBLE, COPAY, COINSURANCE, EFFECTIVE_DATE, EXPIRE_DATE) VALUES
(535261, 809033, 'Single ', 637.23, 568817.31, 1758.78, 227.55, 91, '01/20/2017 00:00:00', '12/26/2022 00:00:01');
INSERT INTO TAD222.POLICY(POLICY_ID, CUSTOMER_ID, TYPE, COST, COVERAGE, DEDUCTIBLE, COPAY, COINSURANCE, EFFECTIVE_DATE, EXPIRE_DATE) VALUES
(223688, 111990, 'Single ', 935.38, 327531.37, 2869.13, 181.42, 94, '06/18/2013 00:00:00', '05/20/2029 00:00:01');
INSERT INTO TAD222.POLICY(POLICY_ID, CUSTOMER_ID, TYPE, COST, COVERAGE, DEDUCTIBLE, COPAY, COINSURANCE, EFFECTIVE_DATE, EXPIRE_DATE) VALUES
(625262, 562608, 'Single ', 1020.38, 94800.36, 3802.56, 277.23, 90, '04/20/2017 00:00:00', '11/02/2021 00:00:01');
INSERT INTO TAD222.POLICY(POLICY_ID, CUSTOMER_ID, TYPE, COST, COVERAGE, DEDUCTIBLE, COPAY, COINSURANCE, EFFECTIVE_DATE, EXPIRE_DATE) VALUES
(535262, 422908, 'Single ', 272.5, 59904.48, 2271.58, 385.76, 98, '09/09/2011 00:00:00', '05/24/2026 00:00:01');
INSERT INTO TAD222.POLICY(POLICY_ID, CUSTOMER_ID, TYPE, COST, COVERAGE, DEDUCTIBLE, COPAY, COINSURANCE, EFFECTIVE_DATE, EXPIRE_DATE) VALUES
(625263, 422906, 'Single ', 445.75, 653961.64, 3755.4, 550.59, 95, '10/01/2018 00:00:00', '05/01/2025 00:00:01');
INSERT INTO TAD222.POLICY(POLICY_ID, CUSTOMER_ID, TYPE, COST, COVERAGE, DEDUCTIBLE, COPAY, COINSURANCE, EFFECTIVE_DATE, EXPIRE_DATE) VALUES
(343812, 472610, 'Single ', 277.54, 731349.75, 4126.11, 253.12, 85, '10/14/2020 00:00:00', '08/25/2024 00:00:01');
INSERT INTO TAD222.POLICY(POLICY_ID, CUSTOMER_ID, TYPE, COST, COVERAGE, DEDUCTIBLE, COPAY, COINSURANCE, EFFECTIVE_DATE, EXPIRE_DATE) VALUES
(433813, 969627, 'Single ', 818.62, 963706, 4991.27, 754.08, 91, '05/18/2013 00:00:00', '09/25/2021 00:00:01');
INSERT INTO TAD222.POLICY(POLICY_ID, CUSTOMER_ID, TYPE, COST, COVERAGE, DEDUCTIBLE, COPAY, COINSURANCE, EFFECTIVE_DATE, EXPIRE_DATE) VALUES
(133688, 969626, ' Family', 584.46, 799000.23, 2381.66, 332.28, 84, '10/24/2017 00:00:00', '01/04/2021 00:00:01');
INSERT INTO TAD222.POLICY(POLICY_ID, CUSTOMER_ID, TYPE, COST, COVERAGE, DEDUCTIBLE, COPAY, COINSURANCE, EFFECTIVE_DATE, EXPIRE_DATE) VALUES
(343813, 969626, 'Single ', 745.45, 176183.76, 4324.22, 468.08, 97, '02/19/2020 00:00:00', '01/04/2021 00:00:01');
INSERT INTO TAD222.POLICY(POLICY_ID, CUSTOMER_ID, TYPE, COST, COVERAGE, DEDUCTIBLE, COPAY, COINSURANCE, EFFECTIVE_DATE, EXPIRE_DATE) VALUES
(728506, 201991, 'Single ', 574.51, 544647.59, 4683.14, 619.88, 91, '08/01/2019 00:00:00', '09/16/2027 00:00:01');
INSERT INTO TAD222.POLICY(POLICY_ID, CUSTOMER_ID, TYPE, COST, COVERAGE, DEDUCTIBLE, COPAY, COINSURANCE, EFFECTIVE_DATE, EXPIRE_DATE) VALUES
(818507, 332904, ' Family', 1191.24, 369884.56, 2928.37, 823.52, 89, '04/08/2010 00:00:00', '04/04/2024 00:00:01');
INSERT INTO TAD222.POLICY(POLICY_ID, CUSTOMER_ID, TYPE, COST, COVERAGE, DEDUCTIBLE, COPAY, COINSURANCE, EFFECTIVE_DATE, EXPIRE_DATE) VALUES
(535263, 719031, 'Single ', 1194.33, 951934.01, 4886.05, 128.53, 83, '02/17/2014 00:00:00', '02/01/2025 00:00:01');
INSERT INTO TAD222.POLICY(POLICY_ID, CUSTOMER_ID, TYPE, COST, COVERAGE, DEDUCTIBLE, COPAY, COINSURANCE, EFFECTIVE_DATE, EXPIRE_DATE) VALUES
(223689, 879629, 'Single ', 1318.52, 548079.75, 862.29, 416.49, 86, '08/02/2012 00:00:00', '09/17/2027 00:00:01');
INSERT INTO TAD222.POLICY(POLICY_ID, CUSTOMER_ID, TYPE, COST, COVERAGE, DEDUCTIBLE, COPAY, COINSURANCE, EFFECTIVE_DATE, EXPIRE_DATE) VALUES
(975169, 422907, 'Single ', 902.56, 962020.19, 3694.94, 379.09, 99, '03/12/2010 00:00:00', '01/06/2025 00:00:01');
INSERT INTO TAD222.POLICY(POLICY_ID, CUSTOMER_ID, TYPE, COST, COVERAGE, DEDUCTIBLE, COPAY, COINSURANCE, EFFECTIVE_DATE, EXPIRE_DATE) VALUES
(625264, 201994, ' Family', 714.69, 561677.87, 3643.48, 226.22, 95, '04/01/2010 00:00:00', '08/10/2021 00:00:01');
INSERT INTO TAD222.POLICY(POLICY_ID, CUSTOMER_ID, TYPE, COST, COVERAGE, DEDUCTIBLE, COPAY, COINSURANCE, EFFECTIVE_DATE, EXPIRE_DATE) VALUES
(535264, 999999, ' Family', 957.06, 966347.01, 4251.82, 544.87, 86, '07/23/2016 00:00:00', '01/08/2021 00:00:01');
INSERT INTO TAD222.POLICY(POLICY_ID, CUSTOMER_ID, TYPE, COST, COVERAGE, DEDUCTIBLE, COPAY, COINSURANCE, EFFECTIVE_DATE, EXPIRE_DATE) VALUES
(433814, 111995, 'Single ', 960.43, 603274.56, 1559.5, 821.53, 96, '09/30/2020 00:00:00', '10/14/2023 00:00:01');
INSERT INTO TAD222.POLICY(POLICY_ID, CUSTOMER_ID, TYPE, COST, COVERAGE, DEDUCTIBLE, COPAY, COINSURANCE, EFFECTIVE_DATE, EXPIRE_DATE) VALUES
(625265, 719032, 'Single ', 1522.25, 922459.07, 3633.9, 161.78, 94, '10/31/2010 00:00:00', '01/21/2021 00:00:01');
INSERT INTO TAD222.POLICY(POLICY_ID, CUSTOMER_ID, TYPE, COST, COVERAGE, DEDUCTIBLE, COPAY, COINSURANCE, EFFECTIVE_DATE, EXPIRE_DATE) VALUES
(133689, 719032, 'Single ', 1643.81, 427280.37, 2508.49, 194.05, 98, '07/20/2012 00:00:00', '02/07/2021 00:00:01');
INSERT INTO TAD222.POLICY(POLICY_ID, CUSTOMER_ID, TYPE, COST, COVERAGE, DEDUCTIBLE, COPAY, COINSURANCE, EFFECTIVE_DATE, EXPIRE_DATE) VALUES
(343814, 422909, ' Family', 1688.61, 372297.52, 2077.5, 924.59, 93, '12/31/2011 00:00:00', '10/07/2023 00:00:01');
INSERT INTO TAD222.POLICY(POLICY_ID, CUSTOMER_ID, TYPE, COST, COVERAGE, DEDUCTIBLE, COPAY, COINSURANCE, EFFECTIVE_DATE, EXPIRE_DATE) VALUES
(885172, 201993, ' Family', 652.91, 909333.87, 3765.82, 155.24, 80, '03/03/2012 00:00:00', '07/05/2025 00:00:01');
INSERT INTO TAD222.POLICY(POLICY_ID, CUSTOMER_ID, TYPE, COST, COVERAGE, DEDUCTIBLE, COPAY, COINSURANCE, EFFECTIVE_DATE, EXPIRE_DATE) VALUES
(433815, 111993, 'Single ', 1881.8, 816450.52, 2064.29, 175.75, 88, '07/08/2019 00:00:00', '12/08/2024 00:00:01');

--
-- Inserting data into table TAD222.ITEM
--
INSERT INTO TAD222.ITEM(ITEM_ID, CLAIM_ID, POLICY_ID, ITEM_TYPE, ITEM_VALUE, DESCRIPTION) VALUES
(371186, 450043, 433809, 'Landscaping', 4484.13, 'Minima odio neque. Illo at natus? Voluptatem veniam ut. Distinctio tempora iste. Provident voluptas optio! Officia voluptatem repellat? Aspernatur nobis aut.');
INSERT INTO TAD222.ITEM(ITEM_ID, CLAIM_ID, POLICY_ID, ITEM_TYPE, ITEM_VALUE, DESCRIPTION) VALUES
(486308, 360040, 535264, 'Artwork', 4365.8, 'Quisquam error rerum autem esse velit iste. Delectus aperiam quia libero est aliquid dolores.');
INSERT INTO TAD222.ITEM(ITEM_ID, CLAIM_ID, POLICY_ID, ITEM_TYPE, ITEM_VALUE, DESCRIPTION) VALUES
(729905, 740174, 343812, 'Furniture', 3917.13, 'Consequatur corrupti magni commodi temporibus qui consequuntur. Ad reprehenderit dolor. Aliquam debitis quaerat. Quo molestiae necessitatibus? Non dolores.');
INSERT INTO TAD222.ITEM(ITEM_ID, CLAIM_ID, POLICY_ID, ITEM_TYPE, ITEM_VALUE, DESCRIPTION) VALUES
(281186, 623926, 433814, 'Musical Instruments', 1843, 'Sed aut iste aut earum libero sit.');
INSERT INTO TAD222.ITEM(ITEM_ID, CLAIM_ID, POLICY_ID, ITEM_TYPE, ITEM_VALUE, DESCRIPTION) VALUES
(999999, 965463, 975169, 'Jewelry and Precious', 1961.55, 'Accusamus et vero voluptatem sapiente incidunt necessitatibus. Dolor recusandae omnis quos unde in neque.');
INSERT INTO TAD222.ITEM(ITEM_ID, CLAIM_ID, POLICY_ID, ITEM_TYPE, ITEM_VALUE, DESCRIPTION) VALUES
(576309, 450039, 728505, 'Musical Instruments', 942.13, 'Sit et nostrum laborum quaerat sed beatae. Aliquam quo dolor asperiores ut repellendus. Odio quis reprehenderit rerum aliquam aspernatur. Ut ea debitis...');
INSERT INTO TAD222.ITEM(ITEM_ID, CLAIM_ID, POLICY_ID, ITEM_TYPE, ITEM_VALUE, DESCRIPTION) VALUES
(371187, 999999, 133688, 'Electronics', 410.43, 'Doloremque quia fugit doloremque sed dolor dolores.');
INSERT INTO TAD222.ITEM(ITEM_ID, CLAIM_ID, POLICY_ID, ITEM_TYPE, ITEM_VALUE, DESCRIPTION) VALUES
(119996, 740172, 885171, 'Appliances', 626.29, 'Et quod ratione omnis obcaecati natus aut. Reiciendis facilis sit earum esse id quis...');
INSERT INTO TAD222.ITEM(ITEM_ID, CLAIM_ID, POLICY_ID, ITEM_TYPE, ITEM_VALUE, DESCRIPTION) VALUES
(486309, 965462, 625263, 'Appliances', 2252.09, 'Possimus vero quo aut eaque error sit. Sint maxime vitae eos sed! Consectetur excepturi ullam minima ut perspiciatis consequatur.');
INSERT INTO TAD222.ITEM(ITEM_ID, CLAIM_ID, POLICY_ID, ITEM_TYPE, ITEM_VALUE, DESCRIPTION) VALUES
(576310, 875461, 728506, 'Musical Instruments', 415.77, 'Natus eum sit maiores magnam officiis iste. Aut veritatis rem. Magni sed rerum! Illum earum sit unde earum voluptatum molestias.');
INSERT INTO TAD222.ITEM(ITEM_ID, CLAIM_ID, POLICY_ID, ITEM_TYPE, ITEM_VALUE, DESCRIPTION) VALUES
(935214, 740174, 818504, 'Fitness and Sports E', 1946.41, 'Sed similique et corrupti quam. Et maiores perspiciatis? Ipsa vitae sit molestiae obcaecati amet nisi.');
INSERT INTO TAD222.ITEM(ITEM_ID, CLAIM_ID, POLICY_ID, ITEM_TYPE, ITEM_VALUE, DESCRIPTION) VALUES
(281187, 533928, 535264, 'Jewelry and Precious', 4113.42, 'Quidem quo ut dolorem temporibus quis aut. Nihil officia rem. Sit eos nobis. Aut et sit! Eos rerum nisi; eaque voluptate maiores.');
INSERT INTO TAD222.ITEM(ITEM_ID, CLAIM_ID, POLICY_ID, ITEM_TYPE, ITEM_VALUE, DESCRIPTION) VALUES
(819906, 875463, 433814, 'Recreational Vehicle', 4490.34, 'Natus est aut reprehenderit blanditiis officiis voluptas.');
INSERT INTO TAD222.ITEM(ITEM_ID, CLAIM_ID, POLICY_ID, ITEM_TYPE, ITEM_VALUE, DESCRIPTION) VALUES
(371188, 965461, 728502, 'Collections', 4481.91, 'Accusantium dolorem fugiat vero; exercitationem nulla maiores quia ut voluptatibus labore. Modi et ipsa tempore et adipisci ipsa.');
INSERT INTO TAD222.ITEM(ITEM_ID, CLAIM_ID, POLICY_ID, ITEM_TYPE, ITEM_VALUE, DESCRIPTION) VALUES
(729906, 360043, 535264, 'Tools', 1455.86, 'In qui voluptatem; voluptatem illo non. Ad sed facilis. Corrupti incidunt recusandae. Quam quia quidem! Ipsum quia cumque. Earum sed ullam? Magni tempore.');
INSERT INTO TAD222.ITEM(ITEM_ID, CLAIM_ID, POLICY_ID, ITEM_TYPE, ITEM_VALUE, DESCRIPTION) VALUES
(281188, 360043, 625260, 'Collections', 2248.56, 'Quo nulla quia. Quas natus unde ipsam voluptas error est! Et veniam ut hic laboriosam voluptatem a.');
INSERT INTO TAD222.ITEM(ITEM_ID, CLAIM_ID, POLICY_ID, ITEM_TYPE, ITEM_VALUE, DESCRIPTION) VALUES
(486310, 533927, 818504, 'Musical Instruments', 453.96, 'Earum quasi error; sed itaque ab. Saepe cum ea. Quisquam adipisci dolores reprehenderit. Qui dolorem enim ipsam magnam sit cupiditate.');
INSERT INTO TAD222.ITEM(ITEM_ID, CLAIM_ID, POLICY_ID, ITEM_TYPE, ITEM_VALUE, DESCRIPTION) VALUES
(371189, 450042, 343810, 'Furniture', 2585.11, 'Rem et voluptatem. Excepturi maxime et. Eius voluptatem pariatur. Sed perspiciatis ab. Sit corrupti omnis; non perspiciatis quibusdam. Perspiciatis;');
INSERT INTO TAD222.ITEM(ITEM_ID, CLAIM_ID, POLICY_ID, ITEM_TYPE, ITEM_VALUE, DESCRIPTION) VALUES
(209997, 623928, 885172, 'Electronics', 2340.73, 'Alias tempore aliquam. Ut quae dolorum. Ut natus iste. Qui sit suscipit. Aut quis sapiente. Magni incidunt quidem! Ex aut eos; impedit vel fugiat. Sit et eos!');
INSERT INTO TAD222.ITEM(ITEM_ID, CLAIM_ID, POLICY_ID, ITEM_TYPE, ITEM_VALUE, DESCRIPTION) VALUES
(281189, 360043, 343809, 'Landscaping', 4379.76, 'Unde cum incidunt; minus velit enim. Aut sit nobis? Soluta omnis eaque. Laudantium dicta dolore. Velit natus est. Est placeat dicta; a esse et. Aut suscipit.');
INSERT INTO TAD222.ITEM(ITEM_ID, CLAIM_ID, POLICY_ID, ITEM_TYPE, ITEM_VALUE, DESCRIPTION) VALUES
(371190, 875465, 625259, 'Musical Instruments', 1170.86, 'Ut sed eaque est ullam; iste praesentium ducimus. Optio ullam omnis quasi; animi ea mollitia. Ea in nihil! Eos dolores laboriosam.');
INSERT INTO TAD222.ITEM(ITEM_ID, CLAIM_ID, POLICY_ID, ITEM_TYPE, ITEM_VALUE, DESCRIPTION) VALUES
(576311, 623925, 535259, 'Artwork', 2905.44, 'Dolor sapiente autem aut. Quis consequatur eius. Ipsum eius dolores dolor. Harum dolore expedita. Nostrum repellat minima vitae minus in.');
INSERT INTO TAD222.ITEM(ITEM_ID, CLAIM_ID, POLICY_ID, ITEM_TYPE, ITEM_VALUE, DESCRIPTION) VALUES
(486311, 360039, 433814, 'Fitness and Sports E', 1478.47, 'Sequi quis aut voluptatem est. Doloremque iste et. Nulla quia sed voluptate culpa sunt minima. Repudiandae molestias unde! Iste quo voluptatem? Omnis!');
INSERT INTO TAD222.ITEM(ITEM_ID, CLAIM_ID, POLICY_ID, ITEM_TYPE, ITEM_VALUE, DESCRIPTION) VALUES
(281190, 360038, 133689, 'Fitness and Sports E', 3896.23, 'Dolorem ipsum natus corrupti nemo ullam non.');
INSERT INTO TAD222.ITEM(ITEM_ID, CLAIM_ID, POLICY_ID, ITEM_TYPE, ITEM_VALUE, DESCRIPTION) VALUES
(819907, 965461, 975167, 'Tools', 3300.56, 'Sed ipsa doloremque; qui est quam? Voluptatum porro fugiat. Aut voluptatum alias? Sit error modi. Laborum quia cumque. Reprehenderit ut autem.');
INSERT INTO TAD222.ITEM(ITEM_ID, CLAIM_ID, POLICY_ID, ITEM_TYPE, ITEM_VALUE, DESCRIPTION) VALUES
(371191, 650172, 625264, 'Jewelry and Precious', 1986.63, 'Dolorem recusandae laborum. Aliquid libero natus. In laborum nulla. Hic numquam enim. Corporis aut eos. Aliquam pariatur qui. Quas mollitia ab.');
INSERT INTO TAD222.ITEM(ITEM_ID, CLAIM_ID, POLICY_ID, ITEM_TYPE, ITEM_VALUE, DESCRIPTION) VALUES
(729907, 965462, 433809, 'Tools', 2576.2, 'Numquam molestiae consequatur eaque. Iste natus nihil! Ad illo quia vel consequatur omnis; blanditiis soluta eum. Mollitia amet repudiandae! Ad sed.');
INSERT INTO TAD222.ITEM(ITEM_ID, CLAIM_ID, POLICY_ID, ITEM_TYPE, ITEM_VALUE, DESCRIPTION) VALUES
(281191, 360040, 343809, 'Landscaping', 4192.06, 'Autem sed molestiae officia nisi. Est accusamus debitis ipsa qui. Ea omnis et! Ad alias quisquam voluptatem suscipit enim doloremque.');
INSERT INTO TAD222.ITEM(ITEM_ID, CLAIM_ID, POLICY_ID, ITEM_TYPE, ITEM_VALUE, DESCRIPTION) VALUES
(845217, 360040, 625261, 'Collections', 3253.3, 'Sapiente delectus dolore. Sed et ipsum! Natus porro ratione. Perspiciatis est iste? Dolorum sequi animi. Molestias natus ut. Iste ut nesciunt. Quo quod!');
INSERT INTO TAD222.ITEM(ITEM_ID, CLAIM_ID, POLICY_ID, ITEM_TYPE, ITEM_VALUE, DESCRIPTION) VALUES
(935215, 450040, 343809, 'Appliances', 3135.56, 'Provident corporis illo. Odit quod sapiente sunt inventore. Eaque in libero ex recusandae dolorum! Rerum dolorum maiores.');
INSERT INTO TAD222.ITEM(ITEM_ID, CLAIM_ID, POLICY_ID, ITEM_TYPE, ITEM_VALUE, DESCRIPTION) VALUES
(371192, 450042, 535264, 'Musical Instruments', 2135.81, 'Sit dicta deserunt. Error natus temporibus in. Odit iusto quo atque. Doloribus cumque excepturi aut nisi exercitationem laboriosam.');
INSERT INTO TAD222.ITEM(ITEM_ID, CLAIM_ID, POLICY_ID, ITEM_TYPE, ITEM_VALUE, DESCRIPTION) VALUES
(845218, 623927, 343813, 'Electronics', 3528.28, 'Quae iste sapiente. Sed facere est. Perspiciatis velit assumenda! Assumenda neque corporis? Hic molestiae eius. Illum minima amet. Voluptas natus!');
INSERT INTO TAD222.ITEM(ITEM_ID, CLAIM_ID, POLICY_ID, ITEM_TYPE, ITEM_VALUE, DESCRIPTION) VALUES
(935216, 965462, 343814, 'Collections', 2661.79, 'Dolor hic rerum. Culpa assumenda et? Ipsa sequi commodi; placeat iste adipisci. Explicabo quis nesciunt. Quisquam deleniti sunt. Aut inventore voluptatem...');
INSERT INTO TAD222.ITEM(ITEM_ID, CLAIM_ID, POLICY_ID, ITEM_TYPE, ITEM_VALUE, DESCRIPTION) VALUES
(819908, 740174, 625259, 'Fitness and Sports E', 536.19, 'Consectetur ut et molestias. Tempora et vitae dolorum dicta nam! Qui voluptates eum; ipsam soluta natus quibusdam officia suscipit.');
INSERT INTO TAD222.ITEM(ITEM_ID, CLAIM_ID, POLICY_ID, ITEM_TYPE, ITEM_VALUE, DESCRIPTION) VALUES
(845219, 875461, 343812, 'Appliances', 3679.33, 'Voluptatem nisi ducimus. Odio illum ullam. Dolor fugiat quia! Cum libero hic. Iste sunt soluta. Unde veritatis laudantium! Quos ut quisquam. Enim sed natus;');
INSERT INTO TAD222.ITEM(ITEM_ID, CLAIM_ID, POLICY_ID, ITEM_TYPE, ITEM_VALUE, DESCRIPTION) VALUES
(935217, 650173, 343811, 'Recreational Vehicle', 1015.24, 'Provident illum consequatur. Similique nihil natus! Eum enim repudiandae. Ipsum laboriosam incidunt; quos laboriosam qui? Et facere non. Natus autem minus!');
INSERT INTO TAD222.ITEM(ITEM_ID, CLAIM_ID, POLICY_ID, ITEM_TYPE, ITEM_VALUE, DESCRIPTION) VALUES
(576312, 999999, 343812, 'Musical Instruments', 2594.53, 'Aut temporibus pariatur non omnis nesciunt iste. Possimus voluptatem natus alias voluptatem qui ipsam. Consequuntur illo architecto fugiat hic.');
INSERT INTO TAD222.ITEM(ITEM_ID, CLAIM_ID, POLICY_ID, ITEM_TYPE, ITEM_VALUE, DESCRIPTION) VALUES
(486312, 533925, 343809, 'Jewelry and Precious', 4372.07, 'Unde dolores quasi laudantium quidem. Ab id commodi cumque. Omnis nihil ut consequatur voluptatem incidunt commodi!');
INSERT INTO TAD222.ITEM(ITEM_ID, CLAIM_ID, POLICY_ID, ITEM_TYPE, ITEM_VALUE, DESCRIPTION) VALUES
(729908, 360043, 818503, 'Jewelry and Precious', 2572.92, 'Sunt dolore quo. Ipsum sed amet. Perspiciatis aliquid repudiandae. In sint dolorem? Quo distinctio officiis! Fugiat aliquam sed? Molestiae omnis fugit!');
INSERT INTO TAD222.ITEM(ITEM_ID, CLAIM_ID, POLICY_ID, ITEM_TYPE, ITEM_VALUE, DESCRIPTION) VALUES
(845220, 623928, 343809, 'Collections', 2489.47, 'Omnis neque libero. Debitis enim architecto sapiente rerum! Deserunt nostrum laboriosam. Ipsam alias amet et ex sunt sed.');
INSERT INTO TAD222.ITEM(ITEM_ID, CLAIM_ID, POLICY_ID, ITEM_TYPE, ITEM_VALUE, DESCRIPTION) VALUES
(119997, 650172, 728504, 'Tools', 433.8, 'Sed architecto ducimus voluptatibus illum fuga. Atque quae aliquid. Perspiciatis rerum magni perspiciatis velit et. Sint fugiat et. Officia beatae est...');
INSERT INTO TAD222.ITEM(ITEM_ID, CLAIM_ID, POLICY_ID, ITEM_TYPE, ITEM_VALUE, DESCRIPTION) VALUES
(576313, 450041, 223689, 'Tools', 3518.26, 'Voluptatibus velit tempore. Ut officiis ea. Laborum voluptatem dolor sed; ex facere repellendus inventore praesentium consequatur eius.');
INSERT INTO TAD222.ITEM(ITEM_ID, CLAIM_ID, POLICY_ID, ITEM_TYPE, ITEM_VALUE, DESCRIPTION) VALUES
(935218, 450043, 625262, 'Jewelry and Precious', 2840.58, 'Sed qui et. Quia maiores ratione! Aut qui quia? Facilis praesentium numquam. Odit eveniet natus! Nisi eius culpa. Praesentium blanditiis ut...');
INSERT INTO TAD222.ITEM(ITEM_ID, CLAIM_ID, POLICY_ID, ITEM_TYPE, ITEM_VALUE, DESCRIPTION) VALUES
(486313, 965463, 535262, 'Artwork', 4442.16, 'Doloribus commodi voluptatum et deserunt voluptatem harum. Ratione quo deleniti debitis animi aut id.');
INSERT INTO TAD222.ITEM(ITEM_ID, CLAIM_ID, POLICY_ID, ITEM_TYPE, ITEM_VALUE, DESCRIPTION) VALUES
(576314, 533927, 818503, 'Appliances', 839.55, 'Natus non neque vitae consequatur quis maiores. In sed ea perferendis vel aperiam quaerat.');
INSERT INTO TAD222.ITEM(ITEM_ID, CLAIM_ID, POLICY_ID, ITEM_TYPE, ITEM_VALUE, DESCRIPTION) VALUES
(845221, 272692, 818504, 'Collections', 4998.03, 'Expedita error voluptatem. Officiis veritatis sit! Quod doloribus quas. Praesentium provident iusto. Quisquam doloribus aliquid! Similique reiciendis beatae.');
INSERT INTO TAD222.ITEM(ITEM_ID, CLAIM_ID, POLICY_ID, ITEM_TYPE, ITEM_VALUE, DESCRIPTION) VALUES
(935219, 623927, 535259, 'Collections', 815.67, 'Ut dolorum quia esse facere dolorum dolor.');
INSERT INTO TAD222.ITEM(ITEM_ID, CLAIM_ID, POLICY_ID, ITEM_TYPE, ITEM_VALUE, DESCRIPTION) VALUES
(819909, 360040, 223689, 'Artwork', 4747.33, 'Ea cum quidem eum. Illum tempore reiciendis? Rerum doloremque at quia unde. Hic dolor sit obcaecati omnis sed; quia assumenda nisi...');
INSERT INTO TAD222.ITEM(ITEM_ID, CLAIM_ID, POLICY_ID, ITEM_TYPE, ITEM_VALUE, DESCRIPTION) VALUES
(486314, 965462, 535262, 'Electronics', 1263.05, 'Vel facilis ut eos sit. Eligendi et at dolores temporibus laudantium qui! Ex perspiciatis qui aut corporis. Qui fuga exercitationem ut rerum.');
INSERT INTO TAD222.ITEM(ITEM_ID, CLAIM_ID, POLICY_ID, ITEM_TYPE, ITEM_VALUE, DESCRIPTION) VALUES
(281192, 875464, 343814, 'Jewelry and Precious', 857.88, 'Quos veritatis sit iusto tempore distinctio ut. Molestias qui sint voluptas sed nostrum aut.');

--
-- Inserting data into table TAD222.ACH_TRANSFER
--
INSERT INTO TAD222.ACH_TRANSFER(PAYMENT_ID, CLAIM_ID, ACCOUNT_NUMBER, ROUTING_NUMBER) VALUES
(224968, 965463, 786175349890, 208552341);
INSERT INTO TAD222.ACH_TRANSFER(PAYMENT_ID, CLAIM_ID, ACCOUNT_NUMBER, ROUTING_NUMBER) VALUES
(764050, 450039, 793387500495, 320678968);
INSERT INTO TAD222.ACH_TRANSFER(PAYMENT_ID, CLAIM_ID, ACCOUNT_NUMBER, ROUTING_NUMBER) VALUES
(414226, 875464, 987929195972, 826572225);
INSERT INTO TAD222.ACH_TRANSFER(PAYMENT_ID, CLAIM_ID, ACCOUNT_NUMBER, ROUTING_NUMBER) VALUES
(224965, 360038, 493336588123, 464367293);
INSERT INTO TAD222.ACH_TRANSFER(PAYMENT_ID, CLAIM_ID, ACCOUNT_NUMBER, ROUTING_NUMBER) VALUES
(224966, 450041, 171010009418, 787631763);
INSERT INTO TAD222.ACH_TRANSFER(PAYMENT_ID, CLAIM_ID, ACCOUNT_NUMBER, ROUTING_NUMBER) VALUES
(849651, 965464, 718056973795, 620999813);
INSERT INTO TAD222.ACH_TRANSFER(PAYMENT_ID, CLAIM_ID, ACCOUNT_NUMBER, ROUTING_NUMBER) VALUES
(414228, 740174, 743501363586, 372538613);
INSERT INTO TAD222.ACH_TRANSFER(PAYMENT_ID, CLAIM_ID, ACCOUNT_NUMBER, ROUTING_NUMBER) VALUES
(324228, 875466, 520137654331, 855183474);
INSERT INTO TAD222.ACH_TRANSFER(PAYMENT_ID, CLAIM_ID, ACCOUNT_NUMBER, ROUTING_NUMBER) VALUES
(764055, 650174, 501985434392, 848649095);
INSERT INTO TAD222.ACH_TRANSFER(PAYMENT_ID, CLAIM_ID, ACCOUNT_NUMBER, ROUTING_NUMBER) VALUES
(465064, 272693, 253784042467, 634484863);
INSERT INTO TAD222.ACH_TRANSFER(PAYMENT_ID, CLAIM_ID, ACCOUNT_NUMBER, ROUTING_NUMBER) VALUES
(555063, 875463, 335510292250, 770770969);
INSERT INTO TAD222.ACH_TRANSFER(PAYMENT_ID, CLAIM_ID, ACCOUNT_NUMBER, ROUTING_NUMBER) VALUES
(465063, 182692, 224278031195, 103407953);
INSERT INTO TAD222.ACH_TRANSFER(PAYMENT_ID, CLAIM_ID, ACCOUNT_NUMBER, ROUTING_NUMBER) VALUES
(939648, 450043, 236669202192, 408023464);
INSERT INTO TAD222.ACH_TRANSFER(PAYMENT_ID, CLAIM_ID, ACCOUNT_NUMBER, ROUTING_NUMBER) VALUES
(764051, 623926, 373588446029, 116021121);
INSERT INTO TAD222.ACH_TRANSFER(PAYMENT_ID, CLAIM_ID, ACCOUNT_NUMBER, ROUTING_NUMBER) VALUES
(764052, 650171, 695535362227, 210799825);
INSERT INTO TAD222.ACH_TRANSFER(PAYMENT_ID, CLAIM_ID, ACCOUNT_NUMBER, ROUTING_NUMBER) VALUES
(465067, 740175, 369956621522, 228086582);
INSERT INTO TAD222.ACH_TRANSFER(PAYMENT_ID, CLAIM_ID, ACCOUNT_NUMBER, ROUTING_NUMBER) VALUES
(849648, 965461, 195170300593, 218310299);
INSERT INTO TAD222.ACH_TRANSFER(PAYMENT_ID, CLAIM_ID, ACCOUNT_NUMBER, ROUTING_NUMBER) VALUES
(764054, 533929, 331446434411, 963993487);
INSERT INTO TAD222.ACH_TRANSFER(PAYMENT_ID, CLAIM_ID, ACCOUNT_NUMBER, ROUTING_NUMBER) VALUES
(555067, 360043, 953401314034, 884070038);
INSERT INTO TAD222.ACH_TRANSFER(PAYMENT_ID, CLAIM_ID, ACCOUNT_NUMBER, ROUTING_NUMBER) VALUES
(555064, 740172, 668067288199, 427428421);
INSERT INTO TAD222.ACH_TRANSFER(PAYMENT_ID, CLAIM_ID, ACCOUNT_NUMBER, ROUTING_NUMBER) VALUES
(764053, 740173, 189794226436, 378694944);
INSERT INTO TAD222.ACH_TRANSFER(PAYMENT_ID, CLAIM_ID, ACCOUNT_NUMBER, ROUTING_NUMBER) VALUES
(224967, 450042, 125686200114, 422811181);
INSERT INTO TAD222.ACH_TRANSFER(PAYMENT_ID, CLAIM_ID, ACCOUNT_NUMBER, ROUTING_NUMBER) VALUES
(414225, 360039, 181382936419, 356624777);
INSERT INTO TAD222.ACH_TRANSFER(PAYMENT_ID, CLAIM_ID, ACCOUNT_NUMBER, ROUTING_NUMBER) VALUES
(324225, 450040, 824891448984, 241403275);
INSERT INTO TAD222.ACH_TRANSFER(PAYMENT_ID, CLAIM_ID, ACCOUNT_NUMBER, ROUTING_NUMBER) VALUES
(134965, 740171, 850452784626, 978115213);
INSERT INTO TAD222.ACH_TRANSFER(PAYMENT_ID, CLAIM_ID, ACCOUNT_NUMBER, ROUTING_NUMBER) VALUES
(674050, 999999, 515745214770, 289306485);
INSERT INTO TAD222.ACH_TRANSFER(PAYMENT_ID, CLAIM_ID, ACCOUNT_NUMBER, ROUTING_NUMBER) VALUES
(324226, 965462, 692003815037, 164181964);
INSERT INTO TAD222.ACH_TRANSFER(PAYMENT_ID, CLAIM_ID, ACCOUNT_NUMBER, ROUTING_NUMBER) VALUES
(849649, 533927, 870499755647, 963661988);
INSERT INTO TAD222.ACH_TRANSFER(PAYMENT_ID, CLAIM_ID, ACCOUNT_NUMBER, ROUTING_NUMBER) VALUES
(414227, 650172, 529194650234, 275339864);
INSERT INTO TAD222.ACH_TRANSFER(PAYMENT_ID, CLAIM_ID, ACCOUNT_NUMBER, ROUTING_NUMBER) VALUES
(939646, 533926, 673293957987, 890612942);
INSERT INTO TAD222.ACH_TRANSFER(PAYMENT_ID, CLAIM_ID, ACCOUNT_NUMBER, ROUTING_NUMBER) VALUES
(674054, 450044, 132310002192, 498725124);
INSERT INTO TAD222.ACH_TRANSFER(PAYMENT_ID, CLAIM_ID, ACCOUNT_NUMBER, ROUTING_NUMBER) VALUES
(555062, 533925, 267560485638, 759852833);
INSERT INTO TAD222.ACH_TRANSFER(PAYMENT_ID, CLAIM_ID, ACCOUNT_NUMBER, ROUTING_NUMBER) VALUES
(465065, 650173, 793851601073, 731315685);
INSERT INTO TAD222.ACH_TRANSFER(PAYMENT_ID, CLAIM_ID, ACCOUNT_NUMBER, ROUTING_NUMBER) VALUES
(134967, 360042, 344074583758, 279517381);
INSERT INTO TAD222.ACH_TRANSFER(PAYMENT_ID, CLAIM_ID, ACCOUNT_NUMBER, ROUTING_NUMBER) VALUES
(674052, 182693, 849429370718, 540326869);
INSERT INTO TAD222.ACH_TRANSFER(PAYMENT_ID, CLAIM_ID, ACCOUNT_NUMBER, ROUTING_NUMBER) VALUES
(939647, 875465, 365336007084, 692978774);
INSERT INTO TAD222.ACH_TRANSFER(PAYMENT_ID, CLAIM_ID, ACCOUNT_NUMBER, ROUTING_NUMBER) VALUES
(674051, 360040, 568141725587, 965094212);
INSERT INTO TAD222.ACH_TRANSFER(PAYMENT_ID, CLAIM_ID, ACCOUNT_NUMBER, ROUTING_NUMBER) VALUES
(465062, 272692, 659895291773, 455722252);
INSERT INTO TAD222.ACH_TRANSFER(PAYMENT_ID, CLAIM_ID, ACCOUNT_NUMBER, ROUTING_NUMBER) VALUES
(134964, 623925, 118971291496, 685166317);
INSERT INTO TAD222.ACH_TRANSFER(PAYMENT_ID, CLAIM_ID, ACCOUNT_NUMBER, ROUTING_NUMBER) VALUES
(134966, 623928, 493069000201, 641468134);
INSERT INTO TAD222.ACH_TRANSFER(PAYMENT_ID, CLAIM_ID, ACCOUNT_NUMBER, ROUTING_NUMBER) VALUES
(849650, 623930, 563449020163, 876697452);
INSERT INTO TAD222.ACH_TRANSFER(PAYMENT_ID, CLAIM_ID, ACCOUNT_NUMBER, ROUTING_NUMBER) VALUES
(555065, 623927, 693153803746, 436583690);
INSERT INTO TAD222.ACH_TRANSFER(PAYMENT_ID, CLAIM_ID, ACCOUNT_NUMBER, ROUTING_NUMBER) VALUES
(674053, 360041, 544269706820, 362590356);
INSERT INTO TAD222.ACH_TRANSFER(PAYMENT_ID, CLAIM_ID, ACCOUNT_NUMBER, ROUTING_NUMBER) VALUES
(999999, 875462, 621729446397, 652047863);
INSERT INTO TAD222.ACH_TRANSFER(PAYMENT_ID, CLAIM_ID, ACCOUNT_NUMBER, ROUTING_NUMBER) VALUES
(324227, 533928, 854485696352, 927224355);
INSERT INTO TAD222.ACH_TRANSFER(PAYMENT_ID, CLAIM_ID, ACCOUNT_NUMBER, ROUTING_NUMBER) VALUES
(465066, 272694, 155761983055, 917942536);
INSERT INTO TAD222.ACH_TRANSFER(PAYMENT_ID, CLAIM_ID, ACCOUNT_NUMBER, ROUTING_NUMBER) VALUES
(555066, 623929, 959102232009, 130547881);
INSERT INTO TAD222.ACH_TRANSFER(PAYMENT_ID, CLAIM_ID, ACCOUNT_NUMBER, ROUTING_NUMBER) VALUES
(849647, 875461, 980603016815, 628316515);
INSERT INTO TAD222.ACH_TRANSFER(PAYMENT_ID, CLAIM_ID, ACCOUNT_NUMBER, ROUTING_NUMBER) VALUES
(324224, 965460, 755137536453, 290311213);
INSERT INTO TAD222.ACH_TRANSFER(PAYMENT_ID, CLAIM_ID, ACCOUNT_NUMBER, ROUTING_NUMBER) VALUES
(939645, 965459, 668458792273, 380700329);

--
-- Inserting data into table TAD222.AUTO_INSURANCE
--
INSERT INTO TAD222.AUTO_INSURANCE(POLICY_ID, YEAR, MAKE, MODEL, VIN, LICENSE_PLATE, DRIVER_LICENSE, TOTAL_MILEAGE, ANNUAL_MILES, MARKET_VALUE, AGE, GENDER, CREDIT_SCORE, NUMBER_OF_DEPENDANTS, TRAFFIC_VIOLATIONS, STATE) VALUES
(223688, 2014, ' Chrysler ', ' Renegdage', '1FTKP2487D6909059', 'K18TQ71', '1ZP9U269043623751714', 144438, 40190, 3049.11, '03/12/1952 00:00:01', 'M', 208, 0, 'Yes', 'Washington');
INSERT INTO TAD222.AUTO_INSURANCE(POLICY_ID, YEAR, MAKE, MODEL, VIN, LICENSE_PLATE, DRIVER_LICENSE, TOTAL_MILEAGE, ANNUAL_MILES, MARKET_VALUE, AGE, GENDER, CREDIT_SCORE, NUMBER_OF_DEPENDANTS, TRAFFIC_VIOLATIONS, STATE) VALUES
(343808, 2009, ' Land Rove', ' F-Series ', '2G1JH87G5D1156861', 'BMQM3Q5', 'YJ1L002000200970', 83462, 64347, 24184.94, '01/07/1901 00:00:01', 'M', 801, 1, 'Yes', 'Colorado');
INSERT INTO TAD222.AUTO_INSURANCE(POLICY_ID, YEAR, MAKE, MODEL, VIN, LICENSE_PLATE, DRIVER_LICENSE, TOTAL_MILEAGE, ANNUAL_MILES, MARKET_VALUE, AGE, GENDER, CREDIT_SCORE, NUMBER_OF_DEPENDANTS, TRAFFIC_VIOLATIONS, STATE) VALUES
(433815, 2026, ' Cadillac ', ' Yaris ', '8GGYZ97F1A6527539', 'UYF6374', 'U22U3QIG71680413756', 156244, 38706, 13623.17, '01/09/1901 00:00:01', 'F', 595, 0, ' No', 'Delaware');
INSERT INTO TAD222.AUTO_INSURANCE(POLICY_ID, YEAR, MAKE, MODEL, VIN, LICENSE_PLATE, DRIVER_LICENSE, TOTAL_MILEAGE, ANNUAL_MILES, MARKET_VALUE, AGE, GENDER, CREDIT_SCORE, NUMBER_OF_DEPENDANTS, TRAFFIC_VIOLATIONS, STATE) VALUES
(885171, 2029, ' Audi ', ' S ', 'ZHMRD827XAS616380', 'S88809R', 'FVEZY32093858031830', 80899, 5769, 75057.82, '03/15/1906 00:00:01', 'M', NULL, 0, ' No', 'Connecticut');
INSERT INTO TAD222.AUTO_INSURANCE(POLICY_ID, YEAR, MAKE, MODEL, VIN, LICENSE_PLATE, DRIVER_LICENSE, TOTAL_MILEAGE, ANNUAL_MILES, MARKET_VALUE, AGE, GENDER, CREDIT_SCORE, NUMBER_OF_DEPENDANTS, TRAFFIC_VIOLATIONS, STATE) VALUES
(999999, 2024, ' Nissan  ', ' Wrangler ', 'W08VR57Y2ER868517', 'DGE3VI7', 'H066017914922513629', 159844, 10033, 97714.47, '01/01/1901 00:00:01', 'F', 756, 0, ' No', 'Hawaii');
INSERT INTO TAD222.AUTO_INSURANCE(POLICY_ID, YEAR, MAKE, MODEL, VIN, LICENSE_PLATE, DRIVER_LICENSE, TOTAL_MILEAGE, ANNUAL_MILES, MARKET_VALUE, AGE, GENDER, CREDIT_SCORE, NUMBER_OF_DEPENDANTS, TRAFFIC_VIOLATIONS, STATE) VALUES
(433809, 2006, 'Toyota ', ' Explorer ', '2T1CM80A6DN161929', 'Y3P7N45', '32676852378185614974', 77591, 26469, 20000.41, '08/29/1975 00:00:01', 'M', 791, 2, 'Yes', 'Connecticut');
INSERT INTO TAD222.AUTO_INSURANCE(POLICY_ID, YEAR, MAKE, MODEL, VIN, LICENSE_PLATE, DRIVER_LICENSE, TOTAL_MILEAGE, ANNUAL_MILES, MARKET_VALUE, AGE, GENDER, CREDIT_SCORE, NUMBER_OF_DEPENDANTS, TRAFFIC_VIOLATIONS, STATE) VALUES
(625262, 2015, ' Bugatti ', ' Renegdage', '6G1ZE17Y3E3243314', '77PD56R', 'T6866703724720274002', 194602, 4715, 85009.34, '04/11/2014 00:00:01', 'M', 723, 0, ' No', 'Wyoming');
INSERT INTO TAD222.AUTO_INSURANCE(POLICY_ID, YEAR, MAKE, MODEL, VIN, LICENSE_PLATE, DRIVER_LICENSE, TOTAL_MILEAGE, ANNUAL_MILES, MARKET_VALUE, AGE, GENDER, CREDIT_SCORE, NUMBER_OF_DEPENDANTS, TRAFFIC_VIOLATIONS, STATE) VALUES
(818507, 2008, ' Suzuki', ' Renegdage', '3G1ZE27T4E5156862', '2L99EJA', 'JI5855091224', 197601, 13569, 45254.32, '08/09/1986 00:00:01', 'F', 307, 2, ' No', 'Alabama');
INSERT INTO TAD222.AUTO_INSURANCE(POLICY_ID, YEAR, MAKE, MODEL, VIN, LICENSE_PLATE, DRIVER_LICENSE, TOTAL_MILEAGE, ANNUAL_MILES, MARKET_VALUE, AGE, GENDER, CREDIT_SCORE, NUMBER_OF_DEPENDANTS, TRAFFIC_VIOLATIONS, STATE) VALUES
(433814, 2027, ' Mercedes-', ' RAV4 ', 'MALEF21V9EK576558', '5L8N46Z', '6U0KNKH3Y13062946354', 91648, 54978, 34330.28, '09/02/1980 00:00:01', 'M', 458, 2, ' No', 'Montana');
INSERT INTO TAD222.AUTO_INSURANCE(POLICY_ID, YEAR, MAKE, MODEL, VIN, LICENSE_PLATE, DRIVER_LICENSE, TOTAL_MILEAGE, ANNUAL_MILES, MARKET_VALUE, AGE, GENDER, CREDIT_SCORE, NUMBER_OF_DEPENDANTS, TRAFFIC_VIOLATIONS, STATE) VALUES
(343814, 2008, ' Mitsubish', ' Compass ', 'SHMYF1129FP837068', 'YY298OA', 'M775493957395276691', 111753, 36520, 50138.69, '10/08/1961 00:00:01', 'M', 110, 2, 'Yes', 'New Mexico');
INSERT INTO TAD222.AUTO_INSURANCE(POLICY_ID, YEAR, MAKE, MODEL, VIN, LICENSE_PLATE, DRIVER_LICENSE, TOTAL_MILEAGE, ANNUAL_MILES, MARKET_VALUE, AGE, GENDER, CREDIT_SCORE, NUMBER_OF_DEPENDANTS, TRAFFIC_VIOLATIONS, STATE) VALUES
(625265, 2008, ' Maserati ', ' Yaris ', '2FDLP01W5CL996462', '9DT3T6I', 'UISLJ90463169648597', 178628, 66920, 1960.95, '04/30/1939 00:00:01', 'M', 795, 1, ' No', 'Texas');
INSERT INTO TAD222.AUTO_INSURANCE(POLICY_ID, YEAR, MAKE, MODEL, VIN, LICENSE_PLATE, DRIVER_LICENSE, TOTAL_MILEAGE, ANNUAL_MILES, MARKET_VALUE, AGE, GENDER, CREDIT_SCORE, NUMBER_OF_DEPENDANTS, TRAFFIC_VIOLATIONS, STATE) VALUES
(535260, 2007, 'Ram  ', ' 500X ', '2FAKP13T5E0313942', '7XVJK50', 'KAL46409399975494465', 154132, 15716, 6247.53, '06/21/1917 00:00:01', 'M', 233, 0, 'Yes', 'Montana');
INSERT INTO TAD222.AUTO_INSURANCE(POLICY_ID, YEAR, MAKE, MODEL, VIN, LICENSE_PLATE, DRIVER_LICENSE, TOTAL_MILEAGE, ANNUAL_MILES, MARKET_VALUE, AGE, GENDER, CREDIT_SCORE, NUMBER_OF_DEPENDANTS, TRAFFIC_VIOLATIONS, STATE) VALUES
(433812, 2008, ' Ferrari ', ' Yaris ', '2T3GF82Y0AN582487', 'Q634WI0', '8IYGQM9YDQ3V94154501', 108975, 27119, 10806.98, '10/30/1915 00:00:01', 'F', NULL, 3, ' No', 'Kansas');
INSERT INTO TAD222.AUTO_INSURANCE(POLICY_ID, YEAR, MAKE, MODEL, VIN, LICENSE_PLATE, DRIVER_LICENSE, TOTAL_MILEAGE, ANNUAL_MILES, MARKET_VALUE, AGE, GENDER, CREDIT_SCORE, NUMBER_OF_DEPENDANTS, TRAFFIC_VIOLATIONS, STATE) VALUES
(433808, 2006, ' Honda ', ' X ', '1G2SM1780FR243315', '8I138A1', '20004204699751030321', 175224, 38904, 90545.44, '07/11/1997 00:00:01', 'M', 750, 2, 'Yes', 'Washington');
INSERT INTO TAD222.AUTO_INSURANCE(POLICY_ID, YEAR, MAKE, MODEL, VIN, LICENSE_PLATE, DRIVER_LICENSE, TOTAL_MILEAGE, ANNUAL_MILES, MARKET_VALUE, AGE, GENDER, CREDIT_SCORE, NUMBER_OF_DEPENDANTS, TRAFFIC_VIOLATIONS, STATE) VALUES
(433811, 2028, ' Tesla ', ' Corolla ', '5N1AZ1MU3BW166845', 'R59S4EG', 'J504557589', 85781, 59060, 22631.82, '08/27/1979 00:00:01', 'M', 565, 2, ' No', 'Wisconsin');
INSERT INTO TAD222.AUTO_INSURANCE(POLICY_ID, YEAR, MAKE, MODEL, VIN, LICENSE_PLATE, DRIVER_LICENSE, TOTAL_MILEAGE, ANNUAL_MILES, MARKET_VALUE, AGE, GENDER, CREDIT_SCORE, NUMBER_OF_DEPENDANTS, TRAFFIC_VIOLATIONS, STATE) VALUES
(535262, 2022, ' Chevrolet', ' Wrangler ', '9BGCG37U3FK954968', '24UCV8Z', '29493870435511490692', 27451, 19388, 2424.99, '02/02/1903 00:00:01', 'F', 126, 0, 'Yes', 'Nebraska');
INSERT INTO TAD222.AUTO_INSURANCE(POLICY_ID, YEAR, MAKE, MODEL, VIN, LICENSE_PLATE, DRIVER_LICENSE, TOTAL_MILEAGE, ANNUAL_MILES, MARKET_VALUE, AGE, GENDER, CREDIT_SCORE, NUMBER_OF_DEPENDANTS, TRAFFIC_VIOLATIONS, STATE) VALUES
(728505, 2012, ' Infiniti ', ' Mustang ', '1G6YV3730C0613992', '3S4PV20', 'YA1J3OI0IO5161971249', 6826, 36167, 55536.77, '12/11/2020 00:00:01', 'M', 821, 1, ' No', 'Alaska');
INSERT INTO TAD222.AUTO_INSURANCE(POLICY_ID, YEAR, MAKE, MODEL, VIN, LICENSE_PLATE, DRIVER_LICENSE, TOTAL_MILEAGE, ANNUAL_MILES, MARKET_VALUE, AGE, GENDER, CREDIT_SCORE, NUMBER_OF_DEPENDANTS, TRAFFIC_VIOLATIONS, STATE) VALUES
(625263, 2015, ' Lincoln ', ' Y ', 'W08JB87P0C0987521', '9ZK2260', '3EEN8W9571344818503', 129276, 69235, 20828.8, '01/03/1901 00:00:01', 'F', 830, 3, 'Yes', 'Iowa');
INSERT INTO TAD222.AUTO_INSURANCE(POLICY_ID, YEAR, MAKE, MODEL, VIN, LICENSE_PLATE, DRIVER_LICENSE, TOTAL_MILEAGE, ANNUAL_MILES, MARKET_VALUE, AGE, GENDER, CREDIT_SCORE, NUMBER_OF_DEPENDANTS, TRAFFIC_VIOLATIONS, STATE) VALUES
(343812, 2007, ' Japan ', ' S ', 'W08SL67D5C0675710', '093RGXX', '9I0MS5709090428258', 99784, 56334, 3798.28, '03/24/1970 00:00:01', 'F', NULL, 1, ' No', 'Virginia');
INSERT INTO TAD222.AUTO_INSURANCE(POLICY_ID, YEAR, MAKE, MODEL, VIN, LICENSE_PLATE, DRIVER_LICENSE, TOTAL_MILEAGE, ANNUAL_MILES, MARKET_VALUE, AGE, GENDER, CREDIT_SCORE, NUMBER_OF_DEPENDANTS, TRAFFIC_VIOLATIONS, STATE) VALUES
(535263, 2026, ' Lexus ', ' F-Series ', '5Y2EC37S3A3156863', '2ZJV977', '748467751650', 6407, 41789, 28435.59, '10/17/1907 00:00:01', 'M', 339, 1, 'Yes', 'Rhode Island');
INSERT INTO TAD222.AUTO_INSURANCE(POLICY_ID, YEAR, MAKE, MODEL, VIN, LICENSE_PLATE, DRIVER_LICENSE, TOTAL_MILEAGE, ANNUAL_MILES, MARKET_VALUE, AGE, GENDER, CREDIT_SCORE, NUMBER_OF_DEPENDANTS, TRAFFIC_VIOLATIONS, STATE) VALUES
(343809, 2007, ' Fiat ', ' S ', '3HMKB1527BP987521', '68WQ581', 'S25770845391', 184520, 18941, 9213.44, '06/22/1960 00:00:01', 'F', 250, 3, 'Yes', 'Arkansas');
INSERT INTO TAD222.AUTO_INSURANCE(POLICY_ID, YEAR, MAKE, MODEL, VIN, LICENSE_PLATE, DRIVER_LICENSE, TOTAL_MILEAGE, ANNUAL_MILES, MARKET_VALUE, AGE, GENDER, CREDIT_SCORE, NUMBER_OF_DEPENDANTS, TRAFFIC_VIOLATIONS, STATE) VALUES
(818503, 2007, ' Volkswage', ' Equinox ', 'KNDSA14D6AL987521', '1N9VJT2', 'DBB15780459628055340', 27809, 57694, 42727.16, '01/05/1901 00:00:01', 'M', 613, 2, ' No', 'Alabama');
INSERT INTO TAD222.AUTO_INSURANCE(POLICY_ID, YEAR, MAKE, MODEL, VIN, LICENSE_PLATE, DRIVER_LICENSE, TOTAL_MILEAGE, ANNUAL_MILES, MARKET_VALUE, AGE, GENDER, CREDIT_SCORE, NUMBER_OF_DEPENDANTS, TRAFFIC_VIOLATIONS, STATE) VALUES
(818506, 2006, ' Kia ', ' Accord ', '1LJCP13U89W909060', 'KGA99LZ', 'S086732361406', 18413, 73362, 99404.88, '01/02/1901 00:00:01', 'F', 527, 3, 'Yes', 'Alabama');
INSERT INTO TAD222.AUTO_INSURANCE(POLICY_ID, YEAR, MAKE, MODEL, VIN, LICENSE_PLATE, DRIVER_LICENSE, TOTAL_MILEAGE, ANNUAL_MILES, MARKET_VALUE, AGE, GENDER, CREDIT_SCORE, NUMBER_OF_DEPENDANTS, TRAFFIC_VIOLATIONS, STATE) VALUES
(975167, 2009, ' Tesla ', ' Corolla ', '1L1PP13948L547631', '0352M94', 'LR437479901499294137', 116513, 39155, 50808.98, '10/06/1951 00:00:01', 'M', 638, 2, ' No', 'New Hampshire');
INSERT INTO TAD222.AUTO_INSURANCE(POLICY_ID, YEAR, MAKE, MODEL, VIN, LICENSE_PLATE, DRIVER_LICENSE, TOTAL_MILEAGE, ANNUAL_MILES, MARKET_VALUE, AGE, GENDER, CREDIT_SCORE, NUMBER_OF_DEPENDANTS, TRAFFIC_VIOLATIONS, STATE) VALUES
(343811, NULL, ' Dodge ', ' Spider ', '5YFHU1FJ88C497031', 'L3W9259', '96AK3417671526613097', 66477, 9635, 43753.51, '05/13/1924 00:00:01', 'M', 309, 3, ' No', 'West Virginia');
INSERT INTO TAD222.AUTO_INSURANCE(POLICY_ID, YEAR, MAKE, MODEL, VIN, LICENSE_PLATE, DRIVER_LICENSE, TOTAL_MILEAGE, ANNUAL_MILES, MARKET_VALUE, AGE, GENDER, CREDIT_SCORE, NUMBER_OF_DEPENDANTS, TRAFFIC_VIOLATIONS, STATE) VALUES
(885170, 2012, ' Bugatti ', ' X ', '8AGHR176885527540', '0H9I7UV', '3DV4P31731399585', 165495, 31236, 70569.4, '11/18/1922 00:00:01', 'M', 118, 0, ' No', 'Maine');
INSERT INTO TAD222.AUTO_INSURANCE(POLICY_ID, YEAR, MAKE, MODEL, VIN, LICENSE_PLATE, DRIVER_LICENSE, TOTAL_MILEAGE, ANNUAL_MILES, MARKET_VALUE, AGE, GENDER, CREDIT_SCORE, NUMBER_OF_DEPENDANTS, TRAFFIC_VIOLATIONS, STATE) VALUES
(885172, 2007, ' Lincoln ', ' S ', '6G1DV27TXD4762163', 'QKJI4IJ', 'CA4X8077577493964582', 88368, 18433, 42027.19, '06/07/1903 00:00:01', 'F', 344, 0, 'Yes', 'West Virginia');
INSERT INTO TAD222.AUTO_INSURANCE(POLICY_ID, YEAR, MAKE, MODEL, VIN, LICENSE_PLATE, DRIVER_LICENSE, TOTAL_MILEAGE, ANNUAL_MILES, MARKET_VALUE, AGE, GENDER, CREDIT_SCORE, NUMBER_OF_DEPENDANTS, TRAFFIC_VIOLATIONS, STATE) VALUES
(433813, 2008, ' Porsche ', ' S-Series ', '5HMGH4120DS278753', 'U2DNV1P', '804KG377537970821151', 38058, 37425, 70697.44, '01/02/1901 00:00:01', 'F', 278, 2, 'Yes', 'Massachusetts');
INSERT INTO TAD222.AUTO_INSURANCE(POLICY_ID, YEAR, MAKE, MODEL, VIN, LICENSE_PLATE, DRIVER_LICENSE, TOTAL_MILEAGE, ANNUAL_MILES, MARKET_VALUE, AGE, GENDER, CREDIT_SCORE, NUMBER_OF_DEPENDANTS, TRAFFIC_VIOLATIONS, STATE) VALUES
(818505, 2026, ' Audi ', ' Corolla ', '5N1AZ1MU7FW625137', '20D2B3V', '51823568909389084326', 29964, 16749, 59528.31, '07/02/1902 00:00:01', 'M', 415, 1, 'Yes', 'Arizona');
INSERT INTO TAD222.AUTO_INSURANCE(POLICY_ID, YEAR, MAKE, MODEL, VIN, LICENSE_PLATE, DRIVER_LICENSE, TOTAL_MILEAGE, ANNUAL_MILES, MARKET_VALUE, AGE, GENDER, CREDIT_SCORE, NUMBER_OF_DEPENDANTS, TRAFFIC_VIOLATIONS, STATE) VALUES
(133689, 2010, ' Cadillac ', ' Y ', 'KL1NE677XB1243316', 'LXF095H', '166N010424439610674', 138883, 7904, 71598.45, '01/13/1909 00:00:01', 'M', 525, 2, ' No', 'Missouri');
INSERT INTO TAD222.AUTO_INSURANCE(POLICY_ID, YEAR, MAKE, MODEL, VIN, LICENSE_PLATE, DRIVER_LICENSE, TOTAL_MILEAGE, ANNUAL_MILES, MARKET_VALUE, AGE, GENDER, CREDIT_SCORE, NUMBER_OF_DEPENDANTS, TRAFFIC_VIOLATIONS, STATE) VALUES
(728502, 2019, ' Dodge ', ' Civic  ', 'NLHCF35M39P326198', 'JK2YZFU', '55495605829571216614', 82584, 15973, 6663.55, '10/10/1931 00:00:01', 'F', 642, 2, ' No', 'Nebraska');
INSERT INTO TAD222.AUTO_INSURANCE(POLICY_ID, YEAR, MAKE, MODEL, VIN, LICENSE_PLATE, DRIVER_LICENSE, TOTAL_MILEAGE, ANNUAL_MILES, MARKET_VALUE, AGE, GENDER, CREDIT_SCORE, NUMBER_OF_DEPENDANTS, TRAFFIC_VIOLATIONS, STATE) VALUES
(343807, 2017, ' Pontiac ', ' Yaris ', '5T1CU8197EX932472', 'AP114V0', 'GW976260997487566664', 83106, 34670, 55979.14, '05/07/1909 00:00:01', 'F', 595, 3, ' No', 'Kentucky');
INSERT INTO TAD222.AUTO_INSURANCE(POLICY_ID, YEAR, MAKE, MODEL, VIN, LICENSE_PLATE, DRIVER_LICENSE, TOTAL_MILEAGE, ANNUAL_MILES, MARKET_VALUE, AGE, GENDER, CREDIT_SCORE, NUMBER_OF_DEPENDANTS, TRAFFIC_VIOLATIONS, STATE) VALUES
(223689, 2013, ' Audi ', ' RAV4 ', '5N1AL3AP58K251052', '7S1KIW6', 'S53604XB775816384332', 23553, 59354, 81860.16, '06/09/1902 00:00:01', 'F', 209, 1, 'Yes', 'Michigan');
INSERT INTO TAD222.AUTO_INSURANCE(POLICY_ID, YEAR, MAKE, MODEL, VIN, LICENSE_PLATE, DRIVER_LICENSE, TOTAL_MILEAGE, ANNUAL_MILES, MARKET_VALUE, AGE, GENDER, CREDIT_SCORE, NUMBER_OF_DEPENDANTS, TRAFFIC_VIOLATIONS, STATE) VALUES
(625260, 2021, ' Kia ', ' Spider ', '5T1CM82J1DW723144', 'LASSGZH', '9092VW74598508219133', 12146, 24303, 43585.69, '10/16/1924 00:00:01', 'M', 452, 1, ' No', 'South Carolina');
INSERT INTO TAD222.AUTO_INSURANCE(POLICY_ID, YEAR, MAKE, MODEL, VIN, LICENSE_PLATE, DRIVER_LICENSE, TOTAL_MILEAGE, ANNUAL_MILES, MARKET_VALUE, AGE, GENDER, CREDIT_SCORE, NUMBER_OF_DEPENDANTS, TRAFFIC_VIOLATIONS, STATE) VALUES
(535259, 2006, ' Ferrari ', ' Jerokee ', '5YFJ41238AX582488', '395M3Y4', '5FRQ64XQ1T0D4T359E4H', 183937, 52081, 55953.34, '02/23/1901 00:00:01', 'F', 479, 3, 'Yes', 'Massachusetts');
INSERT INTO TAD222.AUTO_INSURANCE(POLICY_ID, YEAR, MAKE, MODEL, VIN, LICENSE_PLATE, DRIVER_LICENSE, TOTAL_MILEAGE, ANNUAL_MILES, MARKET_VALUE, AGE, GENDER, CREDIT_SCORE, NUMBER_OF_DEPENDANTS, TRAFFIC_VIOLATIONS, STATE) VALUES
(133688, 2008, ' Jeep ', ' Mustang ', '1L1HK03U2E3635039', '8C9HJ65', 'R3385607650864071607', 33128, 49358, 52843.36, '06/11/1903 00:00:01', 'F', 458, 0, 'Yes', 'Colorado');
INSERT INTO TAD222.AUTO_INSURANCE(POLICY_ID, YEAR, MAKE, MODEL, VIN, LICENSE_PLATE, DRIVER_LICENSE, TOTAL_MILEAGE, ANNUAL_MILES, MARKET_VALUE, AGE, GENDER, CREDIT_SCORE, NUMBER_OF_DEPENDANTS, TRAFFIC_VIOLATIONS, STATE) VALUES
(625259, 2022, ' Fiat ', ' Wrangler ', '8GGKY87W19R156864', '64DZAUG', '6CN63885964757660', 148414, 56103, 30056.58, '01/14/2002 00:00:01', 'F', 619, 2, ' No', 'Minnesota');
INSERT INTO TAD222.AUTO_INSURANCE(POLICY_ID, YEAR, MAKE, MODEL, VIN, LICENSE_PLATE, DRIVER_LICENSE, TOTAL_MILEAGE, ANNUAL_MILES, MARKET_VALUE, AGE, GENDER, CREDIT_SCORE, NUMBER_OF_DEPENDANTS, TRAFFIC_VIOLATIONS, STATE) VALUES
(975169, 2009, ' Acura ', ' S-Series ', '5N1AF5MR29W862229', '9V36V4C', 'ZOL3EJ66262204290553', 72081, 55632, 35785.28, '01/07/1901 00:00:01', 'M', NULL, 0, 'Yes', 'New York');
INSERT INTO TAD222.AUTO_INSURANCE(POLICY_ID, YEAR, MAKE, MODEL, VIN, LICENSE_PLATE, DRIVER_LICENSE, TOTAL_MILEAGE, ANNUAL_MILES, MARKET_VALUE, AGE, GENDER, CREDIT_SCORE, NUMBER_OF_DEPENDANTS, TRAFFIC_VIOLATIONS, STATE) VALUES
(535261, 2017, ' Japan ', ' Explorer ', '5TFCA5DW8AN847018', '7J28OZ6', 'M0048002646821183868', 46898, 21365, 59437.02, '07/03/2019 00:00:01', 'M', 366, 2, ' No', 'New Mexico');
INSERT INTO TAD222.AUTO_INSURANCE(POLICY_ID, YEAR, MAKE, MODEL, VIN, LICENSE_PLATE, DRIVER_LICENSE, TOTAL_MILEAGE, ANNUAL_MILES, MARKET_VALUE, AGE, GENDER, CREDIT_SCORE, NUMBER_OF_DEPENDANTS, TRAFFIC_VIOLATIONS, STATE) VALUES
(625261, 2022, ' Bentley ', ' Mustang ', '2T1LR8286DU247386', '6555843', '8O9G7282489286679952', 41314, 42198, 8111.93, '04/08/1901 00:00:01', 'M', 366, 2, ' No', 'New York');
INSERT INTO TAD222.AUTO_INSURANCE(POLICY_ID, YEAR, MAKE, MODEL, VIN, LICENSE_PLATE, DRIVER_LICENSE, TOTAL_MILEAGE, ANNUAL_MILES, MARKET_VALUE, AGE, GENDER, CREDIT_SCORE, NUMBER_OF_DEPENDANTS, TRAFFIC_VIOLATIONS, STATE) VALUES
(975168, 2018, ' Genesis ', ' Mustang ', '4T1JU1DJ6ES497032', '9DKO4V9', '190621597', 149242, 13014, 79299.32, '07/08/1901 00:00:01', 'F', 418, 2, 'Yes', 'Minnesota');
INSERT INTO TAD222.AUTO_INSURANCE(POLICY_ID, YEAR, MAKE, MODEL, VIN, LICENSE_PLATE, DRIVER_LICENSE, TOTAL_MILEAGE, ANNUAL_MILES, MARKET_VALUE, AGE, GENDER, CREDIT_SCORE, NUMBER_OF_DEPENDANTS, TRAFFIC_VIOLATIONS, STATE) VALUES
(728503, NULL, ' Nissan  ', ' 500X ', '1G8ZR5761F1243317', 'H6W1HGO', 'A71F211585257121073', 9453, 66772, 36526.1, '05/20/1991 00:00:01', 'M', 307, 2, ' No', 'Arkansas');
INSERT INTO TAD222.AUTO_INSURANCE(POLICY_ID, YEAR, MAKE, MODEL, VIN, LICENSE_PLATE, DRIVER_LICENSE, TOTAL_MILEAGE, ANNUAL_MILES, MARKET_VALUE, AGE, GENDER, CREDIT_SCORE, NUMBER_OF_DEPENDANTS, TRAFFIC_VIOLATIONS, STATE) VALUES
(818504, 2012, ' Honda ', ' Explorer ', '1FBBK03P0E8547632', '1E0WX72', 'TQE58730432446661399', 171662, 41612, 10350.86, '06/16/1902 00:00:01', 'M', 128, 0, ' No', 'New Mexico');
INSERT INTO TAD222.AUTO_INSURANCE(POLICY_ID, YEAR, MAKE, MODEL, VIN, LICENSE_PLATE, DRIVER_LICENSE, TOTAL_MILEAGE, ANNUAL_MILES, MARKET_VALUE, AGE, GENDER, CREDIT_SCORE, NUMBER_OF_DEPENDANTS, TRAFFIC_VIOLATIONS, STATE) VALUES
(343813, 2015, ' Suzuki', ' F-Series ', '2T1MS8FA3EX637688', '659N8K0', '81936379411565', 150886, 25552, 71500.02, '07/10/1948 00:00:01', 'F', 333, 1, 'Yes', 'Delaware');
INSERT INTO TAD222.AUTO_INSURANCE(POLICY_ID, YEAR, MAKE, MODEL, VIN, LICENSE_PLATE, DRIVER_LICENSE, TOTAL_MILEAGE, ANNUAL_MILES, MARKET_VALUE, AGE, GENDER, CREDIT_SCORE, NUMBER_OF_DEPENDANTS, TRAFFIC_VIOLATIONS, STATE) VALUES
(625264, 2007, ' Bentley ', ' Y ', '1G2KS27U8B1613993', 'I6BZYD5', '81YEQ93078716378', 124484, 7677, 44228.59, '06/21/1958 00:00:01', 'M', 807, 0, ' No', 'Michigan');
INSERT INTO TAD222.AUTO_INSURANCE(POLICY_ID, YEAR, MAKE, MODEL, VIN, LICENSE_PLATE, DRIVER_LICENSE, TOTAL_MILEAGE, ANNUAL_MILES, MARKET_VALUE, AGE, GENDER, CREDIT_SCORE, NUMBER_OF_DEPENDANTS, TRAFFIC_VIOLATIONS, STATE) VALUES
(433810, 2010, ' Japan ', ' Camry ', '2T1AT16J2FM321340', '9363454', 'ZIQ39700529948794105', 22103, 49256, 77187.48, '12/05/1962 00:00:01', 'F', 611, 0, 'Yes', 'South Carolina');
INSERT INTO TAD222.AUTO_INSURANCE(POLICY_ID, YEAR, MAKE, MODEL, VIN, LICENSE_PLATE, DRIVER_LICENSE, TOTAL_MILEAGE, ANNUAL_MILES, MARKET_VALUE, AGE, GENDER, CREDIT_SCORE, NUMBER_OF_DEPENDANTS, TRAFFIC_VIOLATIONS, STATE) VALUES
(728506, 2007, ' Volkswage', ' S ', '5YFMB5F36CX723145', 'V7UG3F4', 'W979861512055475678', 2024, 34080, 13257.87, '11/01/1901 00:00:01', 'M', 343, 2, ' No', 'Florida');
INSERT INTO TAD222.AUTO_INSURANCE(POLICY_ID, YEAR, MAKE, MODEL, VIN, LICENSE_PLATE, DRIVER_LICENSE, TOTAL_MILEAGE, ANNUAL_MILES, MARKET_VALUE, AGE, GENDER, CREDIT_SCORE, NUMBER_OF_DEPENDANTS, TRAFFIC_VIOLATIONS, STATE) VALUES
(535264, NULL, ' Honda ', ' Mustang ', '1FMKP33P7D0401350', 'G6C94T9', 'K109Y576075271715292', 6069, 65363, 76612.07, '03/14/1954 00:00:01', 'M', 331, 1, ' No', 'Arkansas');
INSERT INTO TAD222.AUTO_INSURANCE(POLICY_ID, YEAR, MAKE, MODEL, VIN, LICENSE_PLATE, DRIVER_LICENSE, TOTAL_MILEAGE, ANNUAL_MILES, MARKET_VALUE, AGE, GENDER, CREDIT_SCORE, NUMBER_OF_DEPENDANTS, TRAFFIC_VIOLATIONS, STATE) VALUES
(728504, NULL, ' Chevrolet', ' Ranger ', '8AGHR67TXEK527541', '2WI4G9H', 'MWI6IV5690533493', 187400, 17871, 59320.81, '01/25/1971 00:00:01', 'F', 425, 1, 'Yes', 'Texas');
INSERT INTO TAD222.AUTO_INSURANCE(POLICY_ID, YEAR, MAKE, MODEL, VIN, LICENSE_PLATE, DRIVER_LICENSE, TOTAL_MILEAGE, ANNUAL_MILES, MARKET_VALUE, AGE, GENDER, CREDIT_SCORE, NUMBER_OF_DEPENDANTS, TRAFFIC_VIOLATIONS, STATE) VALUES
(343810, NULL, ' Volkswage', ' Y ', 'KM8CF35M69B696305', '3SVD893', 'X7X06895853759694895', 16879, 45800, 44535.37, '12/21/1964 00:00:01', 'F', NULL, 2, ' No', 'Pennsylvania');

--
-- Inserting data into table TAD222.CHECKS
--
INSERT INTO TAD222.CHECKS(PAYMENT_ID, CLAIM_ID, CHECK_NUMBER, CHECK_DATE, BANK, ACCOUNT_NUMBER, ROUTING_NUMBER) VALUES
(965463, 965463, 140670767, '11/12/23', 'Chase', 268073873218, 419400534);
INSERT INTO TAD222.CHECKS(PAYMENT_ID, CLAIM_ID, CHECK_NUMBER, CHECK_DATE, BANK, ACCOUNT_NUMBER, ROUTING_NUMBER) VALUES
(450039, 450039, 637004666, '08/11/02', 'Wells Fargo', 669810374627, 693651787);
INSERT INTO TAD222.CHECKS(PAYMENT_ID, CLAIM_ID, CHECK_NUMBER, CHECK_DATE, BANK, ACCOUNT_NUMBER, ROUTING_NUMBER) VALUES
(875464, 875464, 496069798, '10/03/17', 'Wells Fargo', 308503353250, 900729503);
INSERT INTO TAD222.CHECKS(PAYMENT_ID, CLAIM_ID, CHECK_NUMBER, CHECK_DATE, BANK, ACCOUNT_NUMBER, ROUTING_NUMBER) VALUES
(360038, 360038, 444554191, '02/11/29', 'Chase', 596572333361, 277880467);
INSERT INTO TAD222.CHECKS(PAYMENT_ID, CLAIM_ID, CHECK_NUMBER, CHECK_DATE, BANK, ACCOUNT_NUMBER, ROUTING_NUMBER) VALUES
(450041, 450041, 192466912, '10/03/28', 'Citigroup', 968944837674, 334784884);
INSERT INTO TAD222.CHECKS(PAYMENT_ID, CLAIM_ID, CHECK_NUMBER, CHECK_DATE, BANK, ACCOUNT_NUMBER, ROUTING_NUMBER) VALUES
(965464, 965464, 269826965, '12/12/28', 'Wells Fargo', 876993661495, 517496025);
INSERT INTO TAD222.CHECKS(PAYMENT_ID, CLAIM_ID, CHECK_NUMBER, CHECK_DATE, BANK, ACCOUNT_NUMBER, ROUTING_NUMBER) VALUES
(740174, 740174, 626031753, '12/12/10', 'BofA', 917919438844, 538097518);
INSERT INTO TAD222.CHECKS(PAYMENT_ID, CLAIM_ID, CHECK_NUMBER, CHECK_DATE, BANK, ACCOUNT_NUMBER, ROUTING_NUMBER) VALUES
(875466, 875466, 201751337, '09/12/11', 'Chase', 435819280480, 496618135);
INSERT INTO TAD222.CHECKS(PAYMENT_ID, CLAIM_ID, CHECK_NUMBER, CHECK_DATE, BANK, ACCOUNT_NUMBER, ROUTING_NUMBER) VALUES
(650174, 650174, 419010563, '12/10/13', 'Chase', 450582225266, 397956322);
INSERT INTO TAD222.CHECKS(PAYMENT_ID, CLAIM_ID, CHECK_NUMBER, CHECK_DATE, BANK, ACCOUNT_NUMBER, ROUTING_NUMBER) VALUES
(272693, 272693, 539079778, '10/11/16', 'BofA', 208449330686, 559581594);
INSERT INTO TAD222.CHECKS(PAYMENT_ID, CLAIM_ID, CHECK_NUMBER, CHECK_DATE, BANK, ACCOUNT_NUMBER, ROUTING_NUMBER) VALUES
(875463, 875463, 662455572, '08/11/25', 'Citigroup', 394360510739, 220989458);
INSERT INTO TAD222.CHECKS(PAYMENT_ID, CLAIM_ID, CHECK_NUMBER, CHECK_DATE, BANK, ACCOUNT_NUMBER, ROUTING_NUMBER) VALUES
(182692, 182692, 393948670, '12/07/04', 'Chase', 774656901876, 919855082);
INSERT INTO TAD222.CHECKS(PAYMENT_ID, CLAIM_ID, CHECK_NUMBER, CHECK_DATE, BANK, ACCOUNT_NUMBER, ROUTING_NUMBER) VALUES
(450043, 450043, 883079271, '12/02/16', 'Chase', 779821900543, 220530327);
INSERT INTO TAD222.CHECKS(PAYMENT_ID, CLAIM_ID, CHECK_NUMBER, CHECK_DATE, BANK, ACCOUNT_NUMBER, ROUTING_NUMBER) VALUES
(623926, 623926, 329931551, '10/02/25', 'BofA', 313297698131, 462849671);
INSERT INTO TAD222.CHECKS(PAYMENT_ID, CLAIM_ID, CHECK_NUMBER, CHECK_DATE, BANK, ACCOUNT_NUMBER, ROUTING_NUMBER) VALUES
(650171, 650171, 764201922, '07/10/02', 'Chase', 741199448032, 527401983);
INSERT INTO TAD222.CHECKS(PAYMENT_ID, CLAIM_ID, CHECK_NUMBER, CHECK_DATE, BANK, ACCOUNT_NUMBER, ROUTING_NUMBER) VALUES
(740175, 740175, 359013721, '06/08/14', 'BofA', 459530478781, 614268706);
INSERT INTO TAD222.CHECKS(PAYMENT_ID, CLAIM_ID, CHECK_NUMBER, CHECK_DATE, BANK, ACCOUNT_NUMBER, ROUTING_NUMBER) VALUES
(965461, 965461, 950424555, '11/11/20', 'BofA', 541038625749, 149059007);
INSERT INTO TAD222.CHECKS(PAYMENT_ID, CLAIM_ID, CHECK_NUMBER, CHECK_DATE, BANK, ACCOUNT_NUMBER, ROUTING_NUMBER) VALUES
(533929, 533929, 937168050, '12/12/29', 'Wells Fargo', 472907243479, 562379003);
INSERT INTO TAD222.CHECKS(PAYMENT_ID, CLAIM_ID, CHECK_NUMBER, CHECK_DATE, BANK, ACCOUNT_NUMBER, ROUTING_NUMBER) VALUES
(360043, 360043, 569307574, '08/11/28', 'Wells Fargo', 265492255066, 575011070);
INSERT INTO TAD222.CHECKS(PAYMENT_ID, CLAIM_ID, CHECK_NUMBER, CHECK_DATE, BANK, ACCOUNT_NUMBER, ROUTING_NUMBER) VALUES
(740172, 740172, 678068534, '07/06/11', 'BofA', 196138208756, 358157490);
INSERT INTO TAD222.CHECKS(PAYMENT_ID, CLAIM_ID, CHECK_NUMBER, CHECK_DATE, BANK, ACCOUNT_NUMBER, ROUTING_NUMBER) VALUES
(740173, 740173, 323261185, '12/03/19', 'Wells Fargo', 428385497629, 210157625);
INSERT INTO TAD222.CHECKS(PAYMENT_ID, CLAIM_ID, CHECK_NUMBER, CHECK_DATE, BANK, ACCOUNT_NUMBER, ROUTING_NUMBER) VALUES
(450042, 450042, 724256011, '11/05/00', 'BofA', 810853574919, 352609538);
INSERT INTO TAD222.CHECKS(PAYMENT_ID, CLAIM_ID, CHECK_NUMBER, CHECK_DATE, BANK, ACCOUNT_NUMBER, ROUTING_NUMBER) VALUES
(360039, 360039, 646289854, '09/04/11', 'Chase', 414172494565, 946182923);
INSERT INTO TAD222.CHECKS(PAYMENT_ID, CLAIM_ID, CHECK_NUMBER, CHECK_DATE, BANK, ACCOUNT_NUMBER, ROUTING_NUMBER) VALUES
(450040, 450040, 575801637, '10/02/23', 'Wells Fargo', 779085564440, 325611532);
INSERT INTO TAD222.CHECKS(PAYMENT_ID, CLAIM_ID, CHECK_NUMBER, CHECK_DATE, BANK, ACCOUNT_NUMBER, ROUTING_NUMBER) VALUES
(740171, 740171, 327504235, '10/12/01', 'Wells Fargo', 793093026310, 611064738);
INSERT INTO TAD222.CHECKS(PAYMENT_ID, CLAIM_ID, CHECK_NUMBER, CHECK_DATE, BANK, ACCOUNT_NUMBER, ROUTING_NUMBER) VALUES
(999999, 999999, 294961037, '12/01/24', 'Wells Fargo', 685439052752, 220720915);
INSERT INTO TAD222.CHECKS(PAYMENT_ID, CLAIM_ID, CHECK_NUMBER, CHECK_DATE, BANK, ACCOUNT_NUMBER, ROUTING_NUMBER) VALUES
(965462, 965462, 827500356, '04/10/21', 'Citigroup', 708487867283, 448234210);
INSERT INTO TAD222.CHECKS(PAYMENT_ID, CLAIM_ID, CHECK_NUMBER, CHECK_DATE, BANK, ACCOUNT_NUMBER, ROUTING_NUMBER) VALUES
(533927, 533927, 472336837, '03/11/28', 'BofA', 309946150377, 297731853);
INSERT INTO TAD222.CHECKS(PAYMENT_ID, CLAIM_ID, CHECK_NUMBER, CHECK_DATE, BANK, ACCOUNT_NUMBER, ROUTING_NUMBER) VALUES
(650172, 650172, 459281994, '05/04/00', 'Chase', 663062203688, 302701830);
INSERT INTO TAD222.CHECKS(PAYMENT_ID, CLAIM_ID, CHECK_NUMBER, CHECK_DATE, BANK, ACCOUNT_NUMBER, ROUTING_NUMBER) VALUES
(533926, 533926, 984782633, '12/11/22', 'Chase', 170374145429, 810991872);
INSERT INTO TAD222.CHECKS(PAYMENT_ID, CLAIM_ID, CHECK_NUMBER, CHECK_DATE, BANK, ACCOUNT_NUMBER, ROUTING_NUMBER) VALUES
(450044, 450044, 339334816, '07/07/24', 'Wells Fargo', 941035349907, 383881351);
INSERT INTO TAD222.CHECKS(PAYMENT_ID, CLAIM_ID, CHECK_NUMBER, CHECK_DATE, BANK, ACCOUNT_NUMBER, ROUTING_NUMBER) VALUES
(533925, 533925, 407109372, '11/01/13', 'Chase', 882896569368, 495936563);
INSERT INTO TAD222.CHECKS(PAYMENT_ID, CLAIM_ID, CHECK_NUMBER, CHECK_DATE, BANK, ACCOUNT_NUMBER, ROUTING_NUMBER) VALUES
(650173, 650173, 353688197, '07/10/12', 'Chase', 138395826361, 475540973);
INSERT INTO TAD222.CHECKS(PAYMENT_ID, CLAIM_ID, CHECK_NUMBER, CHECK_DATE, BANK, ACCOUNT_NUMBER, ROUTING_NUMBER) VALUES
(360042, 360042, 947208575, '12/10/28', 'Chase', 942092333686, 697267309);
INSERT INTO TAD222.CHECKS(PAYMENT_ID, CLAIM_ID, CHECK_NUMBER, CHECK_DATE, BANK, ACCOUNT_NUMBER, ROUTING_NUMBER) VALUES
(182693, 182693, 922992263, '10/04/18', 'Chase', 441441240573, 589773172);
INSERT INTO TAD222.CHECKS(PAYMENT_ID, CLAIM_ID, CHECK_NUMBER, CHECK_DATE, BANK, ACCOUNT_NUMBER, ROUTING_NUMBER) VALUES
(875465, 875465, 282974381, '12/10/08', 'Citigroup', 901930038872, 627202050);
INSERT INTO TAD222.CHECKS(PAYMENT_ID, CLAIM_ID, CHECK_NUMBER, CHECK_DATE, BANK, ACCOUNT_NUMBER, ROUTING_NUMBER) VALUES
(360040, 360040, 792224969, '11/03/26', 'Citigroup', 317078017146, 101385771);
INSERT INTO TAD222.CHECKS(PAYMENT_ID, CLAIM_ID, CHECK_NUMBER, CHECK_DATE, BANK, ACCOUNT_NUMBER, ROUTING_NUMBER) VALUES
(272692, 272692, 549280388, '04/03/23', 'Wells Fargo', 283747287315, 507717794);
INSERT INTO TAD222.CHECKS(PAYMENT_ID, CLAIM_ID, CHECK_NUMBER, CHECK_DATE, BANK, ACCOUNT_NUMBER, ROUTING_NUMBER) VALUES
(623925, 623925, 737363228, '01/10/04', 'Citigroup', 464663562914, 992377640);
INSERT INTO TAD222.CHECKS(PAYMENT_ID, CLAIM_ID, CHECK_NUMBER, CHECK_DATE, BANK, ACCOUNT_NUMBER, ROUTING_NUMBER) VALUES
(623928, 623928, 814570184, '04/10/08', 'Citigroup', 384772098212, 769817728);
INSERT INTO TAD222.CHECKS(PAYMENT_ID, CLAIM_ID, CHECK_NUMBER, CHECK_DATE, BANK, ACCOUNT_NUMBER, ROUTING_NUMBER) VALUES
(623930, 623930, 157726902, '11/02/06', 'Chase', 542482789151, 610466440);
INSERT INTO TAD222.CHECKS(PAYMENT_ID, CLAIM_ID, CHECK_NUMBER, CHECK_DATE, BANK, ACCOUNT_NUMBER, ROUTING_NUMBER) VALUES
(623927, 623927, 956815941, '10/11/23', 'BofA', 527187079532, 969859476);
INSERT INTO TAD222.CHECKS(PAYMENT_ID, CLAIM_ID, CHECK_NUMBER, CHECK_DATE, BANK, ACCOUNT_NUMBER, ROUTING_NUMBER) VALUES
(360041, 360041, 980762648, '11/07/00', 'Wells Fargo', 746088586089, 581469625);
INSERT INTO TAD222.CHECKS(PAYMENT_ID, CLAIM_ID, CHECK_NUMBER, CHECK_DATE, BANK, ACCOUNT_NUMBER, ROUTING_NUMBER) VALUES
(875462, 875462, 203542473, '08/11/23', 'Wells Fargo', 349663720387, 386321853);
INSERT INTO TAD222.CHECKS(PAYMENT_ID, CLAIM_ID, CHECK_NUMBER, CHECK_DATE, BANK, ACCOUNT_NUMBER, ROUTING_NUMBER) VALUES
(533928, 533928, 884147001, '10/02/01', 'Chase', 548625675004, 212071614);
INSERT INTO TAD222.CHECKS(PAYMENT_ID, CLAIM_ID, CHECK_NUMBER, CHECK_DATE, BANK, ACCOUNT_NUMBER, ROUTING_NUMBER) VALUES
(272694, 272694, 372220114, '10/10/08', 'BofA', 189665756043, 361907012);
INSERT INTO TAD222.CHECKS(PAYMENT_ID, CLAIM_ID, CHECK_NUMBER, CHECK_DATE, BANK, ACCOUNT_NUMBER, ROUTING_NUMBER) VALUES
(623929, 623929, 857035696, '11/11/10', 'Wells Fargo', 332137867921, 466183793);
INSERT INTO TAD222.CHECKS(PAYMENT_ID, CLAIM_ID, CHECK_NUMBER, CHECK_DATE, BANK, ACCOUNT_NUMBER, ROUTING_NUMBER) VALUES
(875461, 875461, 220965129, '08/11/21', 'Chase', 353698781182, 124080882);
INSERT INTO TAD222.CHECKS(PAYMENT_ID, CLAIM_ID, CHECK_NUMBER, CHECK_DATE, BANK, ACCOUNT_NUMBER, ROUTING_NUMBER) VALUES
(965460, 965460, 490632816, '09/01/24', 'BofA', 812543407576, 388890177);
INSERT INTO TAD222.CHECKS(PAYMENT_ID, CLAIM_ID, CHECK_NUMBER, CHECK_DATE, BANK, ACCOUNT_NUMBER, ROUTING_NUMBER) VALUES
(965459, 965459, 799126892, '04/09/03', 'BofA', 105561226436, 535650845);

--
-- Inserting data into table TAD222.CLAIM_PAYMENT
--
INSERT INTO TAD222.CLAIM_PAYMENT(PAYMENT_ID, CLAIM_ID, RECIPIENT_NAME, RECIPIENT_ADDRESS, PAYMENT_AMOUNT, BANK) VALUES
(246670, 965463, 'Antoine Banks', ' 78 South Green Hague'||CHR(13)||CHR(10)
||'	Boulevard', 55356.78, 'BofA');
INSERT INTO TAD222.CLAIM_PAYMENT(PAYMENT_ID, CLAIM_ID, RECIPIENT_NAME, RECIPIENT_ADDRESS, PAYMENT_AMOUNT, BANK) VALUES
(545999, 450039, 'Earle Caudill', ' 98 Fabien'||CHR(13)||CHR(10)
||'	St.', NULL, 'BofA');
INSERT INTO TAD222.CLAIM_PAYMENT(PAYMENT_ID, CLAIM_ID, RECIPIENT_NAME, RECIPIENT_ADDRESS, PAYMENT_AMOUNT, BANK) VALUES
(546000, 875464, 'Aundrea Cahill', ' 592 West White Second'||CHR(13)||CHR(10)
||'	Parkway', 17645.69, 'Citigroup');
INSERT INTO TAD222.CLAIM_PAYMENT(PAYMENT_ID, CLAIM_ID, RECIPIENT_NAME, RECIPIENT_ADDRESS, PAYMENT_AMOUNT, BANK) VALUES
(635999, 360038, 'Chaya Mccaffrey', ' 753 Hague'||CHR(13)||CHR(10)
||'	Freeway', 31379.29, 'Wells Fargo');
INSERT INTO TAD222.CLAIM_PAYMENT(PAYMENT_ID, CLAIM_ID, RECIPIENT_NAME, RECIPIENT_ADDRESS, PAYMENT_AMOUNT, BANK) VALUES
(369784, 450041, 'Zulema Ingram', ' 32 Nobel'||CHR(13)||CHR(10)
||'	Drive', 85354.54, 'Citigroup');
INSERT INTO TAD222.CLAIM_PAYMENT(PAYMENT_ID, CLAIM_ID, RECIPIENT_NAME, RECIPIENT_ADDRESS, PAYMENT_AMOUNT, BANK) VALUES
(369787, 965464, 'Ciera Mackenzie', ' 692 First'||CHR(13)||CHR(10)
||'	Street', NULL, 'Citigroup');
INSERT INTO TAD222.CLAIM_PAYMENT(PAYMENT_ID, CLAIM_ID, RECIPIENT_NAME, RECIPIENT_ADDRESS, PAYMENT_AMOUNT, BANK) VALUES
(966319, 740174, 'Delinda Abreu', ' 36 White Second'||CHR(13)||CHR(10)
||'	St.', 96227.26, 'Wells Fargo');
INSERT INTO TAD222.CLAIM_PAYMENT(PAYMENT_ID, CLAIM_ID, RECIPIENT_NAME, RECIPIENT_ADDRESS, PAYMENT_AMOUNT, BANK) VALUES
(636002, 875466, 'Abraham Roche', ' 49 New'||CHR(13)||CHR(10)
||'	Freeway', 9981.31, 'Citigroup');
INSERT INTO TAD222.CLAIM_PAYMENT(PAYMENT_ID, CLAIM_ID, RECIPIENT_NAME, RECIPIENT_ADDRESS, PAYMENT_AMOUNT, BANK) VALUES
(459787, 650174, 'Tena Neil', ' 531 Green New'||CHR(13)||CHR(10)
||'	Way', NULL, 'Wells Fargo');
INSERT INTO TAD222.CLAIM_PAYMENT(PAYMENT_ID, CLAIM_ID, RECIPIENT_NAME, RECIPIENT_ADDRESS, PAYMENT_AMOUNT, BANK) VALUES
(156666, 272693, 'Jeffery Bass', ' 51 First'||CHR(13)||CHR(10)
||'	Road', NULL, 'Chase');
INSERT INTO TAD222.CLAIM_PAYMENT(PAYMENT_ID, CLAIM_ID, RECIPIENT_NAME, RECIPIENT_ADDRESS, PAYMENT_AMOUNT, BANK) VALUES
(246665, 875463, 'America Sadler', ' 59 White Clarendon'||CHR(13)||CHR(10)
||'	Street', 44134.63, 'BofA');
INSERT INTO TAD222.CLAIM_PAYMENT(PAYMENT_ID, CLAIM_ID, RECIPIENT_NAME, RECIPIENT_ADDRESS, PAYMENT_AMOUNT, BANK) VALUES
(246666, 182692, 'Odis Boyer', ' 316 Hague'||CHR(13)||CHR(10)
||'	Parkway', NULL, 'Chase');
INSERT INTO TAD222.CLAIM_PAYMENT(PAYMENT_ID, CLAIM_ID, RECIPIENT_NAME, RECIPIENT_ADDRESS, PAYMENT_AMOUNT, BANK) VALUES
(767706, 450043, 'Meredith Lindquist', ' 13 White Hague'||CHR(13)||CHR(10)
||'	Way', 65338.11, 'Wells Fargo');
INSERT INTO TAD222.CLAIM_PAYMENT(PAYMENT_ID, CLAIM_ID, RECIPIENT_NAME, RECIPIENT_ADDRESS, PAYMENT_AMOUNT, BANK) VALUES
(636000, 623926, 'Moira Hailey', ' 46 North Nobel'||CHR(13)||CHR(10)
||'	Road', 87323.05, 'Wells Fargo');
INSERT INTO TAD222.CLAIM_PAYMENT(PAYMENT_ID, CLAIM_ID, RECIPIENT_NAME, RECIPIENT_ADDRESS, PAYMENT_AMOUNT, BANK) VALUES
(677703, 650171, 'Colette Mcginnis', ' 967 New'||CHR(13)||CHR(10)
||'	Boulevard', 16348.75, 'Citigroup');
INSERT INTO TAD222.CLAIM_PAYMENT(PAYMENT_ID, CLAIM_ID, RECIPIENT_NAME, RECIPIENT_ADDRESS, PAYMENT_AMOUNT, BANK) VALUES
(677706, 740175, 'Cristie Madrigal', ' 62 Green Oak'||CHR(13)||CHR(10)
||'	Way', 18936.69, 'Citigroup');
INSERT INTO TAD222.CLAIM_PAYMENT(PAYMENT_ID, CLAIM_ID, RECIPIENT_NAME, RECIPIENT_ADDRESS, PAYMENT_AMOUNT, BANK) VALUES
(156665, 965461, 'Clementina Kirchner', ' 537 Cowley'||CHR(13)||CHR(10)
||'	Street', NULL, 'BofA');
INSERT INTO TAD222.CLAIM_PAYMENT(PAYMENT_ID, CLAIM_ID, RECIPIENT_NAME, RECIPIENT_ADDRESS, PAYMENT_AMOUNT, BANK) VALUES
(156668, 533929, 'Federico Dolan', ' 800 White First'||CHR(13)||CHR(10)
||'	Boulevard', NULL, 'Wells Fargo');
INSERT INTO TAD222.CLAIM_PAYMENT(PAYMENT_ID, CLAIM_ID, RECIPIENT_NAME, RECIPIENT_ADDRESS, PAYMENT_AMOUNT, BANK) VALUES
(246669, 360043, 'Rafaela Sellers', ' 59 New'||CHR(13)||CHR(10)
||'	St.', NULL, 'Citigroup');
INSERT INTO TAD222.CLAIM_PAYMENT(PAYMENT_ID, CLAIM_ID, RECIPIENT_NAME, RECIPIENT_ADDRESS, PAYMENT_AMOUNT, BANK) VALUES
(767704, 740172, 'Tyron Linder', ' 515 Rocky'||CHR(13)||CHR(10)
||'	Clarendon'||CHR(13)||CHR(10)
||'	Parkway', NULL, 'Citigroup');
INSERT INTO TAD222.CLAIM_PAYMENT(PAYMENT_ID, CLAIM_ID, RECIPIENT_NAME, RECIPIENT_ADDRESS, PAYMENT_AMOUNT, BANK) VALUES
(459785, 740173, 'Rena Thorne', ' 66 Milton'||CHR(13)||CHR(10)
||'	Blvd.', 53942.92, 'Wells Fargo');
INSERT INTO TAD222.CLAIM_PAYMENT(PAYMENT_ID, CLAIM_ID, RECIPIENT_NAME, RECIPIENT_ADDRESS, PAYMENT_AMOUNT, BANK) VALUES
(459786, 450042, 'Anderson Abrams', ' 701 Green New'||CHR(13)||CHR(10)
||'	Avenue', NULL, 'Citigroup');
INSERT INTO TAD222.CLAIM_PAYMENT(PAYMENT_ID, CLAIM_ID, RECIPIENT_NAME, RECIPIENT_ADDRESS, PAYMENT_AMOUNT, BANK) VALUES
(677702, 360039, 'Abraham Plummer', ' 64 White Milton'||CHR(13)||CHR(10)
||'	Boulevard', 91253.55, 'BofA');
INSERT INTO TAD222.CLAIM_PAYMENT(PAYMENT_ID, CLAIM_ID, RECIPIENT_NAME, RECIPIENT_ADDRESS, PAYMENT_AMOUNT, BANK) VALUES
(369782, 450040, 'Eveline Mullen', ' 595 Green Fabien'||CHR(13)||CHR(10)
||'	Road', NULL, 'Wells Fargo');
INSERT INTO TAD222.CLAIM_PAYMENT(PAYMENT_ID, CLAIM_ID, RECIPIENT_NAME, RECIPIENT_ADDRESS, PAYMENT_AMOUNT, BANK) VALUES
(677701, 740171, 'Katheryn Mays', ' 603 White Fabien'||CHR(13)||CHR(10)
||'	Way', 7878.62, 'BofA');
INSERT INTO TAD222.CLAIM_PAYMENT(PAYMENT_ID, CLAIM_ID, RECIPIENT_NAME, RECIPIENT_ADDRESS, PAYMENT_AMOUNT, BANK) VALUES
(767703, 999999, 'Jules Hancock', ' 623 South Oak'||CHR(13)||CHR(10)
||'	Street', NULL, 'Wells Fargo');
INSERT INTO TAD222.CLAIM_PAYMENT(PAYMENT_ID, CLAIM_ID, RECIPIENT_NAME, RECIPIENT_ADDRESS, PAYMENT_AMOUNT, BANK) VALUES
(246667, 965462, 'Brinda Duvall', ' 251 Oak'||CHR(13)||CHR(10)
||'	Way', 24848.55, 'Wells Fargo');
INSERT INTO TAD222.CLAIM_PAYMENT(PAYMENT_ID, CLAIM_ID, RECIPIENT_NAME, RECIPIENT_ADDRESS, PAYMENT_AMOUNT, BANK) VALUES
(636001, 533927, 'Zana Abbott', ' 831 Clarendon'||CHR(13)||CHR(10)
||'	Blvd.', NULL, 'Chase');
INSERT INTO TAD222.CLAIM_PAYMENT(PAYMENT_ID, CLAIM_ID, RECIPIENT_NAME, RECIPIENT_ADDRESS, PAYMENT_AMOUNT, BANK) VALUES
(876320, 650172, 'Abigail Abbott', ' 25 Green Second'||CHR(13)||CHR(10)
||'	Parkway', 23952.92, 'BofA');
INSERT INTO TAD222.CLAIM_PAYMENT(PAYMENT_ID, CLAIM_ID, RECIPIENT_NAME, RECIPIENT_ADDRESS, PAYMENT_AMOUNT, BANK) VALUES
(677704, 533926, 'Daniel Abney', ' 166 New'||CHR(13)||CHR(10)
||'	Freeway', NULL, 'BofA');
INSERT INTO TAD222.CLAIM_PAYMENT(PAYMENT_ID, CLAIM_ID, RECIPIENT_NAME, RECIPIENT_ADDRESS, PAYMENT_AMOUNT, BANK) VALUES
(156669, 450044, 'Agatha Acker', ' 68 Nobel'||CHR(13)||CHR(10)
||'	Boulevard', NULL, 'BofA');
INSERT INTO TAD222.CLAIM_PAYMENT(PAYMENT_ID, CLAIM_ID, RECIPIENT_NAME, RECIPIENT_ADDRESS, PAYMENT_AMOUNT, BANK) VALUES
(999999, 533925, 'Cecelia Abrams', ' 91 West White Cowley'||CHR(13)||CHR(10)
||'	Parkway', NULL, 'BofA');
INSERT INTO TAD222.CLAIM_PAYMENT(PAYMENT_ID, CLAIM_ID, RECIPIENT_NAME, RECIPIENT_ADDRESS, PAYMENT_AMOUNT, BANK) VALUES
(156667, 650173, 'Nancy Pruett', ' 416 Hague'||CHR(13)||CHR(10)
||'	Freeway', NULL, 'BofA');
INSERT INTO TAD222.CLAIM_PAYMENT(PAYMENT_ID, CLAIM_ID, RECIPIENT_NAME, RECIPIENT_ADDRESS, PAYMENT_AMOUNT, BANK) VALUES
(767705, 360042, 'Mose Abernathy', ' 14 East Old'||CHR(13)||CHR(10)
||'	Road', 80244.41, 'Citigroup');
INSERT INTO TAD222.CLAIM_PAYMENT(PAYMENT_ID, CLAIM_ID, RECIPIENT_NAME, RECIPIENT_ADDRESS, PAYMENT_AMOUNT, BANK) VALUES
(369783, 182693, 'Frances Irwin', ' 405 Cowley'||CHR(13)||CHR(10)
||'	Avenue', 20451.77, 'BofA');
INSERT INTO TAD222.CLAIM_PAYMENT(PAYMENT_ID, CLAIM_ID, RECIPIENT_NAME, RECIPIENT_ADDRESS, PAYMENT_AMOUNT, BANK) VALUES
(966318, 875465, 'Talia Andrews', ' 115 Green Cowley'||CHR(13)||CHR(10)
||'	Blvd.', NULL, 'Wells Fargo');
INSERT INTO TAD222.CLAIM_PAYMENT(PAYMENT_ID, CLAIM_ID, RECIPIENT_NAME, RECIPIENT_ADDRESS, PAYMENT_AMOUNT, BANK) VALUES
(459783, 360040, 'Marcia Alonso', ' 62 Clarendon'||CHR(13)||CHR(10)
||'	Way', NULL, 'Citigroup');
INSERT INTO TAD222.CLAIM_PAYMENT(PAYMENT_ID, CLAIM_ID, RECIPIENT_NAME, RECIPIENT_ADDRESS, PAYMENT_AMOUNT, BANK) VALUES
(459782, 272692, 'Amado Burns', ' 89 Hague'||CHR(13)||CHR(10)
||'	Freeway', NULL, 'Citigroup');
INSERT INTO TAD222.CLAIM_PAYMENT(PAYMENT_ID, CLAIM_ID, RECIPIENT_NAME, RECIPIENT_ADDRESS, PAYMENT_AMOUNT, BANK) VALUES
(156663, 623925, 'Alfonso Billups', ' 392 New'||CHR(13)||CHR(10)
||'	Road', NULL, 'BofA');
INSERT INTO TAD222.CLAIM_PAYMENT(PAYMENT_ID, CLAIM_ID, RECIPIENT_NAME, RECIPIENT_ADDRESS, PAYMENT_AMOUNT, BANK) VALUES
(546001, 623928, 'Gregg Custer', ' 837 Green Hague'||CHR(13)||CHR(10)
||'	St.', NULL, 'Wells Fargo');
INSERT INTO TAD222.CLAIM_PAYMENT(PAYMENT_ID, CLAIM_ID, RECIPIENT_NAME, RECIPIENT_ADDRESS, PAYMENT_AMOUNT, BANK) VALUES
(677705, 623930, 'Wan Sandoval', ' 327 Clarendon'||CHR(13)||CHR(10)
||'	Boulevard', NULL, 'Wells Fargo');
INSERT INTO TAD222.CLAIM_PAYMENT(PAYMENT_ID, CLAIM_ID, RECIPIENT_NAME, RECIPIENT_ADDRESS, PAYMENT_AMOUNT, BANK) VALUES
(459784, 623927, 'Lucy Cecil', ' 35 East Rocky'||CHR(13)||CHR(10)
||'	Nobel'||CHR(13)||CHR(10)
||'	Drive', 11343.88, 'Chase');
INSERT INTO TAD222.CLAIM_PAYMENT(PAYMENT_ID, CLAIM_ID, RECIPIENT_NAME, RECIPIENT_ADDRESS, PAYMENT_AMOUNT, BANK) VALUES
(369785, 360041, 'Alonso Keefer', ' 808 Nobel'||CHR(13)||CHR(10)
||'	Way', 11624.36, 'Chase');
INSERT INTO TAD222.CLAIM_PAYMENT(PAYMENT_ID, CLAIM_ID, RECIPIENT_NAME, RECIPIENT_ADDRESS, PAYMENT_AMOUNT, BANK) VALUES
(767702, 875462, 'Adolfo Akin', ' 57 White Second'||CHR(13)||CHR(10)
||'	St.', NULL, 'Chase');
INSERT INTO TAD222.CLAIM_PAYMENT(PAYMENT_ID, CLAIM_ID, RECIPIENT_NAME, RECIPIENT_ADDRESS, PAYMENT_AMOUNT, BANK) VALUES
(876321, 533928, 'Lucas Mobley', ' 179 East White Oak'||CHR(13)||CHR(10)
||'	Street', 72781.76, 'Wells Fargo');
INSERT INTO TAD222.CLAIM_PAYMENT(PAYMENT_ID, CLAIM_ID, RECIPIENT_NAME, RECIPIENT_ADDRESS, PAYMENT_AMOUNT, BANK) VALUES
(369786, 272694, 'Charley Morrissey', ' 211 First'||CHR(13)||CHR(10)
||'	Boulevard', 1742.61, 'BofA');
INSERT INTO TAD222.CLAIM_PAYMENT(PAYMENT_ID, CLAIM_ID, RECIPIENT_NAME, RECIPIENT_ADDRESS, PAYMENT_AMOUNT, BANK) VALUES
(246668, 623929, 'Bee Jewell', ' 32 White Oak'||CHR(13)||CHR(10)
||'	Blvd.', 6545.49, 'Chase');
INSERT INTO TAD222.CLAIM_PAYMENT(PAYMENT_ID, CLAIM_ID, RECIPIENT_NAME, RECIPIENT_ADDRESS, PAYMENT_AMOUNT, BANK) VALUES
(246664, 875461, 'Mona Mcfadden', ' 82 White Oak'||CHR(13)||CHR(10)
||'	Boulevard', NULL, 'Chase');
INSERT INTO TAD222.CLAIM_PAYMENT(PAYMENT_ID, CLAIM_ID, RECIPIENT_NAME, RECIPIENT_ADDRESS, PAYMENT_AMOUNT, BANK) VALUES
(966317, 965460, 'Darrel Branch', ' 31 Hague'||CHR(13)||CHR(10)
||'	St.', 97851.39, 'BofA');
INSERT INTO TAD222.CLAIM_PAYMENT(PAYMENT_ID, CLAIM_ID, RECIPIENT_NAME, RECIPIENT_ADDRESS, PAYMENT_AMOUNT, BANK) VALUES
(156664, 965459, 'Sharla Torrez', ' 953 Clarendon'||CHR(13)||CHR(10)
||'	St.', 92566.46, 'BofA');

--
-- Inserting data into table TAD222.COMMUNICATES
--
INSERT INTO TAD222.COMMUNICATES(AGENT_ID, ADJUSTER_ID) VALUES
(503804, 197927);
INSERT INTO TAD222.COMMUNICATES(AGENT_ID, ADJUSTER_ID) VALUES
(593805, 107925);
INSERT INTO TAD222.COMMUNICATES(AGENT_ID, ADJUSTER_ID) VALUES
(865865, 865866);
INSERT INTO TAD222.COMMUNICATES(AGENT_ID, ADJUSTER_ID) VALUES
(865868, 503805);
INSERT INTO TAD222.COMMUNICATES(AGENT_ID, ADJUSTER_ID) VALUES
(503805, 812721);
INSERT INTO TAD222.COMMUNICATES(AGENT_ID, ADJUSTER_ID) VALUES
(865863, 342818);
INSERT INTO TAD222.COMMUNICATES(AGENT_ID, ADJUSTER_ID) VALUES
(593802, 955862);
INSERT INTO TAD222.COMMUNICATES(AGENT_ID, ADJUSTER_ID) VALUES
(197922, 722722);
INSERT INTO TAD222.COMMUNICATES(AGENT_ID, ADJUSTER_ID) VALUES
(722721, 999999);
INSERT INTO TAD222.COMMUNICATES(AGENT_ID, ADJUSTER_ID) VALUES
(865864, 503801);
INSERT INTO TAD222.COMMUNICATES(AGENT_ID, ADJUSTER_ID) VALUES
(197927, 955866);
INSERT INTO TAD222.COMMUNICATES(AGENT_ID, ADJUSTER_ID) VALUES
(865867, 865864);
INSERT INTO TAD222.COMMUNICATES(AGENT_ID, ADJUSTER_ID) VALUES
(812723, 593806);
INSERT INTO TAD222.COMMUNICATES(AGENT_ID, ADJUSTER_ID) VALUES
(593803, 593801);
INSERT INTO TAD222.COMMUNICATES(AGENT_ID, ADJUSTER_ID) VALUES
(342819, 107926);
INSERT INTO TAD222.COMMUNICATES(AGENT_ID, ADJUSTER_ID) VALUES
(107922, 593803);
INSERT INTO TAD222.COMMUNICATES(AGENT_ID, ADJUSTER_ID) VALUES
(593807, 865868);
INSERT INTO TAD222.COMMUNICATES(AGENT_ID, ADJUSTER_ID) VALUES
(955863, 955864);
INSERT INTO TAD222.COMMUNICATES(AGENT_ID, ADJUSTER_ID) VALUES
(812721, 865863);
INSERT INTO TAD222.COMMUNICATES(AGENT_ID, ADJUSTER_ID) VALUES
(342820, 812723);
INSERT INTO TAD222.COMMUNICATES(AGENT_ID, ADJUSTER_ID) VALUES
(503801, 503802);
INSERT INTO TAD222.COMMUNICATES(AGENT_ID, ADJUSTER_ID) VALUES
(107927, 722721);
INSERT INTO TAD222.COMMUNICATES(AGENT_ID, ADJUSTER_ID) VALUES
(432821, 107927);
INSERT INTO TAD222.COMMUNICATES(AGENT_ID, ADJUSTER_ID) VALUES
(342818, 503806);
INSERT INTO TAD222.COMMUNICATES(AGENT_ID, ADJUSTER_ID) VALUES
(999999, 107923);
INSERT INTO TAD222.COMMUNICATES(AGENT_ID, ADJUSTER_ID) VALUES
(503807, 593807);
INSERT INTO TAD222.COMMUNICATES(AGENT_ID, ADJUSTER_ID) VALUES
(593804, 812722);
INSERT INTO TAD222.COMMUNICATES(AGENT_ID, ADJUSTER_ID) VALUES
(812722, 107924);
INSERT INTO TAD222.COMMUNICATES(AGENT_ID, ADJUSTER_ID) VALUES
(955864, 197923);
INSERT INTO TAD222.COMMUNICATES(AGENT_ID, ADJUSTER_ID) VALUES
(593801, 432819);
INSERT INTO TAD222.COMMUNICATES(AGENT_ID, ADJUSTER_ID) VALUES
(432819, 955863);
INSERT INTO TAD222.COMMUNICATES(AGENT_ID, ADJUSTER_ID) VALUES
(722722, 197925);
INSERT INTO TAD222.COMMUNICATES(AGENT_ID, ADJUSTER_ID) VALUES
(197923, 955865);
INSERT INTO TAD222.COMMUNICATES(AGENT_ID, ADJUSTER_ID) VALUES
(955862, 197922);
INSERT INTO TAD222.COMMUNICATES(AGENT_ID, ADJUSTER_ID) VALUES
(865866, 503804);
INSERT INTO TAD222.COMMUNICATES(AGENT_ID, ADJUSTER_ID) VALUES
(197925, 593802);
INSERT INTO TAD222.COMMUNICATES(AGENT_ID, ADJUSTER_ID) VALUES
(955861, 865865);
INSERT INTO TAD222.COMMUNICATES(AGENT_ID, ADJUSTER_ID) VALUES
(593806, 955861);
INSERT INTO TAD222.COMMUNICATES(AGENT_ID, ADJUSTER_ID) VALUES
(955865, 432821);
INSERT INTO TAD222.COMMUNICATES(AGENT_ID, ADJUSTER_ID) VALUES
(197924, 342819);
INSERT INTO TAD222.COMMUNICATES(AGENT_ID, ADJUSTER_ID) VALUES
(107926, 107922);
INSERT INTO TAD222.COMMUNICATES(AGENT_ID, ADJUSTER_ID) VALUES
(107923, 503803);
INSERT INTO TAD222.COMMUNICATES(AGENT_ID, ADJUSTER_ID) VALUES
(503803, 865867);
INSERT INTO TAD222.COMMUNICATES(AGENT_ID, ADJUSTER_ID) VALUES
(503806, 197924);
INSERT INTO TAD222.COMMUNICATES(AGENT_ID, ADJUSTER_ID) VALUES
(503802, 593804);
INSERT INTO TAD222.COMMUNICATES(AGENT_ID, ADJUSTER_ID) VALUES
(107925, 593805);
INSERT INTO TAD222.COMMUNICATES(AGENT_ID, ADJUSTER_ID) VALUES
(197926, 432820);
INSERT INTO TAD222.COMMUNICATES(AGENT_ID, ADJUSTER_ID) VALUES
(955866, 342820);
INSERT INTO TAD222.COMMUNICATES(AGENT_ID, ADJUSTER_ID) VALUES
(432820, 197926);
INSERT INTO TAD222.COMMUNICATES(AGENT_ID, ADJUSTER_ID) VALUES
(107924, 503807);

--
-- Inserting data into table TAD222.CREDIT
--
INSERT INTO TAD222.CREDIT(PAYMENT_ID, POLICY_ID, TYPE, CARD_NUMBER, CVV, EXPIARY_DATE) VALUES
(435202, 133689, ' Discover ', 3530399911603297, 357, 2008);
INSERT INTO TAD222.CREDIT(PAYMENT_ID, POLICY_ID, TYPE, CARD_NUMBER, CVV, EXPIARY_DATE) VALUES
(598830, 433809, ' Amex ', 376677005901625, 158, 2020);
INSERT INTO TAD222.CREDIT(PAYMENT_ID, POLICY_ID, TYPE, CARD_NUMBER, CVV, EXPIARY_DATE) VALUES
(924814, 343811, ' American ', 345449036728056, 837, 2027);
INSERT INTO TAD222.CREDIT(PAYMENT_ID, POLICY_ID, TYPE, CARD_NUMBER, CVV, EXPIARY_DATE) VALUES
(198311, 433808, ' Amex ', 3529508482478920, 848, 2012);
INSERT INTO TAD222.CREDIT(PAYMENT_ID, POLICY_ID, TYPE, CARD_NUMBER, CVV, EXPIARY_DATE) VALUES
(435201, 818506, ' Discover ', 6390368184750426, 845, 2026);
INSERT INTO TAD222.CREDIT(PAYMENT_ID, POLICY_ID, TYPE, CARD_NUMBER, CVV, EXPIARY_DATE) VALUES
(783352, 433815, ' Discover ', 6392771062628457, 780, 2017);
INSERT INTO TAD222.CREDIT(PAYMENT_ID, POLICY_ID, TYPE, CARD_NUMBER, CVV, EXPIARY_DATE) VALUES
(508834, 433814, ' Amex ', 6267372183886751, 896, 2011);
INSERT INTO TAD222.CREDIT(PAYMENT_ID, POLICY_ID, TYPE, CARD_NUMBER, CVV, EXPIARY_DATE) VALUES
(345202, 343814, ' Discover ', 3585800478465321, 250, 2019);
INSERT INTO TAD222.CREDIT(PAYMENT_ID, POLICY_ID, TYPE, CARD_NUMBER, CVV, EXPIARY_DATE) VALUES
(693351, 625265, ' Discover ', 5294724310093736, 226, 2012);
INSERT INTO TAD222.CREDIT(PAYMENT_ID, POLICY_ID, TYPE, CARD_NUMBER, CVV, EXPIARY_DATE) VALUES
(834817, 818505, 'Visa ', 3575731883919861, 639, 2027);
INSERT INTO TAD222.CREDIT(PAYMENT_ID, POLICY_ID, TYPE, CARD_NUMBER, CVV, EXPIARY_DATE) VALUES
(693346, 625260, ' American ', 4913975481478221, 520, 2006);
INSERT INTO TAD222.CREDIT(PAYMENT_ID, POLICY_ID, TYPE, CARD_NUMBER, CVV, EXPIARY_DATE) VALUES
(435200, 975168, ' Discover ', 3578491949197583, 851, 2006);
INSERT INTO TAD222.CREDIT(PAYMENT_ID, POLICY_ID, TYPE, CARD_NUMBER, CVV, EXPIARY_DATE) VALUES
(924816, 975169, ' Amex ', 38247116438311, 341, 2015);
INSERT INTO TAD222.CREDIT(PAYMENT_ID, POLICY_ID, TYPE, CARD_NUMBER, CVV, EXPIARY_DATE) VALUES
(508830, 728503, ' Discover ', 6228414417629603, 193, 2008);
INSERT INTO TAD222.CREDIT(PAYMENT_ID, POLICY_ID, TYPE, CARD_NUMBER, CVV, EXPIARY_DATE) VALUES
(693347, 818504, 'Visa ', 345595177883561, 193, 2013);
INSERT INTO TAD222.CREDIT(PAYMENT_ID, POLICY_ID, TYPE, CARD_NUMBER, CVV, EXPIARY_DATE) VALUES
(598835, 885172, ' Amex ', 378457667323022, 688, 2020);
INSERT INTO TAD222.CREDIT(PAYMENT_ID, POLICY_ID, TYPE, CARD_NUMBER, CVV, EXPIARY_DATE) VALUES
(598831, 433810, ' Mastercar', 30131237438491, 888, 2012);
INSERT INTO TAD222.CREDIT(PAYMENT_ID, POLICY_ID, TYPE, CARD_NUMBER, CVV, EXPIARY_DATE) VALUES
(693350, 343813, ' American ', 6399643131826086, 939, 2023);
INSERT INTO TAD222.CREDIT(PAYMENT_ID, POLICY_ID, TYPE, CARD_NUMBER, CVV, EXPIARY_DATE) VALUES
(198314, 625264, ' Amex ', 36085050294403, 495, 2023);
INSERT INTO TAD222.CREDIT(PAYMENT_ID, POLICY_ID, TYPE, CARD_NUMBER, CVV, EXPIARY_DATE) VALUES
(198313, 728504, ' Discover ', 6225817366302464, 165, 2010);
INSERT INTO TAD222.CREDIT(PAYMENT_ID, POLICY_ID, TYPE, CARD_NUMBER, CVV, EXPIARY_DATE) VALUES
(783349, 535261, ' Amex ', 5368551882855007, 362, 2009);
INSERT INTO TAD222.CREDIT(PAYMENT_ID, POLICY_ID, TYPE, CARD_NUMBER, CVV, EXPIARY_DATE) VALUES
(598834, 728506, 'Visa ', 4175006813879978, 125, 2026);
INSERT INTO TAD222.CREDIT(PAYMENT_ID, POLICY_ID, TYPE, CARD_NUMBER, CVV, EXPIARY_DATE) VALUES
(345199, 818503, ' Mastercar', 6228965129077134, 641, 2018);
INSERT INTO TAD222.CREDIT(PAYMENT_ID, POLICY_ID, TYPE, CARD_NUMBER, CVV, EXPIARY_DATE) VALUES
(108312, 343810, 'Visa ', 30336240997041, 473, 2013);
INSERT INTO TAD222.CREDIT(PAYMENT_ID, POLICY_ID, TYPE, CARD_NUMBER, CVV, EXPIARY_DATE) VALUES
(783346, 975167, ' American ', 4405520296340680, 437, 2021);
INSERT INTO TAD222.CREDIT(PAYMENT_ID, POLICY_ID, TYPE, CARD_NUMBER, CVV, EXPIARY_DATE) VALUES
(108311, 885170, ' Discover ', 6227103062949553, 715, 2028);
INSERT INTO TAD222.CREDIT(PAYMENT_ID, POLICY_ID, TYPE, CARD_NUMBER, CVV, EXPIARY_DATE) VALUES
(508831, 625261, ' Discover ', 39137843919767, 705, 2024);
INSERT INTO TAD222.CREDIT(PAYMENT_ID, POLICY_ID, TYPE, CARD_NUMBER, CVV, EXPIARY_DATE) VALUES
(508832, 223688, ' Mastercar', 4405953184660838, 998, 2024);
INSERT INTO TAD222.CREDIT(PAYMENT_ID, POLICY_ID, TYPE, CARD_NUMBER, CVV, EXPIARY_DATE) VALUES
(693348, 885171, ' Discover ', 6381240768030445, 302, 2006);
INSERT INTO TAD222.CREDIT(PAYMENT_ID, POLICY_ID, TYPE, CARD_NUMBER, CVV, EXPIARY_DATE) VALUES
(783348, 535260, ' Discover ', 6394494084684360, 304, 2026);
INSERT INTO TAD222.CREDIT(PAYMENT_ID, POLICY_ID, TYPE, CARD_NUMBER, CVV, EXPIARY_DATE) VALUES
(834819, 535264, ' American ', 6390953945830086, 370, 2009);
INSERT INTO TAD222.CREDIT(PAYMENT_ID, POLICY_ID, TYPE, CARD_NUMBER, CVV, EXPIARY_DATE) VALUES
(435198, 728502, ' American ', 6224708775256089, 695, 2008);
INSERT INTO TAD222.CREDIT(PAYMENT_ID, POLICY_ID, TYPE, CARD_NUMBER, CVV, EXPIARY_DATE) VALUES
(924815, 625262, ' Discover ', 3548398574364486, 477, 2009);
INSERT INTO TAD222.CREDIT(PAYMENT_ID, POLICY_ID, TYPE, CARD_NUMBER, CVV, EXPIARY_DATE) VALUES
(783351, 818507, ' American ', 370488208315043, 781, 2006);
INSERT INTO TAD222.CREDIT(PAYMENT_ID, POLICY_ID, TYPE, CARD_NUMBER, CVV, EXPIARY_DATE) VALUES
(598832, 433812, 'Visa ', 5489098317171919, 485, 2015);
INSERT INTO TAD222.CREDIT(PAYMENT_ID, POLICY_ID, TYPE, CARD_NUMBER, CVV, EXPIARY_DATE) VALUES
(693349, 535262, ' Amex ', 6388676309946982, 370, 2019);
INSERT INTO TAD222.CREDIT(PAYMENT_ID, POLICY_ID, TYPE, CARD_NUMBER, CVV, EXPIARY_DATE) VALUES
(783347, 433811, ' Amex ', 344470728175241, 716, 2007);
INSERT INTO TAD222.CREDIT(PAYMENT_ID, POLICY_ID, TYPE, CARD_NUMBER, CVV, EXPIARY_DATE) VALUES
(198312, 343809, 'Visa ', 6370871284741884, 357, 2007);
INSERT INTO TAD222.CREDIT(PAYMENT_ID, POLICY_ID, TYPE, CARD_NUMBER, CVV, EXPIARY_DATE) VALUES
(693345, 343807, ' Amex ', 6226383226040397, 588, 2016);
INSERT INTO TAD222.CREDIT(PAYMENT_ID, POLICY_ID, TYPE, CARD_NUMBER, CVV, EXPIARY_DATE) VALUES
(783350, 343812, ' Discover ', 5404953008386816, 100, 2027);
INSERT INTO TAD222.CREDIT(PAYMENT_ID, POLICY_ID, TYPE, CARD_NUMBER, CVV, EXPIARY_DATE) VALUES
(345201, 535263, 'Visa ', 30388185345454, 384, 2008);
INSERT INTO TAD222.CREDIT(PAYMENT_ID, POLICY_ID, TYPE, CARD_NUMBER, CVV, EXPIARY_DATE) VALUES
(345200, 728505, 'Visa ', 6223610815938901, 213, 2011);
INSERT INTO TAD222.CREDIT(PAYMENT_ID, POLICY_ID, TYPE, CARD_NUMBER, CVV, EXPIARY_DATE) VALUES
(598833, 625263, 'Visa ', 4917232539196280, 281, 2026);
INSERT INTO TAD222.CREDIT(PAYMENT_ID, POLICY_ID, TYPE, CARD_NUMBER, CVV, EXPIARY_DATE) VALUES
(345198, 535259, ' Discover ', 4917879143215821, 415, 2026);
INSERT INTO TAD222.CREDIT(PAYMENT_ID, POLICY_ID, TYPE, CARD_NUMBER, CVV, EXPIARY_DATE) VALUES
(834818, 433813, ' American ', 3583684839011350, 219, 2027);
INSERT INTO TAD222.CREDIT(PAYMENT_ID, POLICY_ID, TYPE, CARD_NUMBER, CVV, EXPIARY_DATE) VALUES
(108313, 223689, ' American ', 5223689732958160, 279, 2018);
INSERT INTO TAD222.CREDIT(PAYMENT_ID, POLICY_ID, TYPE, CARD_NUMBER, CVV, EXPIARY_DATE) VALUES
(508833, 133688, 'Visa ', 6232471914719232, 341, 2019);
INSERT INTO TAD222.CREDIT(PAYMENT_ID, POLICY_ID, TYPE, CARD_NUMBER, CVV, EXPIARY_DATE) VALUES
(345197, 625259, ' American ', 6227870708215520, 575, 2007);
INSERT INTO TAD222.CREDIT(PAYMENT_ID, POLICY_ID, TYPE, CARD_NUMBER, CVV, EXPIARY_DATE) VALUES
(435199, 343808, 'Visa ', 343272493278353, 269, 2007);
INSERT INTO TAD222.CREDIT(PAYMENT_ID, POLICY_ID, TYPE, CARD_NUMBER, CVV, EXPIARY_DATE) VALUES
(999999, 999999, 'Visa ', 4844193655425705, 366, 2012);

--
-- Inserting data into table TAD222.CUSTOMER_AGENT
--
INSERT INTO TAD222.CUSTOMER_AGENT(CUSTOMER_ID, AGENT_ID) VALUES
(879631, 503804);
INSERT INTO TAD222.CUSTOMER_AGENT(CUSTOMER_ID, AGENT_ID) VALUES
(201990, 593805);
INSERT INTO TAD222.CUSTOMER_AGENT(CUSTOMER_ID, AGENT_ID) VALUES
(111992, 865865);
INSERT INTO TAD222.CUSTOMER_AGENT(CUSTOMER_ID, AGENT_ID) VALUES
(201989, 865868);
INSERT INTO TAD222.CUSTOMER_AGENT(CUSTOMER_ID, AGENT_ID) VALUES
(111993, 503805);
INSERT INTO TAD222.CUSTOMER_AGENT(CUSTOMER_ID, AGENT_ID) VALUES
(809033, 865863);
INSERT INTO TAD222.CUSTOMER_AGENT(CUSTOMER_ID, AGENT_ID) VALUES
(332909, 593802);
INSERT INTO TAD222.CUSTOMER_AGENT(CUSTOMER_ID, AGENT_ID) VALUES
(422910, 197922);
INSERT INTO TAD222.CUSTOMER_AGENT(CUSTOMER_ID, AGENT_ID) VALUES
(472610, 722721);
INSERT INTO TAD222.CUSTOMER_AGENT(CUSTOMER_ID, AGENT_ID) VALUES
(562607, 865864);
INSERT INTO TAD222.CUSTOMER_AGENT(CUSTOMER_ID, AGENT_ID) VALUES
(472606, 197927);
INSERT INTO TAD222.CUSTOMER_AGENT(CUSTOMER_ID, AGENT_ID) VALUES
(422906, 865867);
INSERT INTO TAD222.CUSTOMER_AGENT(CUSTOMER_ID, AGENT_ID) VALUES
(562610, 812723);
INSERT INTO TAD222.CUSTOMER_AGENT(CUSTOMER_ID, AGENT_ID) VALUES
(111991, 593803);
INSERT INTO TAD222.CUSTOMER_AGENT(CUSTOMER_ID, AGENT_ID) VALUES
(879629, 342819);
INSERT INTO TAD222.CUSTOMER_AGENT(CUSTOMER_ID, AGENT_ID) VALUES
(969629, 107922);
INSERT INTO TAD222.CUSTOMER_AGENT(CUSTOMER_ID, AGENT_ID) VALUES
(969626, 593807);
INSERT INTO TAD222.CUSTOMER_AGENT(CUSTOMER_ID, AGENT_ID) VALUES
(332908, 955863);
INSERT INTO TAD222.CUSTOMER_AGENT(CUSTOMER_ID, AGENT_ID) VALUES
(111995, 812721);
INSERT INTO TAD222.CUSTOMER_AGENT(CUSTOMER_ID, AGENT_ID) VALUES
(332906, 342820);
INSERT INTO TAD222.CUSTOMER_AGENT(CUSTOMER_ID, AGENT_ID) VALUES
(422907, 503801);
INSERT INTO TAD222.CUSTOMER_AGENT(CUSTOMER_ID, AGENT_ID) VALUES
(111994, 107927);
INSERT INTO TAD222.CUSTOMER_AGENT(CUSTOMER_ID, AGENT_ID) VALUES
(111990, 432821);
INSERT INTO TAD222.CUSTOMER_AGENT(CUSTOMER_ID, AGENT_ID) VALUES
(201992, 342818);
INSERT INTO TAD222.CUSTOMER_AGENT(CUSTOMER_ID, AGENT_ID) VALUES
(111989, 999999);
INSERT INTO TAD222.CUSTOMER_AGENT(CUSTOMER_ID, AGENT_ID) VALUES
(422905, 503807);
INSERT INTO TAD222.CUSTOMER_AGENT(CUSTOMER_ID, AGENT_ID) VALUES
(201993, 593804);
INSERT INTO TAD222.CUSTOMER_AGENT(CUSTOMER_ID, AGENT_ID) VALUES
(809032, 812722);
INSERT INTO TAD222.CUSTOMER_AGENT(CUSTOMER_ID, AGENT_ID) VALUES
(472607, 955864);
INSERT INTO TAD222.CUSTOMER_AGENT(CUSTOMER_ID, AGENT_ID) VALUES
(969627, 593801);
INSERT INTO TAD222.CUSTOMER_AGENT(CUSTOMER_ID, AGENT_ID) VALUES
(719032, 432819);
INSERT INTO TAD222.CUSTOMER_AGENT(CUSTOMER_ID, AGENT_ID) VALUES
(999999, 722722);
INSERT INTO TAD222.CUSTOMER_AGENT(CUSTOMER_ID, AGENT_ID) VALUES
(332907, 197923);
INSERT INTO TAD222.CUSTOMER_AGENT(CUSTOMER_ID, AGENT_ID) VALUES
(201995, 955862);
INSERT INTO TAD222.CUSTOMER_AGENT(CUSTOMER_ID, AGENT_ID) VALUES
(879630, 865866);
INSERT INTO TAD222.CUSTOMER_AGENT(CUSTOMER_ID, AGENT_ID) VALUES
(562608, 197925);
INSERT INTO TAD222.CUSTOMER_AGENT(CUSTOMER_ID, AGENT_ID) VALUES
(332905, 955861);
INSERT INTO TAD222.CUSTOMER_AGENT(CUSTOMER_ID, AGENT_ID) VALUES
(201991, 593806);
INSERT INTO TAD222.CUSTOMER_AGENT(CUSTOMER_ID, AGENT_ID) VALUES
(332904, 955865);
INSERT INTO TAD222.CUSTOMER_AGENT(CUSTOMER_ID, AGENT_ID) VALUES
(472608, 197924);
INSERT INTO TAD222.CUSTOMER_AGENT(CUSTOMER_ID, AGENT_ID) VALUES
(472609, 107926);
INSERT INTO TAD222.CUSTOMER_AGENT(CUSTOMER_ID, AGENT_ID) VALUES
(969628, 107923);
INSERT INTO TAD222.CUSTOMER_AGENT(CUSTOMER_ID, AGENT_ID) VALUES
(201994, 503803);
INSERT INTO TAD222.CUSTOMER_AGENT(CUSTOMER_ID, AGENT_ID) VALUES
(562606, 503806);
INSERT INTO TAD222.CUSTOMER_AGENT(CUSTOMER_ID, AGENT_ID) VALUES
(422908, 503802);
INSERT INTO TAD222.CUSTOMER_AGENT(CUSTOMER_ID, AGENT_ID) VALUES
(422909, 107925);
INSERT INTO TAD222.CUSTOMER_AGENT(CUSTOMER_ID, AGENT_ID) VALUES
(562609, 197926);
INSERT INTO TAD222.CUSTOMER_AGENT(CUSTOMER_ID, AGENT_ID) VALUES
(809031, 955866);
INSERT INTO TAD222.CUSTOMER_AGENT(CUSTOMER_ID, AGENT_ID) VALUES
(719031, 432820);
INSERT INTO TAD222.CUSTOMER_AGENT(CUSTOMER_ID, AGENT_ID) VALUES
(472605, 107924);

--
-- Inserting data into table TAD222.CUSTOMER_POLICY
--
INSERT INTO TAD222.CUSTOMER_POLICY(CUSTOMER_ID, POLICY_ID) VALUES
(879631, 133689);
INSERT INTO TAD222.CUSTOMER_POLICY(CUSTOMER_ID, POLICY_ID) VALUES
(201990, 433809);
INSERT INTO TAD222.CUSTOMER_POLICY(CUSTOMER_ID, POLICY_ID) VALUES
(111992, 343811);
INSERT INTO TAD222.CUSTOMER_POLICY(CUSTOMER_ID, POLICY_ID) VALUES
(201989, 433808);
INSERT INTO TAD222.CUSTOMER_POLICY(CUSTOMER_ID, POLICY_ID) VALUES
(111993, 818506);
INSERT INTO TAD222.CUSTOMER_POLICY(CUSTOMER_ID, POLICY_ID) VALUES
(809033, 433815);
INSERT INTO TAD222.CUSTOMER_POLICY(CUSTOMER_ID, POLICY_ID) VALUES
(332909, 433814);
INSERT INTO TAD222.CUSTOMER_POLICY(CUSTOMER_ID, POLICY_ID) VALUES
(422910, 343814);
INSERT INTO TAD222.CUSTOMER_POLICY(CUSTOMER_ID, POLICY_ID) VALUES
(472610, 625265);
INSERT INTO TAD222.CUSTOMER_POLICY(CUSTOMER_ID, POLICY_ID) VALUES
(562607, 818505);
INSERT INTO TAD222.CUSTOMER_POLICY(CUSTOMER_ID, POLICY_ID) VALUES
(472606, 625260);
INSERT INTO TAD222.CUSTOMER_POLICY(CUSTOMER_ID, POLICY_ID) VALUES
(422906, 975168);
INSERT INTO TAD222.CUSTOMER_POLICY(CUSTOMER_ID, POLICY_ID) VALUES
(562610, 975169);
INSERT INTO TAD222.CUSTOMER_POLICY(CUSTOMER_ID, POLICY_ID) VALUES
(111991, 728503);
INSERT INTO TAD222.CUSTOMER_POLICY(CUSTOMER_ID, POLICY_ID) VALUES
(879629, 818504);
INSERT INTO TAD222.CUSTOMER_POLICY(CUSTOMER_ID, POLICY_ID) VALUES
(969629, 885172);
INSERT INTO TAD222.CUSTOMER_POLICY(CUSTOMER_ID, POLICY_ID) VALUES
(969626, 433810);
INSERT INTO TAD222.CUSTOMER_POLICY(CUSTOMER_ID, POLICY_ID) VALUES
(332908, 343813);
INSERT INTO TAD222.CUSTOMER_POLICY(CUSTOMER_ID, POLICY_ID) VALUES
(111995, 625264);
INSERT INTO TAD222.CUSTOMER_POLICY(CUSTOMER_ID, POLICY_ID) VALUES
(332906, 728504);
INSERT INTO TAD222.CUSTOMER_POLICY(CUSTOMER_ID, POLICY_ID) VALUES
(422907, 535261);
INSERT INTO TAD222.CUSTOMER_POLICY(CUSTOMER_ID, POLICY_ID) VALUES
(111994, 728506);
INSERT INTO TAD222.CUSTOMER_POLICY(CUSTOMER_ID, POLICY_ID) VALUES
(111990, 818503);
INSERT INTO TAD222.CUSTOMER_POLICY(CUSTOMER_ID, POLICY_ID) VALUES
(201992, 343810);
INSERT INTO TAD222.CUSTOMER_POLICY(CUSTOMER_ID, POLICY_ID) VALUES
(111989, 975167);
INSERT INTO TAD222.CUSTOMER_POLICY(CUSTOMER_ID, POLICY_ID) VALUES
(422905, 885170);
INSERT INTO TAD222.CUSTOMER_POLICY(CUSTOMER_ID, POLICY_ID) VALUES
(201993, 625261);
INSERT INTO TAD222.CUSTOMER_POLICY(CUSTOMER_ID, POLICY_ID) VALUES
(809032, 223688);
INSERT INTO TAD222.CUSTOMER_POLICY(CUSTOMER_ID, POLICY_ID) VALUES
(472607, 885171);
INSERT INTO TAD222.CUSTOMER_POLICY(CUSTOMER_ID, POLICY_ID) VALUES
(969627, 535260);
INSERT INTO TAD222.CUSTOMER_POLICY(CUSTOMER_ID, POLICY_ID) VALUES
(719032, 535264);
INSERT INTO TAD222.CUSTOMER_POLICY(CUSTOMER_ID, POLICY_ID) VALUES
(999999, 728502);
INSERT INTO TAD222.CUSTOMER_POLICY(CUSTOMER_ID, POLICY_ID) VALUES
(332907, 625262);
INSERT INTO TAD222.CUSTOMER_POLICY(CUSTOMER_ID, POLICY_ID) VALUES
(201995, 818507);
INSERT INTO TAD222.CUSTOMER_POLICY(CUSTOMER_ID, POLICY_ID) VALUES
(879630, 433812);
INSERT INTO TAD222.CUSTOMER_POLICY(CUSTOMER_ID, POLICY_ID) VALUES
(562608, 535262);
INSERT INTO TAD222.CUSTOMER_POLICY(CUSTOMER_ID, POLICY_ID) VALUES
(332905, 433811);
INSERT INTO TAD222.CUSTOMER_POLICY(CUSTOMER_ID, POLICY_ID) VALUES
(201991, 343809);
INSERT INTO TAD222.CUSTOMER_POLICY(CUSTOMER_ID, POLICY_ID) VALUES
(332904, 343807);
INSERT INTO TAD222.CUSTOMER_POLICY(CUSTOMER_ID, POLICY_ID) VALUES
(472608, 343812);
INSERT INTO TAD222.CUSTOMER_POLICY(CUSTOMER_ID, POLICY_ID) VALUES
(472609, 535263);
INSERT INTO TAD222.CUSTOMER_POLICY(CUSTOMER_ID, POLICY_ID) VALUES
(969628, 728505);
INSERT INTO TAD222.CUSTOMER_POLICY(CUSTOMER_ID, POLICY_ID) VALUES
(201994, 625263);
INSERT INTO TAD222.CUSTOMER_POLICY(CUSTOMER_ID, POLICY_ID) VALUES
(562606, 535259);
INSERT INTO TAD222.CUSTOMER_POLICY(CUSTOMER_ID, POLICY_ID) VALUES
(422908, 433813);
INSERT INTO TAD222.CUSTOMER_POLICY(CUSTOMER_ID, POLICY_ID) VALUES
(422909, 223689);
INSERT INTO TAD222.CUSTOMER_POLICY(CUSTOMER_ID, POLICY_ID) VALUES
(562609, 133688);
INSERT INTO TAD222.CUSTOMER_POLICY(CUSTOMER_ID, POLICY_ID) VALUES
(809031, 625259);
INSERT INTO TAD222.CUSTOMER_POLICY(CUSTOMER_ID, POLICY_ID) VALUES
(719031, 343808);
INSERT INTO TAD222.CUSTOMER_POLICY(CUSTOMER_ID, POLICY_ID) VALUES
(472605, 999999);

--
-- Inserting data into table TAD222.DEBIT
--
INSERT INTO TAD222.DEBIT(PAYMENT_ID, POLICY_ID, TYPE, CARD_NUMBER, CVV, EXPIARY_DATE) VALUES
(746568, 133689, ' American ', 6382119216098841, 788, 2023);
INSERT INTO TAD222.DEBIT(PAYMENT_ID, POLICY_ID, TYPE, CARD_NUMBER, CVV, EXPIARY_DATE) VALUES
(302175, 433809, ' Amex ', 340520698730203, 927, 2012);
INSERT INTO TAD222.DEBIT(PAYMENT_ID, POLICY_ID, TYPE, CARD_NUMBER, CVV, EXPIARY_DATE) VALUES
(968879, 343811, ' American ', 4175003585109296, 427, 2022);
INSERT INTO TAD222.DEBIT(PAYMENT_ID, POLICY_ID, TYPE, CARD_NUMBER, CVV, EXPIARY_DATE) VALUES
(999999, 433808, ' Mastercar', 6381035033553191, 827, 2024);
INSERT INTO TAD222.DEBIT(PAYMENT_ID, POLICY_ID, TYPE, CARD_NUMBER, CVV, EXPIARY_DATE) VALUES
(562218, 818506, ' Mastercar', 5296527056486735, 781, 2011);
INSERT INTO TAD222.DEBIT(PAYMENT_ID, POLICY_ID, TYPE, CARD_NUMBER, CVV, EXPIARY_DATE) VALUES
(472219, 433815, 'Visa ', 5293986154343250, 373, 2020);
INSERT INTO TAD222.DEBIT(PAYMENT_ID, POLICY_ID, TYPE, CARD_NUMBER, CVV, EXPIARY_DATE) VALUES
(656567, 433814, ' American ', 5501995082483292, 942, 2022);
INSERT INTO TAD222.DEBIT(PAYMENT_ID, POLICY_ID, TYPE, CARD_NUMBER, CVV, EXPIARY_DATE) VALUES
(265963, 343814, 'Visa ', 4175003816458694, 511, 2013);
INSERT INTO TAD222.DEBIT(PAYMENT_ID, POLICY_ID, TYPE, CARD_NUMBER, CVV, EXPIARY_DATE) VALUES
(968883, 625265, ' Mastercar', 30313598550706, 666, 2019);
INSERT INTO TAD222.DEBIT(PAYMENT_ID, POLICY_ID, TYPE, CARD_NUMBER, CVV, EXPIARY_DATE) VALUES
(746564, 818505, ' Discover ', 3533450177842926, 584, 2024);
INSERT INTO TAD222.DEBIT(PAYMENT_ID, POLICY_ID, TYPE, CARD_NUMBER, CVV, EXPIARY_DATE) VALUES
(392176, 625260, ' Discover ', 4026265589060194, 707, 2025);
INSERT INTO TAD222.DEBIT(PAYMENT_ID, POLICY_ID, TYPE, CARD_NUMBER, CVV, EXPIARY_DATE) VALUES
(746563, 975168, ' Amex ', 6221491321299928, 936, 2018);
INSERT INTO TAD222.DEBIT(PAYMENT_ID, POLICY_ID, TYPE, CARD_NUMBER, CVV, EXPIARY_DATE) VALUES
(656566, 975169, ' American ', 370505951275304, 685, 2009);
INSERT INTO TAD222.DEBIT(PAYMENT_ID, POLICY_ID, TYPE, CARD_NUMBER, CVV, EXPIARY_DATE) VALUES
(656562, 728503, ' Mastercar', 3553382393738072, 205, 2010);
INSERT INTO TAD222.DEBIT(PAYMENT_ID, POLICY_ID, TYPE, CARD_NUMBER, CVV, EXPIARY_DATE) VALUES
(878882, 818504, ' American ', 5312884527124696, 232, 2019);
INSERT INTO TAD222.DEBIT(PAYMENT_ID, POLICY_ID, TYPE, CARD_NUMBER, CVV, EXPIARY_DATE) VALUES
(878886, 885172, ' Mastercar', 372203395959398, 395, 2013);
INSERT INTO TAD222.DEBIT(PAYMENT_ID, POLICY_ID, TYPE, CARD_NUMBER, CVV, EXPIARY_DATE) VALUES
(878881, 433810, ' Mastercar', 30084966405233, 152, 2013);
INSERT INTO TAD222.DEBIT(PAYMENT_ID, POLICY_ID, TYPE, CARD_NUMBER, CVV, EXPIARY_DATE) VALUES
(175962, 343813, ' Mastercar', 4844871640950602, 219, 2008);
INSERT INTO TAD222.DEBIT(PAYMENT_ID, POLICY_ID, TYPE, CARD_NUMBER, CVV, EXPIARY_DATE) VALUES
(746567, 625264, ' Discover ', 4175002176939079, 685, 2013);
INSERT INTO TAD222.DEBIT(PAYMENT_ID, POLICY_ID, TYPE, CARD_NUMBER, CVV, EXPIARY_DATE) VALUES
(656563, 728504, ' Discover ', 3558412683938127, 561, 2010);
INSERT INTO TAD222.DEBIT(PAYMENT_ID, POLICY_ID, TYPE, CARD_NUMBER, CVV, EXPIARY_DATE) VALUES
(656564, 535261, ' Amex ', 5445136702756556, 580, 2029);
INSERT INTO TAD222.DEBIT(PAYMENT_ID, POLICY_ID, TYPE, CARD_NUMBER, CVV, EXPIARY_DATE) VALUES
(878884, 728506, 'Visa ', 6223439820739066, 624, 2017);
INSERT INTO TAD222.DEBIT(PAYMENT_ID, POLICY_ID, TYPE, CARD_NUMBER, CVV, EXPIARY_DATE) VALUES
(968878, 818503, ' American ', 345399271123002, 562, 2024);
INSERT INTO TAD222.DEBIT(PAYMENT_ID, POLICY_ID, TYPE, CARD_NUMBER, CVV, EXPIARY_DATE) VALUES
(472216, 343810, ' Mastercar', 6393729863839920, 856, 2007);
INSERT INTO TAD222.DEBIT(PAYMENT_ID, POLICY_ID, TYPE, CARD_NUMBER, CVV, EXPIARY_DATE) VALUES
(746561, 975167, 'Visa ', 3554617025523874, 451, 2008);
INSERT INTO TAD222.DEBIT(PAYMENT_ID, POLICY_ID, TYPE, CARD_NUMBER, CVV, EXPIARY_DATE) VALUES
(746562, 885170, 'Visa ', 3547489006080914, 184, 2016);
INSERT INTO TAD222.DEBIT(PAYMENT_ID, POLICY_ID, TYPE, CARD_NUMBER, CVV, EXPIARY_DATE) VALUES
(392177, 625261, ' American ', 6276798683621109, 845, 2009);
INSERT INTO TAD222.DEBIT(PAYMENT_ID, POLICY_ID, TYPE, CARD_NUMBER, CVV, EXPIARY_DATE) VALUES
(746565, 223688, ' American ', 342557721553986, 902, 2007);
INSERT INTO TAD222.DEBIT(PAYMENT_ID, POLICY_ID, TYPE, CARD_NUMBER, CVV, EXPIARY_DATE) VALUES
(562217, 885171, ' Mastercar', 30249411258442, 395, 2023);
INSERT INTO TAD222.DEBIT(PAYMENT_ID, POLICY_ID, TYPE, CARD_NUMBER, CVV, EXPIARY_DATE) VALUES
(175961, 535260, 'Visa ', 36858445160350, 934, 2016);
INSERT INTO TAD222.DEBIT(PAYMENT_ID, POLICY_ID, TYPE, CARD_NUMBER, CVV, EXPIARY_DATE) VALUES
(562219, 535264, 'Visa ', 5263172682278906, 178, 2006);
INSERT INTO TAD222.DEBIT(PAYMENT_ID, POLICY_ID, TYPE, CARD_NUMBER, CVV, EXPIARY_DATE) VALUES
(265961, 728502, ' Discover ', 30488860755348, 313, 2027);
INSERT INTO TAD222.DEBIT(PAYMENT_ID, POLICY_ID, TYPE, CARD_NUMBER, CVV, EXPIARY_DATE) VALUES
(656565, 625262, ' American ', 4508788057269127, 430, 2025);
INSERT INTO TAD222.DEBIT(PAYMENT_ID, POLICY_ID, TYPE, CARD_NUMBER, CVV, EXPIARY_DATE) VALUES
(968882, 818507, ' Discover ', 3570565574418501, 901, 2011);
INSERT INTO TAD222.DEBIT(PAYMENT_ID, POLICY_ID, TYPE, CARD_NUMBER, CVV, EXPIARY_DATE) VALUES
(472217, 433812, ' Discover ', 4175009378611380, 586, 2008);
INSERT INTO TAD222.DEBIT(PAYMENT_ID, POLICY_ID, TYPE, CARD_NUMBER, CVV, EXPIARY_DATE) VALUES
(878883, 535262, ' Mastercar', 3546936486780018, 893, 2017);
INSERT INTO TAD222.DEBIT(PAYMENT_ID, POLICY_ID, TYPE, CARD_NUMBER, CVV, EXPIARY_DATE) VALUES
(302176, 433811, ' Amex ', 30554837914019, 733, 2023);
INSERT INTO TAD222.DEBIT(PAYMENT_ID, POLICY_ID, TYPE, CARD_NUMBER, CVV, EXPIARY_DATE) VALUES
(562216, 343809, ' Amex ', 3572567310137898, 836, 2025);
INSERT INTO TAD222.DEBIT(PAYMENT_ID, POLICY_ID, TYPE, CARD_NUMBER, CVV, EXPIARY_DATE) VALUES
(302173, 343807, ' Discover ', 3556180785554223, 766, 2007);
INSERT INTO TAD222.DEBIT(PAYMENT_ID, POLICY_ID, TYPE, CARD_NUMBER, CVV, EXPIARY_DATE) VALUES
(746566, 343812, ' Mastercar', 378857756224413, 524, 2014);
INSERT INTO TAD222.DEBIT(PAYMENT_ID, POLICY_ID, TYPE, CARD_NUMBER, CVV, EXPIARY_DATE) VALUES
(472218, 535263, ' Discover ', 5269431349537847, 563, 2006);
INSERT INTO TAD222.DEBIT(PAYMENT_ID, POLICY_ID, TYPE, CARD_NUMBER, CVV, EXPIARY_DATE) VALUES
(968880, 728505, ' Amex ', 3546554582703857, 860, 2013);
INSERT INTO TAD222.DEBIT(PAYMENT_ID, POLICY_ID, TYPE, CARD_NUMBER, CVV, EXPIARY_DATE) VALUES
(968881, 625263, ' Mastercar', 6226134532724160, 725, 2008);
INSERT INTO TAD222.DEBIT(PAYMENT_ID, POLICY_ID, TYPE, CARD_NUMBER, CVV, EXPIARY_DATE) VALUES
(656561, 535259, ' Amex ', 5203220186349062, 370, 2023);
INSERT INTO TAD222.DEBIT(PAYMENT_ID, POLICY_ID, TYPE, CARD_NUMBER, CVV, EXPIARY_DATE) VALUES
(265962, 433813, ' Discover ', 6390638661276917, 824, 2007);
INSERT INTO TAD222.DEBIT(PAYMENT_ID, POLICY_ID, TYPE, CARD_NUMBER, CVV, EXPIARY_DATE) VALUES
(878885, 223689, ' Discover ', 3538453925729218, 687, 2019);
INSERT INTO TAD222.DEBIT(PAYMENT_ID, POLICY_ID, TYPE, CARD_NUMBER, CVV, EXPIARY_DATE) VALUES
(302177, 133688, 'Visa ', 6221901346289068, 738, 2009);
INSERT INTO TAD222.DEBIT(PAYMENT_ID, POLICY_ID, TYPE, CARD_NUMBER, CVV, EXPIARY_DATE) VALUES
(392174, 625259, ' Amex ', 4026713185116001, 340, 2029);
INSERT INTO TAD222.DEBIT(PAYMENT_ID, POLICY_ID, TYPE, CARD_NUMBER, CVV, EXPIARY_DATE) VALUES
(392175, 343808, ' Mastercar', 6227744486144949, 863, 2007);
INSERT INTO TAD222.DEBIT(PAYMENT_ID, POLICY_ID, TYPE, CARD_NUMBER, CVV, EXPIARY_DATE) VALUES
(302174, 999999, ' Amex ', 6371307980115312, 425, 2012);

--
-- Inserting data into table TAD222.HEALTH_INSURANCE
--
INSERT INTO TAD222.HEALTH_INSURANCE(POLICY_ID, PLAN_CATEGORY, OUT_OF_POCKET_MAXIMUM, TOBACCO_USE, AGE, PRE_EXISTING_CONDITIONS, NUMBER_OF_DEPENDANTS) VALUES
(975167, ' PP', 4871.34, 'No', '07/16/2018 00:00:01', 'Yes', 0);
INSERT INTO TAD222.HEALTH_INSURANCE(POLICY_ID, PLAN_CATEGORY, OUT_OF_POCKET_MAXIMUM, TOBACCO_USE, AGE, PRE_EXISTING_CONDITIONS, NUMBER_OF_DEPENDANTS) VALUES
(223689, ' EP', 3191.25, 'No', '03/05/1970 00:00:01', 'No', 1);
INSERT INTO TAD222.HEALTH_INSURANCE(POLICY_ID, PLAN_CATEGORY, OUT_OF_POCKET_MAXIMUM, TOBACCO_USE, AGE, PRE_EXISTING_CONDITIONS, NUMBER_OF_DEPENDANTS) VALUES
(535261, 'HMO', 1451.16, 'No', '07/01/1985 00:00:01', 'No', 2);
INSERT INTO TAD222.HEALTH_INSURANCE(POLICY_ID, PLAN_CATEGORY, OUT_OF_POCKET_MAXIMUM, TOBACCO_USE, AGE, PRE_EXISTING_CONDITIONS, NUMBER_OF_DEPENDANTS) VALUES
(433815, ' PP', 3677.17, 'No', '05/27/1980 00:00:01', 'Yes', 3);
INSERT INTO TAD222.HEALTH_INSURANCE(POLICY_ID, PLAN_CATEGORY, OUT_OF_POCKET_MAXIMUM, TOBACCO_USE, AGE, PRE_EXISTING_CONDITIONS, NUMBER_OF_DEPENDANTS) VALUES
(343814, ' PO', 4606.57, 'Yes', '09/25/1978 00:00:01', 'No', 1);
INSERT INTO TAD222.HEALTH_INSURANCE(POLICY_ID, PLAN_CATEGORY, OUT_OF_POCKET_MAXIMUM, TOBACCO_USE, AGE, PRE_EXISTING_CONDITIONS, NUMBER_OF_DEPENDANTS) VALUES
(343810, ' PP', 3753.26, 'Yes', '02/18/2007 00:00:01', 'No', 7);
INSERT INTO TAD222.HEALTH_INSURANCE(POLICY_ID, PLAN_CATEGORY, OUT_OF_POCKET_MAXIMUM, TOBACCO_USE, AGE, PRE_EXISTING_CONDITIONS, NUMBER_OF_DEPENDANTS) VALUES
(625265, ' PO', 4185.62, 'No', '02/21/1976 00:00:01', 'Yes', 4);
INSERT INTO TAD222.HEALTH_INSURANCE(POLICY_ID, PLAN_CATEGORY, OUT_OF_POCKET_MAXIMUM, TOBACCO_USE, AGE, PRE_EXISTING_CONDITIONS, NUMBER_OF_DEPENDANTS) VALUES
(535260, ' PP', 1700.88, 'No', '01/17/2010 00:00:01', 'Yes', 9);
INSERT INTO TAD222.HEALTH_INSURANCE(POLICY_ID, PLAN_CATEGORY, OUT_OF_POCKET_MAXIMUM, TOBACCO_USE, AGE, PRE_EXISTING_CONDITIONS, NUMBER_OF_DEPENDANTS) VALUES
(625261, ' PO', 3173.08, 'No', '06/30/1971 00:00:01', 'No', 7);
INSERT INTO TAD222.HEALTH_INSURANCE(POLICY_ID, PLAN_CATEGORY, OUT_OF_POCKET_MAXIMUM, TOBACCO_USE, AGE, PRE_EXISTING_CONDITIONS, NUMBER_OF_DEPENDANTS) VALUES
(885170, 'HMO', 4242.53, 'No', '05/03/2005 00:00:01', 'No', 4);
INSERT INTO TAD222.HEALTH_INSURANCE(POLICY_ID, PLAN_CATEGORY, OUT_OF_POCKET_MAXIMUM, TOBACCO_USE, AGE, PRE_EXISTING_CONDITIONS, NUMBER_OF_DEPENDANTS) VALUES
(728502, ' PP', 3977.38, 'No', '02/24/1978 00:00:01', 'No', 2);
INSERT INTO TAD222.HEALTH_INSURANCE(POLICY_ID, PLAN_CATEGORY, OUT_OF_POCKET_MAXIMUM, TOBACCO_USE, AGE, PRE_EXISTING_CONDITIONS, NUMBER_OF_DEPENDANTS) VALUES
(885172, ' EP', 3140.3, 'No', '12/10/2005 00:00:01', 'Yes', 6);
INSERT INTO TAD222.HEALTH_INSURANCE(POLICY_ID, PLAN_CATEGORY, OUT_OF_POCKET_MAXIMUM, TOBACCO_USE, AGE, PRE_EXISTING_CONDITIONS, NUMBER_OF_DEPENDANTS) VALUES
(343807, ' HD', 1109.19, 'Yes', '03/04/1970 00:00:01', 'Yes', 2);
INSERT INTO TAD222.HEALTH_INSURANCE(POLICY_ID, PLAN_CATEGORY, OUT_OF_POCKET_MAXIMUM, TOBACCO_USE, AGE, PRE_EXISTING_CONDITIONS, NUMBER_OF_DEPENDANTS) VALUES
(133688, ' HD', 1960.27, 'No', '01/28/2013 00:00:01', 'No', 9);
INSERT INTO TAD222.HEALTH_INSURANCE(POLICY_ID, PLAN_CATEGORY, OUT_OF_POCKET_MAXIMUM, TOBACCO_USE, AGE, PRE_EXISTING_CONDITIONS, NUMBER_OF_DEPENDANTS) VALUES
(975169, ' PO', 4937.27, 'Yes', '01/20/1980 00:00:01', 'Yes', 2);
INSERT INTO TAD222.HEALTH_INSURANCE(POLICY_ID, PLAN_CATEGORY, OUT_OF_POCKET_MAXIMUM, TOBACCO_USE, AGE, PRE_EXISTING_CONDITIONS, NUMBER_OF_DEPENDANTS) VALUES
(133689, ' PP', 2978.55, 'No', '01/02/1970 00:00:01', 'No', 5);
INSERT INTO TAD222.HEALTH_INSURANCE(POLICY_ID, PLAN_CATEGORY, OUT_OF_POCKET_MAXIMUM, TOBACCO_USE, AGE, PRE_EXISTING_CONDITIONS, NUMBER_OF_DEPENDANTS) VALUES
(433814, ' PO', 4844.68, 'No', '06/01/2007 00:00:01', 'Yes', 0);
INSERT INTO TAD222.HEALTH_INSURANCE(POLICY_ID, PLAN_CATEGORY, OUT_OF_POCKET_MAXIMUM, TOBACCO_USE, AGE, PRE_EXISTING_CONDITIONS, NUMBER_OF_DEPENDANTS) VALUES
(223688, 'HMO', 3159.37, 'No', '01/25/1972 00:00:01', 'No', 7);
INSERT INTO TAD222.HEALTH_INSURANCE(POLICY_ID, PLAN_CATEGORY, OUT_OF_POCKET_MAXIMUM, TOBACCO_USE, AGE, PRE_EXISTING_CONDITIONS, NUMBER_OF_DEPENDANTS) VALUES
(885171, ' PO', 546.71, 'No', '05/14/1983 00:00:01', 'No', 9);
INSERT INTO TAD222.HEALTH_INSURANCE(POLICY_ID, PLAN_CATEGORY, OUT_OF_POCKET_MAXIMUM, TOBACCO_USE, AGE, PRE_EXISTING_CONDITIONS, NUMBER_OF_DEPENDANTS) VALUES
(535259, ' EP', 4278.79, 'Yes', '09/18/1988 00:00:01', 'No', 3);
INSERT INTO TAD222.HEALTH_INSURANCE(POLICY_ID, PLAN_CATEGORY, OUT_OF_POCKET_MAXIMUM, TOBACCO_USE, AGE, PRE_EXISTING_CONDITIONS, NUMBER_OF_DEPENDANTS) VALUES
(343813, 'HMO', 815.08, 'Yes', '01/10/1970 00:00:01', 'Yes', 0);
INSERT INTO TAD222.HEALTH_INSURANCE(POLICY_ID, PLAN_CATEGORY, OUT_OF_POCKET_MAXIMUM, TOBACCO_USE, AGE, PRE_EXISTING_CONDITIONS, NUMBER_OF_DEPENDANTS) VALUES
(625259, ' PO', 4092.37, 'No', '01/06/1970 00:00:01', 'No', 3);
INSERT INTO TAD222.HEALTH_INSURANCE(POLICY_ID, PLAN_CATEGORY, OUT_OF_POCKET_MAXIMUM, TOBACCO_USE, AGE, PRE_EXISTING_CONDITIONS, NUMBER_OF_DEPENDANTS) VALUES
(343808, 'HMO', 1173.29, 'No', '11/25/1979 00:00:01', 'No', 0);
INSERT INTO TAD222.HEALTH_INSURANCE(POLICY_ID, PLAN_CATEGORY, OUT_OF_POCKET_MAXIMUM, TOBACCO_USE, AGE, PRE_EXISTING_CONDITIONS, NUMBER_OF_DEPENDANTS) VALUES
(999999, ' EP', 4722.11, 'No', '07/08/2001 00:00:01', 'No', 6);
INSERT INTO TAD222.HEALTH_INSURANCE(POLICY_ID, PLAN_CATEGORY, OUT_OF_POCKET_MAXIMUM, TOBACCO_USE, AGE, PRE_EXISTING_CONDITIONS, NUMBER_OF_DEPENDANTS) VALUES
(433811, 'HMO', 542.03, 'No', '06/10/1990 00:00:01', 'No', 3);
INSERT INTO TAD222.HEALTH_INSURANCE(POLICY_ID, PLAN_CATEGORY, OUT_OF_POCKET_MAXIMUM, TOBACCO_USE, AGE, PRE_EXISTING_CONDITIONS, NUMBER_OF_DEPENDANTS) VALUES
(625264, 'HMO', 587.86, 'Yes', '02/19/1974 00:00:01', 'No', 3);
INSERT INTO TAD222.HEALTH_INSURANCE(POLICY_ID, PLAN_CATEGORY, OUT_OF_POCKET_MAXIMUM, TOBACCO_USE, AGE, PRE_EXISTING_CONDITIONS, NUMBER_OF_DEPENDANTS) VALUES
(343809, ' HD', 1629.78, 'No', '01/27/2011 00:00:01', 'Yes', 0);
INSERT INTO TAD222.HEALTH_INSURANCE(POLICY_ID, PLAN_CATEGORY, OUT_OF_POCKET_MAXIMUM, TOBACCO_USE, AGE, PRE_EXISTING_CONDITIONS, NUMBER_OF_DEPENDANTS) VALUES
(433809, 'HMO', 860.35, 'Yes', '03/06/1970 00:00:01', 'No', 5);
INSERT INTO TAD222.HEALTH_INSURANCE(POLICY_ID, PLAN_CATEGORY, OUT_OF_POCKET_MAXIMUM, TOBACCO_USE, AGE, PRE_EXISTING_CONDITIONS, NUMBER_OF_DEPENDANTS) VALUES
(343811, 'HMO', 2433.07, 'No', '05/20/2003 00:00:01', 'No', 6);
INSERT INTO TAD222.HEALTH_INSURANCE(POLICY_ID, PLAN_CATEGORY, OUT_OF_POCKET_MAXIMUM, TOBACCO_USE, AGE, PRE_EXISTING_CONDITIONS, NUMBER_OF_DEPENDANTS) VALUES
(433808, ' PO', 3217.59, 'No', '07/30/2006 00:00:01', 'No', 1);
INSERT INTO TAD222.HEALTH_INSURANCE(POLICY_ID, PLAN_CATEGORY, OUT_OF_POCKET_MAXIMUM, TOBACCO_USE, AGE, PRE_EXISTING_CONDITIONS, NUMBER_OF_DEPENDANTS) VALUES
(818503, 'HMO', 3335.6, 'No', '01/18/1995 00:00:01', 'No', 1);
INSERT INTO TAD222.HEALTH_INSURANCE(POLICY_ID, PLAN_CATEGORY, OUT_OF_POCKET_MAXIMUM, TOBACCO_USE, AGE, PRE_EXISTING_CONDITIONS, NUMBER_OF_DEPENDANTS) VALUES
(625260, ' HD', 1088.85, 'No', '04/01/2010 00:00:01', 'Yes', 5);
INSERT INTO TAD222.HEALTH_INSURANCE(POLICY_ID, PLAN_CATEGORY, OUT_OF_POCKET_MAXIMUM, TOBACCO_USE, AGE, PRE_EXISTING_CONDITIONS, NUMBER_OF_DEPENDANTS) VALUES
(625262, ' PP', 2600.18, 'Yes', '12/28/2003 00:00:01', 'No', 6);
INSERT INTO TAD222.HEALTH_INSURANCE(POLICY_ID, PLAN_CATEGORY, OUT_OF_POCKET_MAXIMUM, TOBACCO_USE, AGE, PRE_EXISTING_CONDITIONS, NUMBER_OF_DEPENDANTS) VALUES
(975168, ' HD', 1735.23, 'No', '06/11/2010 00:00:01', 'No', 0);
INSERT INTO TAD222.HEALTH_INSURANCE(POLICY_ID, PLAN_CATEGORY, OUT_OF_POCKET_MAXIMUM, TOBACCO_USE, AGE, PRE_EXISTING_CONDITIONS, NUMBER_OF_DEPENDANTS) VALUES
(728503, ' PO', 1904.04, 'No', '06/02/1999 00:00:01', 'No', 4);
INSERT INTO TAD222.HEALTH_INSURANCE(POLICY_ID, PLAN_CATEGORY, OUT_OF_POCKET_MAXIMUM, TOBACCO_USE, AGE, PRE_EXISTING_CONDITIONS, NUMBER_OF_DEPENDANTS) VALUES
(433812, ' HD', 3780.86, 'No', '10/09/2001 00:00:01', 'Yes', 1);
INSERT INTO TAD222.HEALTH_INSURANCE(POLICY_ID, PLAN_CATEGORY, OUT_OF_POCKET_MAXIMUM, TOBACCO_USE, AGE, PRE_EXISTING_CONDITIONS, NUMBER_OF_DEPENDANTS) VALUES
(818504, ' EP', 2568.33, 'Yes', '04/20/1993 00:00:01', 'No', 4);
INSERT INTO TAD222.HEALTH_INSURANCE(POLICY_ID, PLAN_CATEGORY, OUT_OF_POCKET_MAXIMUM, TOBACCO_USE, AGE, PRE_EXISTING_CONDITIONS, NUMBER_OF_DEPENDANTS) VALUES
(728506, ' HD', 1530.52, 'No', '08/10/1985 00:00:01', 'No', 5);
INSERT INTO TAD222.HEALTH_INSURANCE(POLICY_ID, PLAN_CATEGORY, OUT_OF_POCKET_MAXIMUM, TOBACCO_USE, AGE, PRE_EXISTING_CONDITIONS, NUMBER_OF_DEPENDANTS) VALUES
(535264, ' HD', 866.63, 'Yes', '03/11/1978 00:00:01', 'No', 2);
INSERT INTO TAD222.HEALTH_INSURANCE(POLICY_ID, PLAN_CATEGORY, OUT_OF_POCKET_MAXIMUM, TOBACCO_USE, AGE, PRE_EXISTING_CONDITIONS, NUMBER_OF_DEPENDANTS) VALUES
(433810, ' EP', 1417.58, 'Yes', '06/30/2019 00:00:01', 'Yes', 5);
INSERT INTO TAD222.HEALTH_INSURANCE(POLICY_ID, PLAN_CATEGORY, OUT_OF_POCKET_MAXIMUM, TOBACCO_USE, AGE, PRE_EXISTING_CONDITIONS, NUMBER_OF_DEPENDANTS) VALUES
(818507, ' PP', 4912.11, 'Yes', '03/28/1970 00:00:01', 'Yes', 3);
INSERT INTO TAD222.HEALTH_INSURANCE(POLICY_ID, PLAN_CATEGORY, OUT_OF_POCKET_MAXIMUM, TOBACCO_USE, AGE, PRE_EXISTING_CONDITIONS, NUMBER_OF_DEPENDANTS) VALUES
(343812, ' PO', 1030.88, 'No', '05/14/1971 00:00:01', 'No', 0);
INSERT INTO TAD222.HEALTH_INSURANCE(POLICY_ID, PLAN_CATEGORY, OUT_OF_POCKET_MAXIMUM, TOBACCO_USE, AGE, PRE_EXISTING_CONDITIONS, NUMBER_OF_DEPENDANTS) VALUES
(535263, ' HD', 3546.26, 'No', '01/15/1971 00:00:01', 'Yes', 8);
INSERT INTO TAD222.HEALTH_INSURANCE(POLICY_ID, PLAN_CATEGORY, OUT_OF_POCKET_MAXIMUM, TOBACCO_USE, AGE, PRE_EXISTING_CONDITIONS, NUMBER_OF_DEPENDANTS) VALUES
(728504, ' HD', 1786.57, 'Yes', NULL, 'Yes', 1);
INSERT INTO TAD222.HEALTH_INSURANCE(POLICY_ID, PLAN_CATEGORY, OUT_OF_POCKET_MAXIMUM, TOBACCO_USE, AGE, PRE_EXISTING_CONDITIONS, NUMBER_OF_DEPENDANTS) VALUES
(535262, ' EP', 3749.14, 'Yes', '05/22/1995 00:00:01', 'No', 0);
INSERT INTO TAD222.HEALTH_INSURANCE(POLICY_ID, PLAN_CATEGORY, OUT_OF_POCKET_MAXIMUM, TOBACCO_USE, AGE, PRE_EXISTING_CONDITIONS, NUMBER_OF_DEPENDANTS) VALUES
(728505, ' PO', 4407.34, 'Yes', '10/12/2007 00:00:01', 'No', 3);
INSERT INTO TAD222.HEALTH_INSURANCE(POLICY_ID, PLAN_CATEGORY, OUT_OF_POCKET_MAXIMUM, TOBACCO_USE, AGE, PRE_EXISTING_CONDITIONS, NUMBER_OF_DEPENDANTS) VALUES
(625263, ' EP', 3074.94, 'Yes', NULL, 'No', 5);
INSERT INTO TAD222.HEALTH_INSURANCE(POLICY_ID, PLAN_CATEGORY, OUT_OF_POCKET_MAXIMUM, TOBACCO_USE, AGE, PRE_EXISTING_CONDITIONS, NUMBER_OF_DEPENDANTS) VALUES
(433813, ' HD', 1560.03, 'No', NULL, 'No', 2);
INSERT INTO TAD222.HEALTH_INSURANCE(POLICY_ID, PLAN_CATEGORY, OUT_OF_POCKET_MAXIMUM, TOBACCO_USE, AGE, PRE_EXISTING_CONDITIONS, NUMBER_OF_DEPENDANTS) VALUES
(818506, 'HMO', 2732.38, 'No', NULL, 'Yes', 0);
INSERT INTO TAD222.HEALTH_INSURANCE(POLICY_ID, PLAN_CATEGORY, OUT_OF_POCKET_MAXIMUM, TOBACCO_USE, AGE, PRE_EXISTING_CONDITIONS, NUMBER_OF_DEPENDANTS) VALUES
(818505, 'HMO', 4540.3, 'No', NULL, 'No', 5);

--
-- Inserting data into table TAD222.HOME_INSURANCE
--
INSERT INTO TAD222.HOME_INSURANCE(POLICY_ID, CITY, STATE, ZIP_CODE, ADDRESS, YEAR_BUILT, CONDITION, SQUARE_FOOT, LOT_SIZE, CREDIT_SCORE, MORTGAGE_PAYMENT, MARKET_VALUE, PERSONAL_PROPERTY_REPLACEMENT) VALUES
(818505, 'Zuni', 'New Hampshire', 31472, '47 Deepwood Pkwy', 2006, 'Good', 3348.73, 0.98, 672, 3009.82, 368539.97, 'No');
INSERT INTO TAD222.HOME_INSURANCE(POLICY_ID, CITY, STATE, ZIP_CODE, ADDRESS, YEAR_BUILT, CONDITION, SQUARE_FOOT, LOT_SIZE, CREDIT_SCORE, MORTGAGE_PAYMENT, MARKET_VALUE, PERSONAL_PROPERTY_REPLACEMENT) VALUES
(535261, 'Laughlin', 'Maine', 80780, '1164 East Sharp Hill Ave', 2006, 'Fair', 2469.07, 2.24, 806, 2811.92, 165849.81, 'No');
INSERT INTO TAD222.HOME_INSURANCE(POLICY_ID, CITY, STATE, ZIP_CODE, ADDRESS, YEAR_BUILT, CONDITION, SQUARE_FOOT, LOT_SIZE, CREDIT_SCORE, MORTGAGE_PAYMENT, MARKET_VALUE, PERSONAL_PROPERTY_REPLACEMENT) VALUES
(343807, 'Bunceton', 'Pennsylvania', 72993, '415 SW Ski Hill Hwy', 2008, 'Fair', 3025.6, 0.69, 399, 3017.95, 84667.54, 'Yes');
INSERT INTO TAD222.HOME_INSURANCE(POLICY_ID, CITY, STATE, ZIP_CODE, ADDRESS, YEAR_BUILT, CONDITION, SQUARE_FOOT, LOT_SIZE, CREDIT_SCORE, MORTGAGE_PAYMENT, MARKET_VALUE, PERSONAL_PROPERTY_REPLACEMENT) VALUES
(343809, 'Petersham', 'Connecticut', 25543, '1917 Sharp Hill Dr', 2009, 'Poor', 4904.84, 3, 446, 1985.83, 168618.1, 'Yes');
INSERT INTO TAD222.HOME_INSURANCE(POLICY_ID, CITY, STATE, ZIP_CODE, ADDRESS, YEAR_BUILT, CONDITION, SQUARE_FOOT, LOT_SIZE, CREDIT_SCORE, MORTGAGE_PAYMENT, MARKET_VALUE, PERSONAL_PROPERTY_REPLACEMENT) VALUES
(625261, 'Scarsdale', 'Oregon', 28161, '3977 North Rose Hill Highway', 2009, 'Good', 2131.65, 2.72, 648, 1038.64, 101714.08, 'No');
INSERT INTO TAD222.HOME_INSURANCE(POLICY_ID, CITY, STATE, ZIP_CODE, ADDRESS, YEAR_BUILT, CONDITION, SQUARE_FOOT, LOT_SIZE, CREDIT_SCORE, MORTGAGE_PAYMENT, MARKET_VALUE, PERSONAL_PROPERTY_REPLACEMENT) VALUES
(133688, 'Hawkinsville', 'Arkansas', 28567, '156 W Burwood Avenue', 2022, 'Average', 2958.74, 2.07, 677, 2976.67, 285424.75, 'No');
INSERT INTO TAD222.HOME_INSURANCE(POLICY_ID, CITY, STATE, ZIP_CODE, ADDRESS, YEAR_BUILT, CONDITION, SQUARE_FOOT, LOT_SIZE, CREDIT_SCORE, MORTGAGE_PAYMENT, MARKET_VALUE, PERSONAL_PROPERTY_REPLACEMENT) VALUES
(343811, 'Montgomery Village', 'Alaska', 72553, '289 Bayview Ln', 2016, 'Good', 4009.05, 0.7, 586, 3518.61, 233482.61, 'No');
INSERT INTO TAD222.HOME_INSURANCE(POLICY_ID, CITY, STATE, ZIP_CODE, ADDRESS, YEAR_BUILT, CONDITION, SQUARE_FOOT, LOT_SIZE, CREDIT_SCORE, MORTGAGE_PAYMENT, MARKET_VALUE, PERSONAL_PROPERTY_REPLACEMENT) VALUES
(535259, 'Peterstown', 'South Dakota', 63493, '3460 SE Chapel Hill Highway', 2007, 'Poor', 4031.67, 3, 376, 1845.71, 134278.52, 'Yes');
INSERT INTO TAD222.HOME_INSURANCE(POLICY_ID, CITY, STATE, ZIP_CODE, ADDRESS, YEAR_BUILT, CONDITION, SQUARE_FOOT, LOT_SIZE, CREDIT_SCORE, MORTGAGE_PAYMENT, MARKET_VALUE, PERSONAL_PROPERTY_REPLACEMENT) VALUES
(975169, 'Wysox', 'Alaska', 61333, '38 W Lake Drive', 2018, 'Poor', 1076.38, 1.01, 588, 1937.63, 234658.16, 'Yes');
INSERT INTO TAD222.HOME_INSURANCE(POLICY_ID, CITY, STATE, ZIP_CODE, ADDRESS, YEAR_BUILT, CONDITION, SQUARE_FOOT, LOT_SIZE, CREDIT_SCORE, MORTGAGE_PAYMENT, MARKET_VALUE, PERSONAL_PROPERTY_REPLACEMENT) VALUES
(433815, 'Laurel Hill', 'Washington', 94038, '549 N Burwood Pkwy', 2007, 'Fair', 4898.16, 3, 650, 2409.5, 251184.24, 'Yes');
INSERT INTO TAD222.HOME_INSURANCE(POLICY_ID, CITY, STATE, ZIP_CODE, ADDRESS, YEAR_BUILT, CONDITION, SQUARE_FOOT, LOT_SIZE, CREDIT_SCORE, MORTGAGE_PAYMENT, MARKET_VALUE, PERSONAL_PROPERTY_REPLACEMENT) VALUES
(223688, 'Tioga', 'New York', 91747, '44 East Town Way', 2027, 'Average', 860.35, 3, 545, 4630.72, 256502.94, 'Yes');
INSERT INTO TAD222.HOME_INSURANCE(POLICY_ID, CITY, STATE, ZIP_CODE, ADDRESS, YEAR_BUILT, CONDITION, SQUARE_FOOT, LOT_SIZE, CREDIT_SCORE, MORTGAGE_PAYMENT, MARKET_VALUE, PERSONAL_PROPERTY_REPLACEMENT) VALUES
(885171, 'Montgomeryville', 'California', 81868, '69 Quailwood Loop', 2008, 'Fair', 3664.78, 2.54, 707, 962.95, 365713.22, 'No');
INSERT INTO TAD222.HOME_INSURANCE(POLICY_ID, CITY, STATE, ZIP_CODE, ADDRESS, YEAR_BUILT, CONDITION, SQUARE_FOOT, LOT_SIZE, CREDIT_SCORE, MORTGAGE_PAYMENT, MARKET_VALUE, PERSONAL_PROPERTY_REPLACEMENT) VALUES
(625259, 'Schaller', 'Utah', 46556, '1443 Market Lane', 2014, 'Fair', 3129.96, 0.64, 837, 4982.7, 272366.09, 'No');
INSERT INTO TAD222.HOME_INSURANCE(POLICY_ID, CITY, STATE, ZIP_CODE, ADDRESS, YEAR_BUILT, CONDITION, SQUARE_FOOT, LOT_SIZE, CREDIT_SCORE, MORTGAGE_PAYMENT, MARKET_VALUE, PERSONAL_PROPERTY_REPLACEMENT) VALUES
(343813, 'Wytheville', 'New York', 84928, '2183 Social Avenue', 2019, 'Average', 2976.24, 1.02, 455, 4126.01, 327199.03, 'Yes');
INSERT INTO TAD222.HOME_INSURANCE(POLICY_ID, CITY, STATE, ZIP_CODE, ADDRESS, YEAR_BUILT, CONDITION, SQUARE_FOOT, LOT_SIZE, CREDIT_SCORE, MORTGAGE_PAYMENT, MARKET_VALUE, PERSONAL_PROPERTY_REPLACEMENT) VALUES
(625260, 'Eustis', 'Maine', 19093, '3976 White Flintwood Street', 2011, 'Poor', 1415.66, 3, 547, 985.19, 76784.88, 'Yes');
INSERT INTO TAD222.HOME_INSURANCE(POLICY_ID, CITY, STATE, ZIP_CODE, ADDRESS, YEAR_BUILT, CONDITION, SQUARE_FOOT, LOT_SIZE, CREDIT_SCORE, MORTGAGE_PAYMENT, MARKET_VALUE, PERSONAL_PROPERTY_REPLACEMENT) VALUES
(625264, 'Laurelville', 'Delaware', 34582, '552 Riverside Lane', 2017, 'Average', 4429.71, 2.74, 463, 2750.23, 62550.72, 'No');
INSERT INTO TAD222.HOME_INSURANCE(POLICY_ID, CITY, STATE, ZIP_CODE, ADDRESS, YEAR_BUILT, CONDITION, SQUARE_FOOT, LOT_SIZE, CREDIT_SCORE, MORTGAGE_PAYMENT, MARKET_VALUE, PERSONAL_PROPERTY_REPLACEMENT) VALUES
(975168, 'Tioga Center', 'Florida', 91318, '1557 Chapel Hill Pkwy', 2009, 'Average', 3299.36, 2.68, 813, 4251.17, 79956.36, 'Yes');
INSERT INTO TAD222.HOME_INSURANCE(POLICY_ID, CITY, STATE, ZIP_CODE, ADDRESS, YEAR_BUILT, CONDITION, SQUARE_FOOT, LOT_SIZE, CREDIT_SCORE, MORTGAGE_PAYMENT, MARKET_VALUE, PERSONAL_PROPERTY_REPLACEMENT) VALUES
(343814, 'Allegany', 'Tennessee', 53616, '363 Lake Lane', 2008, 'Average', 4798.3, 2.2, 587, 4137.22, 249650.12, 'Yes');
INSERT INTO TAD222.HOME_INSURANCE(POLICY_ID, CITY, STATE, ZIP_CODE, ADDRESS, YEAR_BUILT, CONDITION, SQUARE_FOOT, LOT_SIZE, CREDIT_SCORE, MORTGAGE_PAYMENT, MARKET_VALUE, PERSONAL_PROPERTY_REPLACEMENT) VALUES
(625265, 'Hawley', 'Montana', 98316, '1088 Mount Avenue', 2029, 'Fair', 668.42, 2.74, 312, 4052.42, 215018.87, 'No');
INSERT INTO TAD222.HOME_INSURANCE(POLICY_ID, CITY, STATE, ZIP_CODE, ADDRESS, YEAR_BUILT, CONDITION, SQUARE_FOOT, LOT_SIZE, CREDIT_SCORE, MORTGAGE_PAYMENT, MARKET_VALUE, PERSONAL_PROPERTY_REPLACEMENT) VALUES
(343808, 'Eutaw', 'Colorado', 16294, '3640 Old Chapel Hill Cir', 2027, 'Good', 1329.67, 2.85, 451, 2096.1, 228445.15, 'No');
INSERT INTO TAD222.HOME_INSURANCE(POLICY_ID, CITY, STATE, ZIP_CODE, ADDRESS, YEAR_BUILT, CONDITION, SQUARE_FOOT, LOT_SIZE, CREDIT_SCORE, MORTGAGE_PAYMENT, MARKET_VALUE, PERSONAL_PROPERTY_REPLACEMENT) VALUES
(728503, 'Petoskey', 'Tennessee', 76447, '2961 Hidden Burwood Pkwy', 2018, 'Fair', 4388.29, 2.05, 379, 3098.86, 98565.2, 'Yes');
INSERT INTO TAD222.HOME_INSURANCE(POLICY_ID, CITY, STATE, ZIP_CODE, ADDRESS, YEAR_BUILT, CONDITION, SQUARE_FOOT, LOT_SIZE, CREDIT_SCORE, MORTGAGE_PAYMENT, MARKET_VALUE, PERSONAL_PROPERTY_REPLACEMENT) VALUES
(728506, 'Schaumburg', 'Arkansas', 50175, '64 Buttonwood Blvd', 2027, 'Good', 4282.45, 2.43, 819, 4644.33, 108605.04, 'No');
INSERT INTO TAD222.HOME_INSURANCE(POLICY_ID, CITY, STATE, ZIP_CODE, ADDRESS, YEAR_BUILT, CONDITION, SQUARE_FOOT, LOT_SIZE, CREDIT_SCORE, MORTGAGE_PAYMENT, MARKET_VALUE, PERSONAL_PROPERTY_REPLACEMENT) VALUES
(999999, 'Monticello', 'Minnesota', 23348, '725 Pine Tree Loop', 2018, 'Good', 849.39, 0.97, 690, 1275.9, 87974.12, 'No');
INSERT INTO TAD222.HOME_INSURANCE(POLICY_ID, CITY, STATE, ZIP_CODE, ADDRESS, YEAR_BUILT, CONDITION, SQUARE_FOOT, LOT_SIZE, CREDIT_SCORE, MORTGAGE_PAYMENT, MARKET_VALUE, PERSONAL_PROPERTY_REPLACEMENT) VALUES
(433809, 'Wytopitlock', 'Montana', 85879, '957 Quailwood Ave', 2007, 'Excellent', 4348.72, 0.42, 812, 4097.21, 153711.48, 'No');
INSERT INTO TAD222.HOME_INSURANCE(POLICY_ID, CITY, STATE, ZIP_CODE, ADDRESS, YEAR_BUILT, CONDITION, SQUARE_FOOT, LOT_SIZE, CREDIT_SCORE, MORTGAGE_PAYMENT, MARKET_VALUE, PERSONAL_PROPERTY_REPLACEMENT) VALUES
(625262, 'Bunch', 'New Jersey', 91326, '1982 North Edgewood Ave', 2017, 'Average', 973.51, 2.91, 487, 1088.19, 96245.76, 'Yes');
INSERT INTO TAD222.HOME_INSURANCE(POLICY_ID, CITY, STATE, ZIP_CODE, ADDRESS, YEAR_BUILT, CONDITION, SQUARE_FOOT, LOT_SIZE, CREDIT_SCORE, MORTGAGE_PAYMENT, MARKET_VALUE, PERSONAL_PROPERTY_REPLACEMENT) VALUES
(433812, 'Petrolia', 'Kansas', 16313, '757 1st Ln', 2026, 'Average', 4393.15, 0.15, 730, 3691.61, 104317.65, 'Yes');
INSERT INTO TAD222.HOME_INSURANCE(POLICY_ID, CITY, STATE, ZIP_CODE, ADDRESS, YEAR_BUILT, CONDITION, SQUARE_FOOT, LOT_SIZE, CREDIT_SCORE, MORTGAGE_PAYMENT, MARKET_VALUE, PERSONAL_PROPERTY_REPLACEMENT) VALUES
(885172, 'Hawleyville', 'Oregon', 14428, '3147 W Burwood Court', 2026, 'Fair', 1118.89, 3, 480, 3637.37, 62529.2, 'Yes');
INSERT INTO TAD222.HOME_INSURANCE(POLICY_ID, CITY, STATE, ZIP_CODE, ADDRESS, YEAR_BUILT, CONDITION, SQUARE_FOOT, LOT_SIZE, CREDIT_SCORE, MORTGAGE_PAYMENT, MARKET_VALUE, PERSONAL_PROPERTY_REPLACEMENT) VALUES
(133689, 'Schell City', 'Utah', 54078, '2010 1st Hwy', 2007, 'Fair', 4489.25, 1.75, 754, 3124.93, 177789.45, 'No');
INSERT INTO TAD222.HOME_INSURANCE(POLICY_ID, CITY, STATE, ZIP_CODE, ADDRESS, YEAR_BUILT, CONDITION, SQUARE_FOOT, LOT_SIZE, CREDIT_SCORE, MORTGAGE_PAYMENT, MARKET_VALUE, PERSONAL_PROPERTY_REPLACEMENT) VALUES
(818504, 'Alleghany', 'Maine', 98109, '484 New Brentwood St', 2027, 'Fair', 2328.95, 3, 585, 1052.87, 56814.34, 'No');
INSERT INTO TAD222.HOME_INSURANCE(POLICY_ID, CITY, STATE, ZIP_CODE, ADDRESS, YEAR_BUILT, CONDITION, SQUARE_FOOT, LOT_SIZE, CREDIT_SCORE, MORTGAGE_PAYMENT, MARKET_VALUE, PERSONAL_PROPERTY_REPLACEMENT) VALUES
(433814, 'Tionesta', 'Massachusetts', 88149, '1839 S Flintwood Lane', 2008, 'Good', 677.99, 0.26, 743, 2516.96, 333487.52, 'Yes');
INSERT INTO TAD222.HOME_INSURANCE(POLICY_ID, CITY, STATE, ZIP_CODE, ADDRESS, YEAR_BUILT, CONDITION, SQUARE_FOOT, LOT_SIZE, CREDIT_SCORE, MORTGAGE_PAYMENT, MARKET_VALUE, PERSONAL_PROPERTY_REPLACEMENT) VALUES
(433810, 'Xenia', 'Wyoming', 70376, '1726 Ironwood Lane', 2007, 'Excellent', 1184.64, 0.36, 657, 1194.77, 358931.04, 'No');
INSERT INTO TAD222.HOME_INSURANCE(POLICY_ID, CITY, STATE, ZIP_CODE, ADDRESS, YEAR_BUILT, CONDITION, SQUARE_FOOT, LOT_SIZE, CREDIT_SCORE, MORTGAGE_PAYMENT, MARKET_VALUE, PERSONAL_PROPERTY_REPLACEMENT) VALUES
(728504, 'Buncombe', 'Tennessee', 90473, '3911 N Waterview Ln', 2009, 'Average', 2650.55, 1.03, 727, 1724.2, 377477.22, 'Yes');
INSERT INTO TAD222.HOME_INSURANCE(POLICY_ID, CITY, STATE, ZIP_CODE, ADDRESS, YEAR_BUILT, CONDITION, SQUARE_FOOT, LOT_SIZE, CREDIT_SCORE, MORTGAGE_PAYMENT, MARKET_VALUE, PERSONAL_PROPERTY_REPLACEMENT) VALUES
(535264, 'Laurens', 'Louisiana', 18937, '2423 Burwood Avenue', 2012, 'Average', 1937.05, 2.23, 379, 888.21, 262014.44, 'No');
INSERT INTO TAD222.HOME_INSURANCE(POLICY_ID, CITY, STATE, ZIP_CODE, ADDRESS, YEAR_BUILT, CONDITION, SQUARE_FOOT, LOT_SIZE, CREDIT_SCORE, MORTGAGE_PAYMENT, MARKET_VALUE, PERSONAL_PROPERTY_REPLACEMENT) VALUES
(535262, 'Evangeline', 'Arkansas', 12418, '31 Red Rock Hill Hwy', 2006, 'Fair', 941.7, 3, 421, 4633.42, 275710.77, 'No');
INSERT INTO TAD222.HOME_INSURANCE(POLICY_ID, CITY, STATE, ZIP_CODE, ADDRESS, YEAR_BUILT, CONDITION, SQUARE_FOOT, LOT_SIZE, CREDIT_SCORE, MORTGAGE_PAYMENT, MARKET_VALUE, PERSONAL_PROPERTY_REPLACEMENT) VALUES
(433808, 'Haworth', 'Kentucky', 43013, '329 North Stonewood Hwy', 2009, 'Excellent', 4216.56, 3, 582, 1342.44, 393993.34, 'Yes');
INSERT INTO TAD222.HOME_INSURANCE(POLICY_ID, CITY, STATE, ZIP_CODE, ADDRESS, YEAR_BUILT, CONDITION, SQUARE_FOOT, LOT_SIZE, CREDIT_SCORE, MORTGAGE_PAYMENT, MARKET_VALUE, PERSONAL_PROPERTY_REPLACEMENT) VALUES
(343810, 'Tipp City', 'Virginia', 53563, '16 E Riverview Way', 2006, 'Poor', 541.23, 2.69, 820, 2398.54, 185900.94, 'No');
INSERT INTO TAD222.HOME_INSURANCE(POLICY_ID, CITY, STATE, ZIP_CODE, ADDRESS, YEAR_BUILT, CONDITION, SQUARE_FOOT, LOT_SIZE, CREDIT_SCORE, MORTGAGE_PAYMENT, MARKET_VALUE, PERSONAL_PROPERTY_REPLACEMENT) VALUES
(818507, 'Yachats', 'Illinois', 67003, '2718 Front Hwy', 2016, 'Poor', 759.66, 2.1, 794, 1312.64, 219005.19, 'No');
INSERT INTO TAD222.HOME_INSURANCE(POLICY_ID, CITY, STATE, ZIP_CODE, ADDRESS, YEAR_BUILT, CONDITION, SQUARE_FOOT, LOT_SIZE, CREDIT_SCORE, MORTGAGE_PAYMENT, MARKET_VALUE, PERSONAL_PROPERTY_REPLACEMENT) VALUES
(728505, 'Tippecanoe', 'New Jersey', 91081, '575 Hunting Hill Pkwy', 2009, 'Average', 2621.79, 0.73, 332, 3862.52, 103093.17, 'Yes');
INSERT INTO TAD222.HOME_INSURANCE(POLICY_ID, CITY, STATE, ZIP_CODE, ADDRESS, YEAR_BUILT, CONDITION, SQUARE_FOOT, LOT_SIZE, CREDIT_SCORE, MORTGAGE_PAYMENT, MARKET_VALUE, PERSONAL_PROPERTY_REPLACEMENT) VALUES
(343812, 'Evans', 'Nebraska', 28031, '2248 East Beachwood Cir', 2016, 'Fair', 1761.32, 0.64, 492, 1157.56, 247576.44, 'No');
INSERT INTO TAD222.HOME_INSURANCE(POLICY_ID, CITY, STATE, ZIP_CODE, ADDRESS, YEAR_BUILT, CONDITION, SQUARE_FOOT, LOT_SIZE, CREDIT_SCORE, MORTGAGE_PAYMENT, MARKET_VALUE, PERSONAL_PROPERTY_REPLACEMENT) VALUES
(818503, 'Yadkinville', 'Utah', 32874, '388 Riddle Hill Lane', 2010, 'Good', 1632.96, 3, 761, 3696.33, 147694.49, 'Yes');
INSERT INTO TAD222.HOME_INSURANCE(POLICY_ID, CITY, STATE, ZIP_CODE, ADDRESS, YEAR_BUILT, CONDITION, SQUARE_FOOT, LOT_SIZE, CREDIT_SCORE, MORTGAGE_PAYMENT, MARKET_VALUE, PERSONAL_PROPERTY_REPLACEMENT) VALUES
(535263, 'Alleman', 'Wyoming', 79084, '1623 Bayview Loop', 2011, 'Poor', 721.16, 1.6, 501, 3090.63, 259424.39, 'Yes');
INSERT INTO TAD222.HOME_INSURANCE(POLICY_ID, CITY, STATE, ZIP_CODE, ADDRESS, YEAR_BUILT, CONDITION, SQUARE_FOOT, LOT_SIZE, CREDIT_SCORE, MORTGAGE_PAYMENT, MARKET_VALUE, PERSONAL_PROPERTY_REPLACEMENT) VALUES
(535260, 'Tipton', 'California', 52558, '1810 Hidden Riverview Way', 2009, 'Excellent', 2989.33, 1.8, 799, 1108.26, 398624.51, 'No');
INSERT INTO TAD222.HOME_INSURANCE(POLICY_ID, CITY, STATE, ZIP_CODE, ADDRESS, YEAR_BUILT, CONDITION, SQUARE_FOOT, LOT_SIZE, CREDIT_SCORE, MORTGAGE_PAYMENT, MARKET_VALUE, PERSONAL_PROPERTY_REPLACEMENT) VALUES
(433813, 'Yakima', 'New Mexico', 75029, '631 East Glenwood Pkwy', 2018, 'Excellent', 4659.03, 1.25, 530, 1574.89, 95083.6, 'Yes');
INSERT INTO TAD222.HOME_INSURANCE(POLICY_ID, CITY, STATE, ZIP_CODE, ADDRESS, YEAR_BUILT, CONDITION, SQUARE_FOOT, LOT_SIZE, CREDIT_SCORE, MORTGAGE_PAYMENT, MARKET_VALUE, PERSONAL_PROPERTY_REPLACEMENT) VALUES
(625263, 'Pettisville', 'Texas', 31416, '1531 Rockwood Rd', 2021, 'Poor', 1057.89, 1.8, 629, 3405.58, 307765.11, 'Yes');
INSERT INTO TAD222.HOME_INSURANCE(POLICY_ID, CITY, STATE, ZIP_CODE, ADDRESS, YEAR_BUILT, CONDITION, SQUARE_FOOT, LOT_SIZE, CREDIT_SCORE, MORTGAGE_PAYMENT, MARKET_VALUE, PERSONAL_PROPERTY_REPLACEMENT) VALUES
(818506, 'Schenectady', 'Wyoming', 82942, '390 Stonewood Ln', 2006, 'Average', 1266.23, 2.44, 434, 2655.19, 374713.73, 'No');
INSERT INTO TAD222.HOME_INSURANCE(POLICY_ID, CITY, STATE, ZIP_CODE, ADDRESS, YEAR_BUILT, CONDITION, SQUARE_FOOT, LOT_SIZE, CREDIT_SCORE, MORTGAGE_PAYMENT, MARKET_VALUE, PERSONAL_PROPERTY_REPLACEMENT) VALUES
(223689, 'Hawthorne', 'Mississippi', 61592, '821 Old Quailwood Ln', 2008, 'Good', 2106.68, 3, 492, 3661.04, 229164.19, 'Yes');
INSERT INTO TAD222.HOME_INSURANCE(POLICY_ID, CITY, STATE, ZIP_CODE, ADDRESS, YEAR_BUILT, CONDITION, SQUARE_FOOT, LOT_SIZE, CREDIT_SCORE, MORTGAGE_PAYMENT, MARKET_VALUE, PERSONAL_PROPERTY_REPLACEMENT) VALUES
(975167, 'Buncombe County', 'Connecticut', 37252, '3323 Meadowview St', 2026, 'Average', 1770.41, 0.04, 376, 2048.98, 255847.94, 'Yes');
INSERT INTO TAD222.HOME_INSURANCE(POLICY_ID, CITY, STATE, ZIP_CODE, ADDRESS, YEAR_BUILT, CONDITION, SQUARE_FOOT, LOT_SIZE, CREDIT_SCORE, MORTGAGE_PAYMENT, MARKET_VALUE, PERSONAL_PROPERTY_REPLACEMENT) VALUES
(885170, 'Tiptonville', 'Arizona', 21422, '1412 N Ski Hill Parkway', 2020, 'Poor', 3327.58, 0.32, 827, 2335.95, 67490.25, 'Yes');
INSERT INTO TAD222.HOME_INSURANCE(POLICY_ID, CITY, STATE, ZIP_CODE, ADDRESS, YEAR_BUILT, CONDITION, SQUARE_FOOT, LOT_SIZE, CREDIT_SCORE, MORTGAGE_PAYMENT, MARKET_VALUE, PERSONAL_PROPERTY_REPLACEMENT) VALUES
(728502, 'Yakutat', 'Wisconsin', 36032, '3072 Ashwood Court', 2015, 'Fair', 1555.64, 2.75, 742, 2215.35, 122077.27, 'No');
INSERT INTO TAD222.HOME_INSURANCE(POLICY_ID, CITY, STATE, ZIP_CODE, ADDRESS, YEAR_BUILT, CONDITION, SQUARE_FOOT, LOT_SIZE, CREDIT_SCORE, MORTGAGE_PAYMENT, MARKET_VALUE, PERSONAL_PROPERTY_REPLACEMENT) VALUES
(433811, 'Allen', 'Arizona', 89772, '2387 NW Riverview Ave', 2010, 'Poor', 4776.04, 3, 392, 1787.49, 330036.01, 'Yes');

--
-- Inserting data into table TAD222.LIFE_INSURANCE
--
INSERT INTO TAD222.LIFE_INSURANCE(POLICY_ID, PLAN_CATEGORY, AGE, GENDER, TOBACCO_USE, OCCUPATION, MEDICAL_STATUS, FAMILY_MEDICAL_HISTORY, BENEFICIARY_NAME, BENEFICIARY_SOCIAL_SECURITY) VALUES
(975169, ' Universal Life', '05/17/1901 00:00:01', 'M', 'No', 'Heavy and Tractor-Trailer Truc', 'Healthy', 'Nondisplaced fracture of olecranon process without intraarticular extension of left ulna, subsequent encounter for open fracture type I or II with nonunion', 'Broderick Collins', 330213545);
INSERT INTO TAD222.LIFE_INSURANCE(POLICY_ID, PLAN_CATEGORY, AGE, GENDER, TOBACCO_USE, OCCUPATION, MEDICAL_STATUS, FAMILY_MEDICAL_HISTORY, BENEFICIARY_NAME, BENEFICIARY_SOCIAL_SECURITY) VALUES
(343813, ' Universal Life', '11/07/1927 00:00:01', 'F', 'No', CHR(13)||CHR(10)
||'Registered Nurses', 'Healthy', 'Moderate laceration of heart with hemopericardium, initial encounter', 'Seymour Abney', 683127791);
INSERT INTO TAD222.LIFE_INSURANCE(POLICY_ID, PLAN_CATEGORY, AGE, GENDER, TOBACCO_USE, OCCUPATION, MEDICAL_STATUS, FAMILY_MEDICAL_HISTORY, BENEFICIARY_NAME, BENEFICIARY_SOCIAL_SECURITY) VALUES
(133689, ' Whole Life ', '04/22/1903 00:00:01', 'M', 'Yes', CHR(13)||CHR(10)
||'Sales Representatives'||CHR(13)||CHR(10)
||'Maint', 'Healthy', 'Bitten by macaw, subsequent encounter', 'Orlando Lefebvre', 160769078);
INSERT INTO TAD222.LIFE_INSURANCE(POLICY_ID, PLAN_CATEGORY, AGE, GENDER, TOBACCO_USE, OCCUPATION, MEDICAL_STATUS, FAMILY_MEDICAL_HISTORY, BENEFICIARY_NAME, BENEFICIARY_SOCIAL_SECURITY) VALUES
(728502, ' Whole Life ', '05/24/1978 00:00:01', 'M', 'No', CHR(13)||CHR(10)
||'Auditors', 'Healthy', 'Laceration of rectum, subsequent encounter', 'Ricardo Colson', 173463929);
INSERT INTO TAD222.LIFE_INSURANCE(POLICY_ID, PLAN_CATEGORY, AGE, GENDER, TOBACCO_USE, OCCUPATION, MEDICAL_STATUS, FAMILY_MEDICAL_HISTORY, BENEFICIARY_NAME, BENEFICIARY_SOCIAL_SECURITY) VALUES
(625264, ' Universal Life', '01/08/1901 00:00:01', 'F', 'Yes', CHR(13)||CHR(10)
||'Network and Computer Systems', 'Not Healthy', 'Driver of bus injured in collision with heavy transport vehicle or bus in nontraffic accident, subsequent encounter', 'Weston Boyles', 829216862);
INSERT INTO TAD222.LIFE_INSURANCE(POLICY_ID, PLAN_CATEGORY, AGE, GENDER, TOBACCO_USE, OCCUPATION, MEDICAL_STATUS, FAMILY_MEDICAL_HISTORY, BENEFICIARY_NAME, BENEFICIARY_SOCIAL_SECURITY) VALUES
(728506, 'Term Life ', '01/29/1960 00:00:01', 'M', 'Yes', CHR(13)||CHR(10)
||'Computer User Support Specia', 'Not Healthy', 'Displaced fracture of base of neck of left femur, subsequent encounter for closed fracture with routine healing', 'Odell Olivo', 588565624);
INSERT INTO TAD222.LIFE_INSURANCE(POLICY_ID, PLAN_CATEGORY, AGE, GENDER, TOBACCO_USE, OCCUPATION, MEDICAL_STATUS, FAMILY_MEDICAL_HISTORY, BENEFICIARY_NAME, BENEFICIARY_SOCIAL_SECURITY) VALUES
(433815, ' Whole Life ', '01/06/1901 00:00:01', 'F', 'Yes', CHR(13)||CHR(10)
||'Sales Managers', 'Not Healthy', 'Unspecified fracture of head of unspecified femur, subsequent encounter for open fracture type I or II with malunion', 'Monroe Carrillo', 316212046);
INSERT INTO TAD222.LIFE_INSURANCE(POLICY_ID, PLAN_CATEGORY, AGE, GENDER, TOBACCO_USE, OCCUPATION, MEDICAL_STATUS, FAMILY_MEDICAL_HISTORY, BENEFICIARY_NAME, BENEFICIARY_SOCIAL_SECURITY) VALUES
(343807, ' Universal Life', '04/15/1945 00:00:01', 'M', 'Yes', CHR(13)||CHR(10)
||'Physical Therapists', 'Healthy', 'Contusion of breast, unspecified breast, subsequent encounter', 'Adaline Marrero', 123511356);
INSERT INTO TAD222.LIFE_INSURANCE(POLICY_ID, PLAN_CATEGORY, AGE, GENDER, TOBACCO_USE, OCCUPATION, MEDICAL_STATUS, FAMILY_MEDICAL_HISTORY, BENEFICIARY_NAME, BENEFICIARY_SOCIAL_SECURITY) VALUES
(728505, ' Whole Life ', '01/08/1901 00:00:01', 'F', 'Yes', CHR(13)||CHR(10)
||'Nursing Assistants', 'Healthy', 'Nondisplaced fracture of trapezium [larger multangular], left wrist, subsequent encounter for fracture with nonunion', 'Caitlin Arriaga', 794152801);
INSERT INTO TAD222.LIFE_INSURANCE(POLICY_ID, PLAN_CATEGORY, AGE, GENDER, TOBACCO_USE, OCCUPATION, MEDICAL_STATUS, FAMILY_MEDICAL_HISTORY, BENEFICIARY_NAME, BENEFICIARY_SOCIAL_SECURITY) VALUES
(625263, ' Whole Life ', '08/09/1902 00:00:01', 'F', 'Yes', CHR(13)||CHR(10)
||'Auditors', 'Healthy', 'Malignant neoplasm of overlapping sites of right female breast', 'Tory Currie', 550155401);
INSERT INTO TAD222.LIFE_INSURANCE(POLICY_ID, PLAN_CATEGORY, AGE, GENDER, TOBACCO_USE, OCCUPATION, MEDICAL_STATUS, FAMILY_MEDICAL_HISTORY, BENEFICIARY_NAME, BENEFICIARY_SOCIAL_SECURITY) VALUES
(535259, 'Term Life ', '01/05/2004 00:00:01', 'M', 'No', CHR(13)||CHR(10)
||'Unemployed', 'Not Healthy', 'Benign neoplasm of nasopharynx', 'Alvin Apodaca', 984639997);
INSERT INTO TAD222.LIFE_INSURANCE(POLICY_ID, PLAN_CATEGORY, AGE, GENDER, TOBACCO_USE, OCCUPATION, MEDICAL_STATUS, FAMILY_MEDICAL_HISTORY, BENEFICIARY_NAME, BENEFICIARY_SOCIAL_SECURITY) VALUES
(433814, 'Term Life ', '02/05/1906 00:00:01', 'M', 'No', CHR(13)||CHR(10)
||'Unemployed', 'Healthy', 'Inhalant dependence with inhalant-induced psychotic disorder with delusions', 'Clair Spriggs', 951964073);
INSERT INTO TAD222.LIFE_INSURANCE(POLICY_ID, PLAN_CATEGORY, AGE, GENDER, TOBACCO_USE, OCCUPATION, MEDICAL_STATUS, FAMILY_MEDICAL_HISTORY, BENEFICIARY_NAME, BENEFICIARY_SOCIAL_SECURITY) VALUES
(535260, 'Term Life ', '03/22/1915 00:00:01', 'M', 'No', CHR(13)||CHR(10)
||'Mechanical Engineers', 'Healthy', 'Parapoxvirus infection, unspecified', 'Marcus Duval', 834646010);
INSERT INTO TAD222.LIFE_INSURANCE(POLICY_ID, PLAN_CATEGORY, AGE, GENDER, TOBACCO_USE, OCCUPATION, MEDICAL_STATUS, FAMILY_MEDICAL_HISTORY, BENEFICIARY_NAME, BENEFICIARY_SOCIAL_SECURITY) VALUES
(343814, ' Universal Life', '11/13/2000 00:00:01', 'F', 'No', CHR(13)||CHR(10)
||'Computer Systems Analysts', 'Healthy', 'Contusion of right shoulder, subsequent encounter', 'Agustin Albertson', 248465358);
INSERT INTO TAD222.LIFE_INSURANCE(POLICY_ID, PLAN_CATEGORY, AGE, GENDER, TOBACCO_USE, OCCUPATION, MEDICAL_STATUS, FAMILY_MEDICAL_HISTORY, BENEFICIARY_NAME, BENEFICIARY_SOCIAL_SECURITY) VALUES
(535264, ' Universal Life', '08/07/1999 00:00:01', 'M', 'No', CHR(13)||CHR(10)
||'Hotel, Motel, and Resort Des', 'Healthy', 'Colles'' fracture of left radius, subsequent encounter for open fracture type I or II with routine healing', 'Bart Willoughby', 355261095);
INSERT INTO TAD222.LIFE_INSURANCE(POLICY_ID, PLAN_CATEGORY, AGE, GENDER, TOBACCO_USE, OCCUPATION, MEDICAL_STATUS, FAMILY_MEDICAL_HISTORY, BENEFICIARY_NAME, BENEFICIARY_SOCIAL_SECURITY) VALUES
(625259, ' Whole Life ', '06/16/1925 00:00:01', 'M', 'Yes', CHR(13)||CHR(10)
||'Social and Human Service Ass', 'Healthy', 'Other subluxation of left patella, sequela', 'Aletha Jeffries', 309723209);
INSERT INTO TAD222.LIFE_INSURANCE(POLICY_ID, PLAN_CATEGORY, AGE, GENDER, TOBACCO_USE, OCCUPATION, MEDICAL_STATUS, FAMILY_MEDICAL_HISTORY, BENEFICIARY_NAME, BENEFICIARY_SOCIAL_SECURITY) VALUES
(818507, ' Whole Life ', '03/30/2009 00:00:01', 'M', 'No', CHR(13)||CHR(10)
||'Food Preparation Workers', 'Healthy', 'Labor and delivery complicated by other cord entanglement, with compression, fetus 4', 'Matthew Garnett', 909691927);
INSERT INTO TAD222.LIFE_INSURANCE(POLICY_ID, PLAN_CATEGORY, AGE, GENDER, TOBACCO_USE, OCCUPATION, MEDICAL_STATUS, FAMILY_MEDICAL_HISTORY, BENEFICIARY_NAME, BENEFICIARY_SOCIAL_SECURITY) VALUES
(625265, 'Term Life ', '01/25/2013 00:00:01', 'M', 'Yes', CHR(13)||CHR(10)
||'Computer Systems Engineers/A', 'Not Healthy', 'Sedative, hypnotic, or anxiolytic use, unspecified, uncomplicated', 'Mitsue Mcneely', 637518179);
INSERT INTO TAD222.LIFE_INSURANCE(POLICY_ID, PLAN_CATEGORY, AGE, GENDER, TOBACCO_USE, OCCUPATION, MEDICAL_STATUS, FAMILY_MEDICAL_HISTORY, BENEFICIARY_NAME, BENEFICIARY_SOCIAL_SECURITY) VALUES
(818506, 'Term Life ', '04/27/1961 00:00:01', 'F', 'No', CHR(13)||CHR(10)
||'Auditors', 'Healthy', 'Burn of first degree of unspecified lower leg, sequela', 'Darwin Mccloskey', 468522205);
INSERT INTO TAD222.LIFE_INSURANCE(POLICY_ID, PLAN_CATEGORY, AGE, GENDER, TOBACCO_USE, OCCUPATION, MEDICAL_STATUS, FAMILY_MEDICAL_HISTORY, BENEFICIARY_NAME, BENEFICIARY_SOCIAL_SECURITY) VALUES
(433811, ' Whole Life ', '07/30/1973 00:00:01', 'F', 'No', CHR(13)||CHR(10)
||'Social and Human Service Ass', 'Healthy', 'Jumping or diving into other water striking water surface causing drowning and submersion, sequela', 'Refugio Agnew', 950676407);
INSERT INTO TAD222.LIFE_INSURANCE(POLICY_ID, PLAN_CATEGORY, AGE, GENDER, TOBACCO_USE, OCCUPATION, MEDICAL_STATUS, FAMILY_MEDICAL_HISTORY, BENEFICIARY_NAME, BENEFICIARY_SOCIAL_SECURITY) VALUES
(885172, ' Universal Life', '07/12/1996 00:00:01', 'M', 'No', CHR(13)||CHR(10)
||'Loan Officers', 'Healthy', 'Age-related choroidal atrophy, bilateral', 'Abe Ahmed', 786399136);
INSERT INTO TAD222.LIFE_INSURANCE(POLICY_ID, PLAN_CATEGORY, AGE, GENDER, TOBACCO_USE, OCCUPATION, MEDICAL_STATUS, FAMILY_MEDICAL_HISTORY, BENEFICIARY_NAME, BENEFICIARY_SOCIAL_SECURITY) VALUES
(818505, 'Term Life ', '11/07/1985 00:00:01', 'M', 'No', CHR(13)||CHR(10)
||'Critical Care Nurses', 'Not Healthy', 'Unspecified injury of unspecified middle and inner ear, sequela', 'Krista Kim', 618807164);
INSERT INTO TAD222.LIFE_INSURANCE(POLICY_ID, PLAN_CATEGORY, AGE, GENDER, TOBACCO_USE, OCCUPATION, MEDICAL_STATUS, FAMILY_MEDICAL_HISTORY, BENEFICIARY_NAME, BENEFICIARY_SOCIAL_SECURITY) VALUES
(535261, ' Whole Life ', '10/22/1956 00:00:01', 'M', 'Yes', CHR(13)||CHR(10)
||'Nursing Assistants', 'Not Healthy', 'Displaced articular fracture of head of unspecified femur, subsequent encounter for open fracture type I or II with nonunion', 'Ronnie Wallen', 993578425);
INSERT INTO TAD222.LIFE_INSURANCE(POLICY_ID, PLAN_CATEGORY, AGE, GENDER, TOBACCO_USE, OCCUPATION, MEDICAL_STATUS, FAMILY_MEDICAL_HISTORY, BENEFICIARY_NAME, BENEFICIARY_SOCIAL_SECURITY) VALUES
(343808, 'Term Life ', '06/10/1903 00:00:01', 'F', 'Yes', CHR(13)||CHR(10)
||'Medical Assistants', 'Healthy', 'Nondisplaced segmental fracture of shaft of ulna, right arm, subsequent encounter for open fracture type I or II with routine healing', 'Dominique Garmon', 675674241);
INSERT INTO TAD222.LIFE_INSURANCE(POLICY_ID, PLAN_CATEGORY, AGE, GENDER, TOBACCO_USE, OCCUPATION, MEDICAL_STATUS, FAMILY_MEDICAL_HISTORY, BENEFICIARY_NAME, BENEFICIARY_SOCIAL_SECURITY) VALUES
(999999, ' Universal Life', '10/03/1917 00:00:01', 'M', 'No', CHR(13)||CHR(10)
||'Civil Engineers', 'Not Healthy', 'Unspecified intracapsular fracture of left femur, initial encounter for open fracture type IIIA, IIIB, or IIIC', 'Herschel Michel', 535243900);
INSERT INTO TAD222.LIFE_INSURANCE(POLICY_ID, PLAN_CATEGORY, AGE, GENDER, TOBACCO_USE, OCCUPATION, MEDICAL_STATUS, FAMILY_MEDICAL_HISTORY, BENEFICIARY_NAME, BENEFICIARY_SOCIAL_SECURITY) VALUES
(625261, 'Term Life ', '02/08/1903 00:00:01', 'M', 'No', CHR(13)||CHR(10)
||'Sales Agents, Financial Serv', 'Healthy', 'Displaced fracture of medial phalanx of left ring finger, initial encounter for open fracture', 'Doretha Leblanc', 776610865);
INSERT INTO TAD222.LIFE_INSURANCE(POLICY_ID, PLAN_CATEGORY, AGE, GENDER, TOBACCO_USE, OCCUPATION, MEDICAL_STATUS, FAMILY_MEDICAL_HISTORY, BENEFICIARY_NAME, BENEFICIARY_SOCIAL_SECURITY) VALUES
(433809, ' Universal Life', '06/24/1902 00:00:01', 'F', 'No', CHR(13)||CHR(10)
||'Sales Agents, Financial Serv', 'Healthy', 'Effusion, left hand', 'Anton Matos', 200544884);
INSERT INTO TAD222.LIFE_INSURANCE(POLICY_ID, PLAN_CATEGORY, AGE, GENDER, TOBACCO_USE, OCCUPATION, MEDICAL_STATUS, FAMILY_MEDICAL_HISTORY, BENEFICIARY_NAME, BENEFICIARY_SOCIAL_SECURITY) VALUES
(433808, ' Whole Life ', '04/21/1929 00:00:01', 'F', 'No', CHR(13)||CHR(10)
||'Insurance Adjusters, Examine', 'Healthy', 'Contusion and laceration of left cerebrum with loss of consciousness of unspecified duration, sequela', 'Rosamond Salgado', 463650415);
INSERT INTO TAD222.LIFE_INSURANCE(POLICY_ID, PLAN_CATEGORY, AGE, GENDER, TOBACCO_USE, OCCUPATION, MEDICAL_STATUS, FAMILY_MEDICAL_HISTORY, BENEFICIARY_NAME, BENEFICIARY_SOCIAL_SECURITY) VALUES
(223688, ' Universal Life', '12/22/1911 00:00:01', 'M', 'No', CHR(13)||CHR(10)
||'Computer Systems Analysts', 'Healthy', 'Furuncle of perineum', 'Adeline Beckham', 698376687);
INSERT INTO TAD222.LIFE_INSURANCE(POLICY_ID, PLAN_CATEGORY, AGE, GENDER, TOBACCO_USE, OCCUPATION, MEDICAL_STATUS, FAMILY_MEDICAL_HISTORY, BENEFICIARY_NAME, BENEFICIARY_SOCIAL_SECURITY) VALUES
(343809, ' Universal Life', '06/19/1952 00:00:01', 'F', 'No', CHR(13)||CHR(10)
||'Accountants', 'Healthy', 'Retained (nonmagnetic) (old) foreign body in iris or ciliary body, right eye', 'Olen Ogle', 998307840);
INSERT INTO TAD222.LIFE_INSURANCE(POLICY_ID, PLAN_CATEGORY, AGE, GENDER, TOBACCO_USE, OCCUPATION, MEDICAL_STATUS, FAMILY_MEDICAL_HISTORY, BENEFICIARY_NAME, BENEFICIARY_SOCIAL_SECURITY) VALUES
(343811, ' Universal Life', '02/15/2010 00:00:01', 'M', 'Yes', CHR(13)||CHR(10)
||'Web Developers', 'Not Healthy', 'Anterior subluxation of unspecified humerus, initial encounter', 'Lewis Guerra', 415343620);
INSERT INTO TAD222.LIFE_INSURANCE(POLICY_ID, PLAN_CATEGORY, AGE, GENDER, TOBACCO_USE, OCCUPATION, MEDICAL_STATUS, FAMILY_MEDICAL_HISTORY, BENEFICIARY_NAME, BENEFICIARY_SOCIAL_SECURITY) VALUES
(625260, ' Whole Life ', '02/05/1966 00:00:01', 'M', 'Yes', CHR(13)||CHR(10)
||'Mechanical Engineers', 'Healthy', 'Patulous Eustachian tube, right ear', 'Avelina Penn', 125787012);
INSERT INTO TAD222.LIFE_INSURANCE(POLICY_ID, PLAN_CATEGORY, AGE, GENDER, TOBACCO_USE, OCCUPATION, MEDICAL_STATUS, FAMILY_MEDICAL_HISTORY, BENEFICIARY_NAME, BENEFICIARY_SOCIAL_SECURITY) VALUES
(975168, 'Term Life ', '11/16/1977 00:00:01', 'M', 'No', CHR(13)||CHR(10)
||'First-Line Supervisors of Re', 'Not Healthy', 'Unspecified open wound of right eyelid and periocular area, sequela', 'Gaston Cardenas', 387931449);
INSERT INTO TAD222.LIFE_INSURANCE(POLICY_ID, PLAN_CATEGORY, AGE, GENDER, TOBACCO_USE, OCCUPATION, MEDICAL_STATUS, FAMILY_MEDICAL_HISTORY, BENEFICIARY_NAME, BENEFICIARY_SOCIAL_SECURITY) VALUES
(343812, ' Universal Life', '09/04/1914 00:00:01', 'M', 'No', CHR(13)||CHR(10)
||'Physical Therapists', 'Healthy', 'Driver of pick-up truck or van injured in collision with railway train or railway vehicle in traffic accident, subsequent encounter', 'Scottie Seaman', 268180060);
INSERT INTO TAD222.LIFE_INSURANCE(POLICY_ID, PLAN_CATEGORY, AGE, GENDER, TOBACCO_USE, OCCUPATION, MEDICAL_STATUS, FAMILY_MEDICAL_HISTORY, BENEFICIARY_NAME, BENEFICIARY_SOCIAL_SECURITY) VALUES
(885171, ' Whole Life ', '01/06/1901 00:00:01', 'F', 'No', CHR(13)||CHR(10)
||'Critical Care Nurses', 'Not Healthy', 'Sick sinus syndrome', 'Phyllis Lindstrom', 939358407);
INSERT INTO TAD222.LIFE_INSURANCE(POLICY_ID, PLAN_CATEGORY, AGE, GENDER, TOBACCO_USE, OCCUPATION, MEDICAL_STATUS, FAMILY_MEDICAL_HISTORY, BENEFICIARY_NAME, BENEFICIARY_SOCIAL_SECURITY) VALUES
(818503, 'Term Life ', '01/29/2014 00:00:01', 'F', 'Yes', CHR(13)||CHR(10)
||'Waiters and Waitresses', 'Not Healthy', 'Displaced fracture of greater tuberosity of right humerus, sequela', 'Adelaida Matheny', 189261234);
INSERT INTO TAD222.LIFE_INSURANCE(POLICY_ID, PLAN_CATEGORY, AGE, GENDER, TOBACCO_USE, OCCUPATION, MEDICAL_STATUS, FAMILY_MEDICAL_HISTORY, BENEFICIARY_NAME, BENEFICIARY_SOCIAL_SECURITY) VALUES
(728503, ' Whole Life ', '01/01/1991 00:00:01', 'F', 'Yes', CHR(13)||CHR(10)
||'Retail Salespersons', 'Not Healthy', 'Lymphoid leukemia, unspecified, in relapse', 'Madelene Curran', 596052625);
INSERT INTO TAD222.LIFE_INSURANCE(POLICY_ID, PLAN_CATEGORY, AGE, GENDER, TOBACCO_USE, OCCUPATION, MEDICAL_STATUS, FAMILY_MEDICAL_HISTORY, BENEFICIARY_NAME, BENEFICIARY_SOCIAL_SECURITY) VALUES
(818504, ' Universal Life', '01/01/1901 00:00:01', 'M', 'No', CHR(13)||CHR(10)
||'Sales Representatives', 'Not Healthy', 'Acute on chronic combined systolic (congestive) and diastolic (congestive) heart failure', 'Holli Pendergrass', 686202864);
INSERT INTO TAD222.LIFE_INSURANCE(POLICY_ID, PLAN_CATEGORY, AGE, GENDER, TOBACCO_USE, OCCUPATION, MEDICAL_STATUS, FAMILY_MEDICAL_HISTORY, BENEFICIARY_NAME, BENEFICIARY_SOCIAL_SECURITY) VALUES
(975167, 'Term Life ', '06/07/1988 00:00:01', 'F', 'Yes', CHR(13)||CHR(10)
||'Sales Representatives'||CHR(13)||CHR(10)
||'Maint', 'Healthy', 'Legal intervention involving other explosives, law enforcement official injured, sequela', 'Katlyn Baer', 965462878);
INSERT INTO TAD222.LIFE_INSURANCE(POLICY_ID, PLAN_CATEGORY, AGE, GENDER, TOBACCO_USE, OCCUPATION, MEDICAL_STATUS, FAMILY_MEDICAL_HISTORY, BENEFICIARY_NAME, BENEFICIARY_SOCIAL_SECURITY) VALUES
(535263, 'Term Life ', '09/15/1903 00:00:01', 'F', 'Yes', CHR(13)||CHR(10)
||'Physical Therapists', 'Healthy', 'Passenger of ambulance or fire engine injured in traffic accident, initial encounter', 'Abel Ransom', 784123436);
INSERT INTO TAD222.LIFE_INSURANCE(POLICY_ID, PLAN_CATEGORY, AGE, GENDER, TOBACCO_USE, OCCUPATION, MEDICAL_STATUS, FAMILY_MEDICAL_HISTORY, BENEFICIARY_NAME, BENEFICIARY_SOCIAL_SECURITY) VALUES
(433813, 'Term Life ', '09/28/1920 00:00:01', 'F', 'Yes', CHR(13)||CHR(10)
||'Janitors and Cleaners, Excep', 'Not Healthy', 'Unspecified fracture of shaft of right femur, initial encounter for open fracture type IIIA, IIIB, or IIIC', 'Alphonse Logue', 379642181);
INSERT INTO TAD222.LIFE_INSURANCE(POLICY_ID, PLAN_CATEGORY, AGE, GENDER, TOBACCO_USE, OCCUPATION, MEDICAL_STATUS, FAMILY_MEDICAL_HISTORY, BENEFICIARY_NAME, BENEFICIARY_SOCIAL_SECURITY) VALUES
(625262, ' Universal Life', '07/19/1902 00:00:01', 'M', 'Yes', CHR(13)||CHR(10)
||'Loan Officers', 'Not Healthy', 'Insect bite (nonvenomous) of right forearm, sequela', 'Jesus Delgadillo', 352871257);
INSERT INTO TAD222.LIFE_INSURANCE(POLICY_ID, PLAN_CATEGORY, AGE, GENDER, TOBACCO_USE, OCCUPATION, MEDICAL_STATUS, FAMILY_MEDICAL_HISTORY, BENEFICIARY_NAME, BENEFICIARY_SOCIAL_SECURITY) VALUES
(433810, ' Whole Life ', '11/17/1919 00:00:01', 'M', 'Yes', CHR(13)||CHR(10)
||'Medical Assistants', 'Healthy', 'Poisoning by local astringents and local detergents, assault, subsequent encounter', 'Lorelei Jordan', 583507321);
INSERT INTO TAD222.LIFE_INSURANCE(POLICY_ID, PLAN_CATEGORY, AGE, GENDER, TOBACCO_USE, OCCUPATION, MEDICAL_STATUS, FAMILY_MEDICAL_HISTORY, BENEFICIARY_NAME, BENEFICIARY_SOCIAL_SECURITY) VALUES
(223689, ' Universal Life', '01/24/1972 00:00:01', 'M', 'No', CHR(13)||CHR(10)
||'Industrial Engineers', 'Healthy', 'Underdosing of aspirin, sequela', 'Davis Alvarado', 401838090);
INSERT INTO TAD222.LIFE_INSURANCE(POLICY_ID, PLAN_CATEGORY, AGE, GENDER, TOBACCO_USE, OCCUPATION, MEDICAL_STATUS, FAMILY_MEDICAL_HISTORY, BENEFICIARY_NAME, BENEFICIARY_SOCIAL_SECURITY) VALUES
(133688, ' Whole Life ', '11/14/1919 00:00:01', 'M', 'No', CHR(13)||CHR(10)
||'Network and Computer Systems', 'Not Healthy', 'Displacement of intraocular lens, subsequent encounter', 'Estella Roche', 993557076);
INSERT INTO TAD222.LIFE_INSURANCE(POLICY_ID, PLAN_CATEGORY, AGE, GENDER, TOBACCO_USE, OCCUPATION, MEDICAL_STATUS, FAMILY_MEDICAL_HISTORY, BENEFICIARY_NAME, BENEFICIARY_SOCIAL_SECURITY) VALUES
(728504, 'Term Life ', '06/20/1965 00:00:01', 'F', 'Yes', CHR(13)||CHR(10)
||'Waiters and Waitresses', 'Healthy', 'Chronic gout due to renal impairment, left hip, with tophus (tophi)', 'Jayme Kunkel', 439852722);
INSERT INTO TAD222.LIFE_INSURANCE(POLICY_ID, PLAN_CATEGORY, AGE, GENDER, TOBACCO_USE, OCCUPATION, MEDICAL_STATUS, FAMILY_MEDICAL_HISTORY, BENEFICIARY_NAME, BENEFICIARY_SOCIAL_SECURITY) VALUES
(343810, ' Whole Life ', '10/23/1996 00:00:01', 'F', 'No', CHR(13)||CHR(10)
||'Electrical Engineers', 'Not Healthy', 'Puncture wound without foreign body, unspecified foot, sequela', 'Chas Billingsley', 913732266);
INSERT INTO TAD222.LIFE_INSURANCE(POLICY_ID, PLAN_CATEGORY, AGE, GENDER, TOBACCO_USE, OCCUPATION, MEDICAL_STATUS, FAMILY_MEDICAL_HISTORY, BENEFICIARY_NAME, BENEFICIARY_SOCIAL_SECURITY) VALUES
(433812, ' Whole Life ', '04/07/1901 00:00:01', 'F', 'Yes', CHR(13)||CHR(10)
||'Software Developers, Applica', 'Healthy', 'Other specified injury of ulnar artery at wrist and hand level of left arm, sequela', 'Madelene Gracia', 189190036);
INSERT INTO TAD222.LIFE_INSURANCE(POLICY_ID, PLAN_CATEGORY, AGE, GENDER, TOBACCO_USE, OCCUPATION, MEDICAL_STATUS, FAMILY_MEDICAL_HISTORY, BENEFICIARY_NAME, BENEFICIARY_SOCIAL_SECURITY) VALUES
(535262, ' Universal Life', '10/18/1928 00:00:01', 'M', 'Yes', CHR(13)||CHR(10)
||'Sales Representatives'||CHR(13)||CHR(10)
||'Maint', 'Not Healthy', 'Other physeal fracture of upper end of radius, left arm, subsequent encounter for fracture with nonunion', 'Carl Montanez', 992177635);
INSERT INTO TAD222.LIFE_INSURANCE(POLICY_ID, PLAN_CATEGORY, AGE, GENDER, TOBACCO_USE, OCCUPATION, MEDICAL_STATUS, FAMILY_MEDICAL_HISTORY, BENEFICIARY_NAME, BENEFICIARY_SOCIAL_SECURITY) VALUES
(885170, ' Whole Life ', '04/07/1901 00:00:01', 'M', 'Yes', ' '||CHR(13)||CHR(10)
||'Registered Nurses', 'Healthy', 'Puncture wound without foreign body of left lesser toe(s) without damage to nail, sequela', 'Coleen Hammonds', 144839887);

--
-- Inserting data into table TAD222.MANAGES
--
INSERT INTO TAD222.MANAGES(EMPLOYEE_ID, CLAIM_ID) VALUES
(865868, 965463);
INSERT INTO TAD222.MANAGES(EMPLOYEE_ID, CLAIM_ID) VALUES
(722721, 450039);
INSERT INTO TAD222.MANAGES(EMPLOYEE_ID, CLAIM_ID) VALUES
(503803, 875464);
INSERT INTO TAD222.MANAGES(EMPLOYEE_ID, CLAIM_ID) VALUES
(197922, 360038);
INSERT INTO TAD222.MANAGES(EMPLOYEE_ID, CLAIM_ID) VALUES
(342819, 450041);
INSERT INTO TAD222.MANAGES(EMPLOYEE_ID, CLAIM_ID) VALUES
(503807, 965464);
INSERT INTO TAD222.MANAGES(EMPLOYEE_ID, CLAIM_ID) VALUES
(503806, 740174);
INSERT INTO TAD222.MANAGES(EMPLOYEE_ID, CLAIM_ID) VALUES
(432821, 875466);
INSERT INTO TAD222.MANAGES(EMPLOYEE_ID, CLAIM_ID) VALUES
(593807, 650174);
INSERT INTO TAD222.MANAGES(EMPLOYEE_ID, CLAIM_ID) VALUES
(593804, 272693);
INSERT INTO TAD222.MANAGES(EMPLOYEE_ID, CLAIM_ID) VALUES
(503802, 875463);
INSERT INTO TAD222.MANAGES(EMPLOYEE_ID, CLAIM_ID) VALUES
(955863, 182692);
INSERT INTO TAD222.MANAGES(EMPLOYEE_ID, CLAIM_ID) VALUES
(432820, 450043);
INSERT INTO TAD222.MANAGES(EMPLOYEE_ID, CLAIM_ID) VALUES
(955862, 623926);
INSERT INTO TAD222.MANAGES(EMPLOYEE_ID, CLAIM_ID) VALUES
(722722, 650171);
INSERT INTO TAD222.MANAGES(EMPLOYEE_ID, CLAIM_ID) VALUES
(955866, 740175);
INSERT INTO TAD222.MANAGES(EMPLOYEE_ID, CLAIM_ID) VALUES
(593803, 965461);
INSERT INTO TAD222.MANAGES(EMPLOYEE_ID, CLAIM_ID) VALUES
(593805, 533929);
INSERT INTO TAD222.MANAGES(EMPLOYEE_ID, CLAIM_ID) VALUES
(593806, 360043);
INSERT INTO TAD222.MANAGES(EMPLOYEE_ID, CLAIM_ID) VALUES
(342818, 740172);
INSERT INTO TAD222.MANAGES(EMPLOYEE_ID, CLAIM_ID) VALUES
(955864, 740173);
INSERT INTO TAD222.MANAGES(EMPLOYEE_ID, CLAIM_ID) VALUES
(197927, 450042);
INSERT INTO TAD222.MANAGES(EMPLOYEE_ID, CLAIM_ID) VALUES
(107922, 360039);
INSERT INTO TAD222.MANAGES(EMPLOYEE_ID, CLAIM_ID) VALUES
(865865, 450040);
INSERT INTO TAD222.MANAGES(EMPLOYEE_ID, CLAIM_ID) VALUES
(865863, 740171);
INSERT INTO TAD222.MANAGES(EMPLOYEE_ID, CLAIM_ID) VALUES
(999999, 999999);
INSERT INTO TAD222.MANAGES(EMPLOYEE_ID, CLAIM_ID) VALUES
(107923, 965462);
INSERT INTO TAD222.MANAGES(EMPLOYEE_ID, CLAIM_ID) VALUES
(197925, 533927);
INSERT INTO TAD222.MANAGES(EMPLOYEE_ID, CLAIM_ID) VALUES
(197924, 650172);
INSERT INTO TAD222.MANAGES(EMPLOYEE_ID, CLAIM_ID) VALUES
(865866, 533926);
INSERT INTO TAD222.MANAGES(EMPLOYEE_ID, CLAIM_ID) VALUES
(342820, 450044);
INSERT INTO TAD222.MANAGES(EMPLOYEE_ID, CLAIM_ID) VALUES
(955861, 533925);
INSERT INTO TAD222.MANAGES(EMPLOYEE_ID, CLAIM_ID) VALUES
(107925, 650173);
INSERT INTO TAD222.MANAGES(EMPLOYEE_ID, CLAIM_ID) VALUES
(503805, 360042);
INSERT INTO TAD222.MANAGES(EMPLOYEE_ID, CLAIM_ID) VALUES
(432819, 182693);
INSERT INTO TAD222.MANAGES(EMPLOYEE_ID, CLAIM_ID) VALUES
(503804, 875465);
INSERT INTO TAD222.MANAGES(EMPLOYEE_ID, CLAIM_ID) VALUES
(812722, 360040);
INSERT INTO TAD222.MANAGES(EMPLOYEE_ID, CLAIM_ID) VALUES
(197923, 272692);
INSERT INTO TAD222.MANAGES(EMPLOYEE_ID, CLAIM_ID) VALUES
(593801, 623925);
INSERT INTO TAD222.MANAGES(EMPLOYEE_ID, CLAIM_ID) VALUES
(197926, 623928);
INSERT INTO TAD222.MANAGES(EMPLOYEE_ID, CLAIM_ID) VALUES
(107927, 623930);
INSERT INTO TAD222.MANAGES(EMPLOYEE_ID, CLAIM_ID) VALUES
(107924, 623927);
INSERT INTO TAD222.MANAGES(EMPLOYEE_ID, CLAIM_ID) VALUES
(865867, 360041);
INSERT INTO TAD222.MANAGES(EMPLOYEE_ID, CLAIM_ID) VALUES
(865864, 875462);
INSERT INTO TAD222.MANAGES(EMPLOYEE_ID, CLAIM_ID) VALUES
(107926, 533928);
INSERT INTO TAD222.MANAGES(EMPLOYEE_ID, CLAIM_ID) VALUES
(812723, 272694);
INSERT INTO TAD222.MANAGES(EMPLOYEE_ID, CLAIM_ID) VALUES
(955865, 623929);
INSERT INTO TAD222.MANAGES(EMPLOYEE_ID, CLAIM_ID) VALUES
(503801, 875461);
INSERT INTO TAD222.MANAGES(EMPLOYEE_ID, CLAIM_ID) VALUES
(812721, 965460);
INSERT INTO TAD222.MANAGES(EMPLOYEE_ID, CLAIM_ID) VALUES
(593802, 965459);

--
-- Inserting data into table TAD222.OUTSOURCES
--
INSERT INTO TAD222.OUTSOURCES(NAME, CLAIM_ID) VALUES
(' Exodus ', 999999);
INSERT INTO TAD222.OUTSOURCES(NAME, CLAIM_ID) VALUES
(' Privance ', 450039);
INSERT INTO TAD222.OUTSOURCES(NAME, CLAIM_ID) VALUES
(' Rail ', 450039);
INSERT INTO TAD222.OUTSOURCES(NAME, CLAIM_ID) VALUES
(' Cology ', 360038);
INSERT INTO TAD222.OUTSOURCES(NAME, CLAIM_ID) VALUES
(' Rail ', 360039);
INSERT INTO TAD222.OUTSOURCES(NAME, CLAIM_ID) VALUES
(' Gymitive ', 623926);
INSERT INTO TAD222.OUTSOURCES(NAME, CLAIM_ID) VALUES
('Digitinar ', 450039);
INSERT INTO TAD222.OUTSOURCES(NAME, CLAIM_ID) VALUES
(' Rail ', 272692);
INSERT INTO TAD222.OUTSOURCES(NAME, CLAIM_ID) VALUES
(' Homestic ', 360039);
INSERT INTO TAD222.OUTSOURCES(NAME, CLAIM_ID) VALUES
(' Econder ', 740171);
INSERT INTO TAD222.OUTSOURCES(NAME, CLAIM_ID) VALUES
(' Econder ', 360038);
INSERT INTO TAD222.OUTSOURCES(NAME, CLAIM_ID) VALUES
(' Privance ', 360039);
INSERT INTO TAD222.OUTSOURCES(NAME, CLAIM_ID) VALUES
(' Metrol ', 533925);
INSERT INTO TAD222.OUTSOURCES(NAME, CLAIM_ID) VALUES
(' Cology ', 740171);
INSERT INTO TAD222.OUTSOURCES(NAME, CLAIM_ID) VALUES
(' Gymitive ', 999999);
INSERT INTO TAD222.OUTSOURCES(NAME, CLAIM_ID) VALUES
(' Privance ', 875463);
INSERT INTO TAD222.OUTSOURCES(NAME, CLAIM_ID) VALUES
('Digitinar ', 533925);
INSERT INTO TAD222.OUTSOURCES(NAME, CLAIM_ID) VALUES
(' Exodus ', 360039);
INSERT INTO TAD222.OUTSOURCES(NAME, CLAIM_ID) VALUES
(' Econder ', 875462);
INSERT INTO TAD222.OUTSOURCES(NAME, CLAIM_ID) VALUES
(' Indental ', 965459);
INSERT INTO TAD222.OUTSOURCES(NAME, CLAIM_ID) VALUES
(' Privance ', 999999);
INSERT INTO TAD222.OUTSOURCES(NAME, CLAIM_ID) VALUES
(' Rail ', 999999);
INSERT INTO TAD222.OUTSOURCES(NAME, CLAIM_ID) VALUES
(' Gymitive ', 360039);
INSERT INTO TAD222.OUTSOURCES(NAME, CLAIM_ID) VALUES
(' Homestic ', 875462);
INSERT INTO TAD222.OUTSOURCES(NAME, CLAIM_ID) VALUES
('Digitinar ', 740171);
INSERT INTO TAD222.OUTSOURCES(NAME, CLAIM_ID) VALUES
(' Indental ', 875461);
INSERT INTO TAD222.OUTSOURCES(NAME, CLAIM_ID) VALUES
(' Cology ', 533925);
INSERT INTO TAD222.OUTSOURCES(NAME, CLAIM_ID) VALUES
(' Gymitive ', 272692);
INSERT INTO TAD222.OUTSOURCES(NAME, CLAIM_ID) VALUES
('Digitinar ', 875462);
INSERT INTO TAD222.OUTSOURCES(NAME, CLAIM_ID) VALUES
(' Metrol ', 360038);
INSERT INTO TAD222.OUTSOURCES(NAME, CLAIM_ID) VALUES
(' Cology ', 965460);
INSERT INTO TAD222.OUTSOURCES(NAME, CLAIM_ID) VALUES
(' Homestic ', 533925);
INSERT INTO TAD222.OUTSOURCES(NAME, CLAIM_ID) VALUES
(' Indental ', 360038);
INSERT INTO TAD222.OUTSOURCES(NAME, CLAIM_ID) VALUES
(' Privance ', 272692);
INSERT INTO TAD222.OUTSOURCES(NAME, CLAIM_ID) VALUES
(' Homestic ', 965460);
INSERT INTO TAD222.OUTSOURCES(NAME, CLAIM_ID) VALUES
(' Metrol ', 740171);
INSERT INTO TAD222.OUTSOURCES(NAME, CLAIM_ID) VALUES
(' Exodus ', 965460);
INSERT INTO TAD222.OUTSOURCES(NAME, CLAIM_ID) VALUES
(' Metrol ', 965459);
INSERT INTO TAD222.OUTSOURCES(NAME, CLAIM_ID) VALUES
(' Indental ', 623925);
INSERT INTO TAD222.OUTSOURCES(NAME, CLAIM_ID) VALUES
(' Cology ', 875462);
INSERT INTO TAD222.OUTSOURCES(NAME, CLAIM_ID) VALUES
(' Gymitive ', 875463);
INSERT INTO TAD222.OUTSOURCES(NAME, CLAIM_ID) VALUES
(' Exodus ', 450039);
INSERT INTO TAD222.OUTSOURCES(NAME, CLAIM_ID) VALUES
(' Econder ', 533925);
INSERT INTO TAD222.OUTSOURCES(NAME, CLAIM_ID) VALUES
(' Exodus ', 875462);
INSERT INTO TAD222.OUTSOURCES(NAME, CLAIM_ID) VALUES
('Digitinar ', 965460);
INSERT INTO TAD222.OUTSOURCES(NAME, CLAIM_ID) VALUES
(' Indental ', 740171);
INSERT INTO TAD222.OUTSOURCES(NAME, CLAIM_ID) VALUES
(' Homestic ', 450039);
INSERT INTO TAD222.OUTSOURCES(NAME, CLAIM_ID) VALUES
(' Metrol ', 875461);
INSERT INTO TAD222.OUTSOURCES(NAME, CLAIM_ID) VALUES
(' Rail ', 965460);
INSERT INTO TAD222.OUTSOURCES(NAME, CLAIM_ID) VALUES
(' Econder ', 965459);

--
-- Inserting data into table TAD222.POLICY_PAYMENT
--
INSERT INTO TAD222.POLICY_PAYMENT(PAYMENT_ID, POLICY_ID, RECIPIENT_NAME, RECIPIENT_ADDRESS, BANK, PAYMENT_AMOUNT) VALUES
(975611, 133689, 'Dante Abel', '13 Rocky'||CHR(13)||CHR(10)
||'	Fabien'||CHR(13)||CHR(10)
||'	Avenue', 'Citigroup', 3957.84);
INSERT INTO TAD222.POLICY_PAYMENT(PAYMENT_ID, POLICY_ID, RECIPIENT_NAME, RECIPIENT_ADDRESS, BANK, PAYMENT_AMOUNT) VALUES
(885609, 433809, 'Jarod Heinz', '87 South Nobel'||CHR(13)||CHR(10)
||'	Drive', 'Chase', 1587.37);
INSERT INTO TAD222.POLICY_PAYMENT(PAYMENT_ID, POLICY_ID, RECIPIENT_NAME, RECIPIENT_ADDRESS, BANK, PAYMENT_AMOUNT) VALUES
(744757, 343811, 'Elijah Rockwell', '95 White Oak'||CHR(13)||CHR(10)
||'	Parkway', 'Citigroup', 4018.71);
INSERT INTO TAD222.POLICY_PAYMENT(PAYMENT_ID, POLICY_ID, RECIPIENT_NAME, RECIPIENT_ADDRESS, BANK, PAYMENT_AMOUNT) VALUES
(744755, 433808, 'Teresita Weston', '59 Cowley'||CHR(13)||CHR(10)
||'	Avenue', 'Citigroup', 2417.46);
INSERT INTO TAD222.POLICY_PAYMENT(PAYMENT_ID, POLICY_ID, RECIPIENT_NAME, RECIPIENT_ADDRESS, BANK, PAYMENT_AMOUNT) VALUES
(179902, 818506, 'Albertina Gerber', '88 Oak'||CHR(13)||CHR(10)
||'	Avenue', 'Chase', 4246.06);
INSERT INTO TAD222.POLICY_PAYMENT(PAYMENT_ID, POLICY_ID, RECIPIENT_NAME, RECIPIENT_ADDRESS, BANK, PAYMENT_AMOUNT) VALUES
(885614, 433815, 'Curt Altman', '377 New'||CHR(13)||CHR(10)
||'	Blvd.', 'Wells Fargo', 2067.89);
INSERT INTO TAD222.POLICY_PAYMENT(PAYMENT_ID, POLICY_ID, RECIPIENT_NAME, RECIPIENT_ADDRESS, BANK, PAYMENT_AMOUNT) VALUES
(885613, 433814, 'Erasmo Paige', '45 Green Old'||CHR(13)||CHR(10)
||'	Freeway', 'Citigroup', 4199.87);
INSERT INTO TAD222.POLICY_PAYMENT(PAYMENT_ID, POLICY_ID, RECIPIENT_NAME, RECIPIENT_ADDRESS, BANK, PAYMENT_AMOUNT) VALUES
(179904, 343814, 'Roland Denny', '83 Green Old'||CHR(13)||CHR(10)
||'	Blvd.', 'Wells Fargo', 2827.23);
INSERT INTO TAD222.POLICY_PAYMENT(PAYMENT_ID, POLICY_ID, RECIPIENT_NAME, RECIPIENT_ADDRESS, BANK, PAYMENT_AMOUNT) VALUES
(440374, 625265, 'Lavina Oakley', '46 Rocky'||CHR(13)||CHR(10)
||'	Old'||CHR(13)||CHR(10)
||'	Road', 'Chase', 2749.27);
INSERT INTO TAD222.POLICY_PAYMENT(PAYMENT_ID, POLICY_ID, RECIPIENT_NAME, RECIPIENT_ADDRESS, BANK, PAYMENT_AMOUNT) VALUES
(584925, 818505, 'Candelaria Cheek', '458 New'||CHR(13)||CHR(10)
||'	Avenue', 'Chase', 2256.06);
INSERT INTO TAD222.POLICY_PAYMENT(PAYMENT_ID, POLICY_ID, RECIPIENT_NAME, RECIPIENT_ADDRESS, BANK, PAYMENT_AMOUNT) VALUES
(975607, 625260, 'Clarence Link', '56 Cowley'||CHR(13)||CHR(10)
||'	Blvd.', 'Wells Fargo', 3698.37);
INSERT INTO TAD222.POLICY_PAYMENT(PAYMENT_ID, POLICY_ID, RECIPIENT_NAME, RECIPIENT_ADDRESS, BANK, PAYMENT_AMOUNT) VALUES
(975608, 975168, 'Brent Mosher', '771 White New'||CHR(13)||CHR(10)
||'	Way', 'Wells Fargo', 2767.52);
INSERT INTO TAD222.POLICY_PAYMENT(PAYMENT_ID, POLICY_ID, RECIPIENT_NAME, RECIPIENT_ADDRESS, BANK, PAYMENT_AMOUNT) VALUES
(269904, 975169, 'Abby Guinn', '16 First'||CHR(13)||CHR(10)
||'	Parkway', 'BofA', 4125.33);
INSERT INTO TAD222.POLICY_PAYMENT(PAYMENT_ID, POLICY_ID, RECIPIENT_NAME, RECIPIENT_ADDRESS, BANK, PAYMENT_AMOUNT) VALUES
(440371, 728503, 'Lai Abraham', '773 Green Milton'||CHR(13)||CHR(10)
||'	Way', 'BofA', 2066.56);
INSERT INTO TAD222.POLICY_PAYMENT(PAYMENT_ID, POLICY_ID, RECIPIENT_NAME, RECIPIENT_ADDRESS, BANK, PAYMENT_AMOUNT) VALUES
(654757, 818504, 'Adah Aldridge', '627 West Green Milton'||CHR(13)||CHR(10)
||'	Boulevard', 'BofA', 705.09);
INSERT INTO TAD222.POLICY_PAYMENT(PAYMENT_ID, POLICY_ID, RECIPIENT_NAME, RECIPIENT_ADDRESS, BANK, PAYMENT_AMOUNT) VALUES
(744759, 885172, 'Adam Alvarado', '73 White Old'||CHR(13)||CHR(10)
||'	Avenue', 'Chase', 2766.23);
INSERT INTO TAD222.POLICY_PAYMENT(PAYMENT_ID, POLICY_ID, RECIPIENT_NAME, RECIPIENT_ADDRESS, BANK, PAYMENT_AMOUNT) VALUES
(654756, 433810, 'Elinore Galloway', '85 South Clarendon'||CHR(13)||CHR(10)
||'	Parkway', 'Chase', 1570.56);
INSERT INTO TAD222.POLICY_PAYMENT(PAYMENT_ID, POLICY_ID, RECIPIENT_NAME, RECIPIENT_ADDRESS, BANK, PAYMENT_AMOUNT) VALUES
(584928, 343813, 'Armand Reaves', '427 West Hague'||CHR(13)||CHR(10)
||'	Freeway', 'Chase', 1559.61);
INSERT INTO TAD222.POLICY_PAYMENT(PAYMENT_ID, POLICY_ID, RECIPIENT_NAME, RECIPIENT_ADDRESS, BANK, PAYMENT_AMOUNT) VALUES
(494928, 625264, 'Karmen Katz', '229 Green Old'||CHR(13)||CHR(10)
||'	Drive', 'Wells Fargo', 4386.49);
INSERT INTO TAD222.POLICY_PAYMENT(PAYMENT_ID, POLICY_ID, RECIPIENT_NAME, RECIPIENT_ADDRESS, BANK, PAYMENT_AMOUNT) VALUES
(350371, 728504, 'Jerold Batson', '38 Nobel'||CHR(13)||CHR(10)
||'	Way', 'BofA', 4875.54);
INSERT INTO TAD222.POLICY_PAYMENT(PAYMENT_ID, POLICY_ID, RECIPIENT_NAME, RECIPIENT_ADDRESS, BANK, PAYMENT_AMOUNT) VALUES
(744758, 535261, 'Dorine Andrews', '41 Rocky'||CHR(13)||CHR(10)
||'	Fabien'||CHR(13)||CHR(10)
||'	Way', 'Wells Fargo', 651.25);
INSERT INTO TAD222.POLICY_PAYMENT(PAYMENT_ID, POLICY_ID, RECIPIENT_NAME, RECIPIENT_ADDRESS, BANK, PAYMENT_AMOUNT) VALUES
(269903, 728506, 'Brent Littlefield', '392 Cowley'||CHR(13)||CHR(10)
||'	Road', 'Chase', 554.77);
INSERT INTO TAD222.POLICY_PAYMENT(PAYMENT_ID, POLICY_ID, RECIPIENT_NAME, RECIPIENT_ADDRESS, BANK, PAYMENT_AMOUNT) VALUES
(744756, 818503, 'Abe Anderson', '62 North White Hague'||CHR(13)||CHR(10)
||'	Parkway', 'Chase', 4658.19);
INSERT INTO TAD222.POLICY_PAYMENT(PAYMENT_ID, POLICY_ID, RECIPIENT_NAME, RECIPIENT_ADDRESS, BANK, PAYMENT_AMOUNT) VALUES
(885610, 343810, 'Abbie Julian', '683 Green First'||CHR(13)||CHR(10)
||'	Parkway', 'Citigroup', 4322.29);
INSERT INTO TAD222.POLICY_PAYMENT(PAYMENT_ID, POLICY_ID, RECIPIENT_NAME, RECIPIENT_ADDRESS, BANK, PAYMENT_AMOUNT) VALUES
(584924, 975167, 'Karin Alonso', '91 South Rocky'||CHR(13)||CHR(10)
||'	New'||CHR(13)||CHR(10)
||'	Drive', 'Wells Fargo', 1239.91);
INSERT INTO TAD222.POLICY_PAYMENT(PAYMENT_ID, POLICY_ID, RECIPIENT_NAME, RECIPIENT_ADDRESS, BANK, PAYMENT_AMOUNT) VALUES
(494924, 885170, 'Elisha Collazo', '99 Nobel'||CHR(13)||CHR(10)
||'	Street', 'Wells Fargo', 1626.21);
INSERT INTO TAD222.POLICY_PAYMENT(PAYMENT_ID, POLICY_ID, RECIPIENT_NAME, RECIPIENT_ADDRESS, BANK, PAYMENT_AMOUNT) VALUES
(494925, 625261, 'Inell Bunker', '44 West White Oak'||CHR(13)||CHR(10)
||'	Avenue', 'Wells Fargo', 931.92);
INSERT INTO TAD222.POLICY_PAYMENT(PAYMENT_ID, POLICY_ID, RECIPIENT_NAME, RECIPIENT_ADDRESS, BANK, PAYMENT_AMOUNT) VALUES
(885612, 223688, 'Saul Winn', '629 Green Old'||CHR(13)||CHR(10)
||'	Road', 'BofA', 3129.44);
INSERT INTO TAD222.POLICY_PAYMENT(PAYMENT_ID, POLICY_ID, RECIPIENT_NAME, RECIPIENT_ADDRESS, BANK, PAYMENT_AMOUNT) VALUES
(584926, 885171, 'Jonell Moser', '82 Fabien'||CHR(13)||CHR(10)
||'	Drive', 'Wells Fargo', 2446.92);
INSERT INTO TAD222.POLICY_PAYMENT(PAYMENT_ID, POLICY_ID, RECIPIENT_NAME, RECIPIENT_ADDRESS, BANK, PAYMENT_AMOUNT) VALUES
(885611, 535260, 'Mathilde Shannon', '508 Rocky'||CHR(13)||CHR(10)
||'	Nobel'||CHR(13)||CHR(10)
||'	Avenue', 'Chase', 2766.17);
INSERT INTO TAD222.POLICY_PAYMENT(PAYMENT_ID, POLICY_ID, RECIPIENT_NAME, RECIPIENT_ADDRESS, BANK, PAYMENT_AMOUNT) VALUES
(350373, 535264, 'Columbus Tibbs', '22 East First'||CHR(13)||CHR(10)
||'	Way', 'BofA', 1360.21);
INSERT INTO TAD222.POLICY_PAYMENT(PAYMENT_ID, POLICY_ID, RECIPIENT_NAME, RECIPIENT_ADDRESS, BANK, PAYMENT_AMOUNT) VALUES
(654755, 728502, 'Laurene Gracia', '876 West Hague'||CHR(13)||CHR(10)
||'	Freeway', 'Wells Fargo', 1601.53);
INSERT INTO TAD222.POLICY_PAYMENT(PAYMENT_ID, POLICY_ID, RECIPIENT_NAME, RECIPIENT_ADDRESS, BANK, PAYMENT_AMOUNT) VALUES
(494926, 625262, 'Sheba Hoppe', '339 First'||CHR(13)||CHR(10)
||'	Avenue', 'Chase', 641.84);
INSERT INTO TAD222.POLICY_PAYMENT(PAYMENT_ID, POLICY_ID, RECIPIENT_NAME, RECIPIENT_ADDRESS, BANK, PAYMENT_AMOUNT) VALUES
(440373, 818507, 'Reggie Nutt', '803 Rocky'||CHR(13)||CHR(10)
||'	Fabien'||CHR(13)||CHR(10)
||'	Street', 'BofA', 1959.66);
INSERT INTO TAD222.POLICY_PAYMENT(PAYMENT_ID, POLICY_ID, RECIPIENT_NAME, RECIPIENT_ADDRESS, BANK, PAYMENT_AMOUNT) VALUES
(269902, 433812, 'Cleveland Hirsch', '224 South Green Nobel'||CHR(13)||CHR(10)
||'	Way', 'Chase', 540.15);
INSERT INTO TAD222.POLICY_PAYMENT(PAYMENT_ID, POLICY_ID, RECIPIENT_NAME, RECIPIENT_ADDRESS, BANK, PAYMENT_AMOUNT) VALUES
(975610, 535262, 'Mitchell Devries', '67 Clarendon'||CHR(13)||CHR(10)
||'	Drive', 'Chase', 773.15);
INSERT INTO TAD222.POLICY_PAYMENT(PAYMENT_ID, POLICY_ID, RECIPIENT_NAME, RECIPIENT_ADDRESS, BANK, PAYMENT_AMOUNT) VALUES
(179901, 433811, 'Humberto Rayford', '124 East Green Second'||CHR(13)||CHR(10)
||'	St.', 'BofA', 4876.33);
INSERT INTO TAD222.POLICY_PAYMENT(PAYMENT_ID, POLICY_ID, RECIPIENT_NAME, RECIPIENT_ADDRESS, BANK, PAYMENT_AMOUNT) VALUES
(350370, 343809, 'Ahmad Ridgeway', '71 Rocky'||CHR(13)||CHR(10)
||'	Oak'||CHR(13)||CHR(10)
||'	St.', 'Chase', 4927.59);
INSERT INTO TAD222.POLICY_PAYMENT(PAYMENT_ID, POLICY_ID, RECIPIENT_NAME, RECIPIENT_ADDRESS, BANK, PAYMENT_AMOUNT) VALUES
(654754, 343807, 'Rich Ellis', '831 Green First'||CHR(13)||CHR(10)
||'	Avenue', 'Wells Fargo', 3993.4);
INSERT INTO TAD222.POLICY_PAYMENT(PAYMENT_ID, POLICY_ID, RECIPIENT_NAME, RECIPIENT_ADDRESS, BANK, PAYMENT_AMOUNT) VALUES
(584927, 343812, 'Janeen Abrams', '419 Hague'||CHR(13)||CHR(10)
||'	Drive', 'Citigroup', 3251.63);
INSERT INTO TAD222.POLICY_PAYMENT(PAYMENT_ID, POLICY_ID, RECIPIENT_NAME, RECIPIENT_ADDRESS, BANK, PAYMENT_AMOUNT) VALUES
(654758, 535263, 'Shelba Mojica', '126 Rocky'||CHR(13)||CHR(10)
||'	Milton'||CHR(13)||CHR(10)
||'	Boulevard', 'Citigroup', 3046.52);
INSERT INTO TAD222.POLICY_PAYMENT(PAYMENT_ID, POLICY_ID, RECIPIENT_NAME, RECIPIENT_ADDRESS, BANK, PAYMENT_AMOUNT) VALUES
(975609, 728505, 'Bruna Stovall', '15 White Second'||CHR(13)||CHR(10)
||'	Avenue', 'BofA', 3319.64);
INSERT INTO TAD222.POLICY_PAYMENT(PAYMENT_ID, POLICY_ID, RECIPIENT_NAME, RECIPIENT_ADDRESS, BANK, PAYMENT_AMOUNT) VALUES
(440372, 625263, 'Orville Andres', '134 White Clarendon'||CHR(13)||CHR(10)
||'	St.', 'Citigroup', 4198.94);
INSERT INTO TAD222.POLICY_PAYMENT(PAYMENT_ID, POLICY_ID, RECIPIENT_NAME, RECIPIENT_ADDRESS, BANK, PAYMENT_AMOUNT) VALUES
(999999, 535259, 'Lamar Murray', '73 North Fabien'||CHR(13)||CHR(10)
||'	Way', 'Chase', 845.36);
INSERT INTO TAD222.POLICY_PAYMENT(PAYMENT_ID, POLICY_ID, RECIPIENT_NAME, RECIPIENT_ADDRESS, BANK, PAYMENT_AMOUNT) VALUES
(350372, 433813, 'Akilah Bond', '473 East Milton'||CHR(13)||CHR(10)
||'	Way', 'Chase', 2398.23);
INSERT INTO TAD222.POLICY_PAYMENT(PAYMENT_ID, POLICY_ID, RECIPIENT_NAME, RECIPIENT_ADDRESS, BANK, PAYMENT_AMOUNT) VALUES
(179903, 223689, 'Hettie Enriquez', '42 East First'||CHR(13)||CHR(10)
||'	Way', 'Citigroup', 4386.77);
INSERT INTO TAD222.POLICY_PAYMENT(PAYMENT_ID, POLICY_ID, RECIPIENT_NAME, RECIPIENT_ADDRESS, BANK, PAYMENT_AMOUNT) VALUES
(494927, 133688, 'Gordon Minter', '74 New'||CHR(13)||CHR(10)
||'	Street', 'Wells Fargo', 3449.11);
INSERT INTO TAD222.POLICY_PAYMENT(PAYMENT_ID, POLICY_ID, RECIPIENT_NAME, RECIPIENT_ADDRESS, BANK, PAYMENT_AMOUNT) VALUES
(350369, 625259, 'Ashli Harwell', '933 South Fabien'||CHR(13)||CHR(10)
||'	Street', 'BofA', 611.5);
INSERT INTO TAD222.POLICY_PAYMENT(PAYMENT_ID, POLICY_ID, RECIPIENT_NAME, RECIPIENT_ADDRESS, BANK, PAYMENT_AMOUNT) VALUES
(440370, 343808, 'Cathie Kinney', '24 Milton'||CHR(13)||CHR(10)
||'	Blvd.', 'Wells Fargo', 4306.8);
INSERT INTO TAD222.POLICY_PAYMENT(PAYMENT_ID, POLICY_ID, RECIPIENT_NAME, RECIPIENT_ADDRESS, BANK, PAYMENT_AMOUNT) VALUES
(494923, 999999, 'Oscar Grady', '568 Rocky'||CHR(13)||CHR(10)
||'	Clarendon'||CHR(13)||CHR(10)
||'	Blvd.', 'Citigroup', 4085.79);

--
-- Inserting data into table TAD222.QUOTES
--
INSERT INTO TAD222.QUOTES(NAME, ITEM_ID) VALUES
(' Exodus ', 935214);
INSERT INTO TAD222.QUOTES(NAME, ITEM_ID) VALUES
(' Privance ', 486309);
INSERT INTO TAD222.QUOTES(NAME, ITEM_ID) VALUES
(' Rail ', 486309);
INSERT INTO TAD222.QUOTES(NAME, ITEM_ID) VALUES
(' Cology ', 281186);
INSERT INTO TAD222.QUOTES(NAME, ITEM_ID) VALUES
(' Rail ', 576310);
INSERT INTO TAD222.QUOTES(NAME, ITEM_ID) VALUES
(' Gymitive ', 371188);
INSERT INTO TAD222.QUOTES(NAME, ITEM_ID) VALUES
('Digitinar ', 486309);
INSERT INTO TAD222.QUOTES(NAME, ITEM_ID) VALUES
(' Rail ', 281187);
INSERT INTO TAD222.QUOTES(NAME, ITEM_ID) VALUES
(' Homestic ', 576310);
INSERT INTO TAD222.QUOTES(NAME, ITEM_ID) VALUES
(' Econder ', 999999);
INSERT INTO TAD222.QUOTES(NAME, ITEM_ID) VALUES
(' Econder ', 281186);
INSERT INTO TAD222.QUOTES(NAME, ITEM_ID) VALUES
(' Privance ', 576310);
INSERT INTO TAD222.QUOTES(NAME, ITEM_ID) VALUES
(' Metrol ', 576309);
INSERT INTO TAD222.QUOTES(NAME, ITEM_ID) VALUES
(' Cology ', 999999);
INSERT INTO TAD222.QUOTES(NAME, ITEM_ID) VALUES
(' Gymitive ', 935214);
INSERT INTO TAD222.QUOTES(NAME, ITEM_ID) VALUES
(' Privance ', 819906);
INSERT INTO TAD222.QUOTES(NAME, ITEM_ID) VALUES
('Digitinar ', 576309);
INSERT INTO TAD222.QUOTES(NAME, ITEM_ID) VALUES
(' Exodus ', 576310);
INSERT INTO TAD222.QUOTES(NAME, ITEM_ID) VALUES
(' Econder ', 371187);
INSERT INTO TAD222.QUOTES(NAME, ITEM_ID) VALUES
(' Indental ', 729905);
INSERT INTO TAD222.QUOTES(NAME, ITEM_ID) VALUES
(' Privance ', 935214);
INSERT INTO TAD222.QUOTES(NAME, ITEM_ID) VALUES
(' Rail ', 935214);
INSERT INTO TAD222.QUOTES(NAME, ITEM_ID) VALUES
(' Gymitive ', 576310);
INSERT INTO TAD222.QUOTES(NAME, ITEM_ID) VALUES
(' Homestic ', 371187);
INSERT INTO TAD222.QUOTES(NAME, ITEM_ID) VALUES
('Digitinar ', 999999);
INSERT INTO TAD222.QUOTES(NAME, ITEM_ID) VALUES
(' Indental ', 486308);
INSERT INTO TAD222.QUOTES(NAME, ITEM_ID) VALUES
(' Cology ', 576309);
INSERT INTO TAD222.QUOTES(NAME, ITEM_ID) VALUES
(' Gymitive ', 281187);
INSERT INTO TAD222.QUOTES(NAME, ITEM_ID) VALUES
('Digitinar ', 371187);
INSERT INTO TAD222.QUOTES(NAME, ITEM_ID) VALUES
(' Metrol ', 281186);
INSERT INTO TAD222.QUOTES(NAME, ITEM_ID) VALUES
(' Cology ', 119996);
INSERT INTO TAD222.QUOTES(NAME, ITEM_ID) VALUES
(' Homestic ', 576309);
INSERT INTO TAD222.QUOTES(NAME, ITEM_ID) VALUES
(' Indental ', 281186);
INSERT INTO TAD222.QUOTES(NAME, ITEM_ID) VALUES
(' Privance ', 281187);
INSERT INTO TAD222.QUOTES(NAME, ITEM_ID) VALUES
(' Homestic ', 119996);
INSERT INTO TAD222.QUOTES(NAME, ITEM_ID) VALUES
(' Metrol ', 999999);
INSERT INTO TAD222.QUOTES(NAME, ITEM_ID) VALUES
(' Exodus ', 119996);
INSERT INTO TAD222.QUOTES(NAME, ITEM_ID) VALUES
(' Metrol ', 729905);
INSERT INTO TAD222.QUOTES(NAME, ITEM_ID) VALUES
(' Indental ', 371186);
INSERT INTO TAD222.QUOTES(NAME, ITEM_ID) VALUES
(' Cology ', 371187);
INSERT INTO TAD222.QUOTES(NAME, ITEM_ID) VALUES
(' Gymitive ', 819906);
INSERT INTO TAD222.QUOTES(NAME, ITEM_ID) VALUES
(' Exodus ', 486309);
INSERT INTO TAD222.QUOTES(NAME, ITEM_ID) VALUES
(' Econder ', 576309);
INSERT INTO TAD222.QUOTES(NAME, ITEM_ID) VALUES
(' Exodus ', 371187);
INSERT INTO TAD222.QUOTES(NAME, ITEM_ID) VALUES
('Digitinar ', 119996);
INSERT INTO TAD222.QUOTES(NAME, ITEM_ID) VALUES
(' Indental ', 999999);
INSERT INTO TAD222.QUOTES(NAME, ITEM_ID) VALUES
(' Homestic ', 486309);
INSERT INTO TAD222.QUOTES(NAME, ITEM_ID) VALUES
(' Metrol ', 486308);
INSERT INTO TAD222.QUOTES(NAME, ITEM_ID) VALUES
(' Rail ', 119996);
INSERT INTO TAD222.QUOTES(NAME, ITEM_ID) VALUES
(' Econder ', 729905);

COMMIT;