--
-- Script was generated by Devart dbForge Data Generator for Oracle, Version 2.3.12.0
-- Product Home Page: http://www.devart.com/dbforge/oracle/data-generator
-- Script date 4/6/2021 12:37:28 PM
-- Target server version: Oracle Database 18c Enterprise Edition Release 18.0.0.0.0 - Production Version 18.3.0.0.0
-- Target connection string: User Id=tad222;Server=edgar1.cse.lehigh.edu;Unicode=True;Connection Timeout=0;Direct=True;Sid=cse241
--


SET SQLBLANKLINES ON;
SET DEFINE OFF;
ALTER SESSION SET NLS_DATE_FORMAT = 'MM/DD/SYYYY HH24:MI:SS';
ALTER SESSION SET NLS_TIMESTAMP_TZ_FORMAT = 'MM/DD/SYYYY HH24:MI:SS.FF TZH:TZM';
ALTER SESSION SET NLS_TIMESTAMP_FORMAT = 'MM/DD/SYYYY HH24:MI:SS.FF';
ALTER SESSION SET NLS_NUMERIC_CHARACTERS = '.,';
ALTER SESSION SET NLS_NCHAR_CONV_EXCP = FALSE;
ALTER SESSION SET TIME_ZONE = '-08:00';
--
-- Delete data from the table 'TAD222.QUOTES'
--
TRUNCATE TABLE TAD222.QUOTES;
--
-- Delete data from the table 'TAD222.POLICY_PAYMENT'
--
TRUNCATE TABLE TAD222.POLICY_PAYMENT;
--
-- Delete data from the table 'TAD222.OUTSOURCES'
--
TRUNCATE TABLE TAD222.OUTSOURCES;
--
-- Delete data from the table 'TAD222.MANAGES'
--
TRUNCATE TABLE TAD222.MANAGES;
--
-- Delete data from the table 'TAD222.HOME_INSURANCE'
--
TRUNCATE TABLE TAD222.HOME_INSURANCE;
--
-- Delete data from the table 'TAD222.HEALTH_INSURANCE'
--
TRUNCATE TABLE TAD222.HEALTH_INSURANCE;
--
-- Delete data from the table 'TAD222.DEBIT'
--
TRUNCATE TABLE TAD222.DEBIT;
--
-- Delete data from the table 'TAD222.CUSTOMER_POLICY'
--
TRUNCATE TABLE TAD222.CUSTOMER_POLICY;
--
-- Delete data from the table 'TAD222.CUSTOMER_AGENT'
--
TRUNCATE TABLE TAD222.CUSTOMER_AGENT;
--
-- Delete data from the table 'TAD222.CREDIT'
--
TRUNCATE TABLE TAD222.CREDIT;
--
-- Delete data from the table 'TAD222.COMMUNICATES'
--
TRUNCATE TABLE TAD222.COMMUNICATES;
--
-- Delete data from the table 'TAD222.CLAIM_PAYMENT'
--
TRUNCATE TABLE TAD222.CLAIM_PAYMENT;
--
-- Delete data from the table 'TAD222.CHECKS'
--
TRUNCATE TABLE TAD222.CHECKS;
--
-- Delete data from the table 'TAD222.AUTO_INSURANCE'
--
TRUNCATE TABLE TAD222.AUTO_INSURANCE;
--
-- Delete data from the table 'TAD222.ACH_TRANSFER'
--
TRUNCATE TABLE TAD222.ACH_TRANSFER;
--
-- Delete data from the table 'TAD222.ITEM'
--
DELETE FROM TAD222.ITEM;
--
-- Delete data from the table 'TAD222.POLICY'
--
DELETE FROM TAD222.POLICY;
--
-- Delete data from the table 'TAD222.CLAIM'
--
DELETE FROM TAD222.CLAIM;
--
-- Delete data from the table 'TAD222.AGENT'
--
DELETE FROM TAD222.AGENT;
--
-- Delete data from the table 'TAD222.ADJUSTER'
--
DELETE FROM TAD222.ADJUSTER;
--
-- Delete data from the table 'TAD222.EMPLOYEE'
--
DELETE FROM TAD222.EMPLOYEE;
--
-- Delete data from the table 'TAD222.CUSTOMER'
--
DELETE FROM TAD222.CUSTOMER;
--
-- Delete data from the table 'TAD222.COMPANY'
--
DELETE FROM TAD222.COMPANY;

--
-- Inserting data into table TAD222.COMPANY
--
INSERT INTO TAD222.COMPANY(NAME, TYPE, CONATCT_INFO) VALUES
(' Cology ', 'Home ', '(810) 636-5001');
INSERT INTO TAD222.COMPANY(NAME, TYPE, CONATCT_INFO) VALUES
(' Econder ', ' Auto ', '(670) 844-7028');
INSERT INTO TAD222.COMPANY(NAME, TYPE, CONATCT_INFO) VALUES
(' Privance ', ' Health', '(912) 818-6927');
INSERT INTO TAD222.COMPANY(NAME, TYPE, CONATCT_INFO) VALUES
(' Homestic ', ' Health', '(196) 694-9244');
INSERT INTO TAD222.COMPANY(NAME, TYPE, CONATCT_INFO) VALUES
(' Metrol ', 'Home ', '(224) 338-3524');
INSERT INTO TAD222.COMPANY(NAME, TYPE, CONATCT_INFO) VALUES
('Digitinar ', 'Home ', '(409) 791-7324');
INSERT INTO TAD222.COMPANY(NAME, TYPE, CONATCT_INFO) VALUES
(' Gymitive ', 'Home ', '(313) 721-9488');
INSERT INTO TAD222.COMPANY(NAME, TYPE, CONATCT_INFO) VALUES
(' Exodus ', ' Auto ', '(458) 721-4626');
INSERT INTO TAD222.COMPANY(NAME, TYPE, CONATCT_INFO) VALUES
(' Rail ', 'Home ', '(734) 250-1472');
INSERT INTO TAD222.COMPANY(NAME, TYPE, CONATCT_INFO) VALUES
(' Indental ', 'Home ', '(696) 299-2856');

--
-- Inserting data into table TAD222.CUSTOMER
--
INSERT INTO TAD222.CUSTOMER(CUSTOMER_ID, NAME, ADDRESS, AGE) VALUES
('78705', 'Monty Horner', '687 South Rocky'||CHR(13)||CHR(10)
||'Cow', '40');
INSERT INTO TAD222.CUSTOMER(CUSTOMER_ID, NAME, ADDRESS, AGE) VALUES
('00890', 'Gordon Epperson', '790 New'||CHR(13)||CHR(10)
||'Way', '38');
INSERT INTO TAD222.CUSTOMER(CUSTOMER_ID, NAME, ADDRESS, AGE) VALUES
('11330', 'Alina Calvin', '83 Rocky'||CHR(13)||CHR(10)
||'Hague'||CHR(13)||CHR(10)
||'Fre', '36');
INSERT INTO TAD222.CUSTOMER(CUSTOMER_ID, NAME, ADDRESS, AGE) VALUES
('73063', 'Genevie Carney', '79 Fabien'||CHR(13)||CHR(10)
||'Street', '56');
INSERT INTO TAD222.CUSTOMER(CUSTOMER_ID, NAME, ADDRESS, AGE) VALUES
('45069', 'Alice Slaughter', '41 Milton'||CHR(13)||CHR(10)
||'Avenue', '21');
INSERT INTO TAD222.CUSTOMER(CUSTOMER_ID, NAME, ADDRESS, AGE) VALUES
('68567', 'Adrianne Friedman', '81 Rocky'||CHR(13)||CHR(10)
||'Hague'||CHR(13)||CHR(10)
||'Ave', '26');
INSERT INTO TAD222.CUSTOMER(CUSTOMER_ID, NAME, ADDRESS, AGE) VALUES
('61506', 'Irvin Hendrick', '31 First'||CHR(13)||CHR(10)
||'Blvd.', '40');
INSERT INTO TAD222.CUSTOMER(CUSTOMER_ID, NAME, ADDRESS, AGE) VALUES
('67972', 'Cary Gilliam', '89 New'||CHR(13)||CHR(10)
||'Parkway', '47');
INSERT INTO TAD222.CUSTOMER(CUSTOMER_ID, NAME, ADDRESS, AGE) VALUES
('30849', 'Bernardo Black', '626 North Cowley'||CHR(13)||CHR(10)
||'Dr', '46');
INSERT INTO TAD222.CUSTOMER(CUSTOMER_ID, NAME, ADDRESS, AGE) VALUES
('16635', 'Ai Ewing', '72 Cowley'||CHR(13)||CHR(10)
||'Road', '56');
INSERT INTO TAD222.CUSTOMER(CUSTOMER_ID, NAME, ADDRESS, AGE) VALUES
('90813', 'Melvin Baron', '399 Rocky'||CHR(13)||CHR(10)
||'Cowley'||CHR(13)||CHR(10)
||'P', '27');
INSERT INTO TAD222.CUSTOMER(CUSTOMER_ID, NAME, ADDRESS, AGE) VALUES
('37386', 'Alonzo Mills', '71 White New'||CHR(13)||CHR(10)
||'Way', '55');
INSERT INTO TAD222.CUSTOMER(CUSTOMER_ID, NAME, ADDRESS, AGE) VALUES
('31080', 'Broderick Nutt', '536 Milton'||CHR(13)||CHR(10)
||'Freeway', '32');
INSERT INTO TAD222.CUSTOMER(CUSTOMER_ID, NAME, ADDRESS, AGE) VALUES
('28286', 'Alessandra Christoph', '56 Cowley'||CHR(13)||CHR(10)
||'Avenue', '40');
INSERT INTO TAD222.CUSTOMER(CUSTOMER_ID, NAME, ADDRESS, AGE) VALUES
('78037', 'Reina Chacon', '530 First'||CHR(13)||CHR(10)
||'Street', '37');
INSERT INTO TAD222.CUSTOMER(CUSTOMER_ID, NAME, ADDRESS, AGE) VALUES
('67598', 'Jed Mcgehee', '71 Green New'||CHR(13)||CHR(10)
||'Street', '30');
INSERT INTO TAD222.CUSTOMER(CUSTOMER_ID, NAME, ADDRESS, AGE) VALUES
('22218', 'Lauren Abraham', '84 Oak'||CHR(13)||CHR(10)
||'Parkway', '37');
INSERT INTO TAD222.CUSTOMER(CUSTOMER_ID, NAME, ADDRESS, AGE) VALUES
('88808', 'Milda Christensen', '89 East White Second', '59');
INSERT INTO TAD222.CUSTOMER(CUSTOMER_ID, NAME, ADDRESS, AGE) VALUES
('75425', 'Hubert Abreu', '392 Green New'||CHR(13)||CHR(10)
||'Avenu', '56');
INSERT INTO TAD222.CUSTOMER(CUSTOMER_ID, NAME, ADDRESS, AGE) VALUES
('92879', 'Luis Palacios', '28 Milton'||CHR(13)||CHR(10)
||'Blvd.', '50');
INSERT INTO TAD222.CUSTOMER(CUSTOMER_ID, NAME, ADDRESS, AGE) VALUES
('16578', 'Adolph Griffis', '732 West New'||CHR(13)||CHR(10)
||'Street', '63');
INSERT INTO TAD222.CUSTOMER(CUSTOMER_ID, NAME, ADDRESS, AGE) VALUES
('16823', 'Deon Abraham', '474 Hague'||CHR(13)||CHR(10)
||'Avenue', '36');
INSERT INTO TAD222.CUSTOMER(CUSTOMER_ID, NAME, ADDRESS, AGE) VALUES
('58306', 'Eleanore Lawless', '27 Clarendon'||CHR(13)||CHR(10)
||'Boulev', '38');
INSERT INTO TAD222.CUSTOMER(CUSTOMER_ID, NAME, ADDRESS, AGE) VALUES
('16648', 'Adan Abreu', '541 First'||CHR(13)||CHR(10)
||'Avenue', '38');
INSERT INTO TAD222.CUSTOMER(CUSTOMER_ID, NAME, ADDRESS, AGE) VALUES
('50285', 'Abby Acevedo', '434 Nobel'||CHR(13)||CHR(10)
||'Blvd.', '26');
INSERT INTO TAD222.CUSTOMER(CUSTOMER_ID, NAME, ADDRESS, AGE) VALUES
('30734', 'Wiley Coombs', '28 Hague'||CHR(13)||CHR(10)
||'Way', '20');
INSERT INTO TAD222.CUSTOMER(CUSTOMER_ID, NAME, ADDRESS, AGE) VALUES
('78553', 'Elden Limon', '847 Oak'||CHR(13)||CHR(10)
||'Blvd.', '30');
INSERT INTO TAD222.CUSTOMER(CUSTOMER_ID, NAME, ADDRESS, AGE) VALUES
('16069', 'Bryant Culpepper', '54 New'||CHR(13)||CHR(10)
||'St.', '57');
INSERT INTO TAD222.CUSTOMER(CUSTOMER_ID, NAME, ADDRESS, AGE) VALUES
('63666', 'Ronnie Nabors', '85 Fabien'||CHR(13)||CHR(10)
||'Boulevard', '41');
INSERT INTO TAD222.CUSTOMER(CUSTOMER_ID, NAME, ADDRESS, AGE) VALUES
('56926', 'Ervin Caron', '67 Green Nobel'||CHR(13)||CHR(10)
||'Aven', '49');
INSERT INTO TAD222.CUSTOMER(CUSTOMER_ID, NAME, ADDRESS, AGE) VALUES
('64920', 'Emely Nunez', '292 West Green Secon', '62');
INSERT INTO TAD222.CUSTOMER(CUSTOMER_ID, NAME, ADDRESS, AGE) VALUES
('25502', 'Jamal Teel', '97 West Fabien'||CHR(13)||CHR(10)
||'Free', '44');
INSERT INTO TAD222.CUSTOMER(CUSTOMER_ID, NAME, ADDRESS, AGE) VALUES
('97814', 'Gisele Leal', '14 Green Hague'||CHR(13)||CHR(10)
||'Road', '38');
INSERT INTO TAD222.CUSTOMER(CUSTOMER_ID, NAME, ADDRESS, AGE) VALUES
('11176', 'Debroah Baird', '87 Fabien'||CHR(13)||CHR(10)
||'Blvd.', '23');
INSERT INTO TAD222.CUSTOMER(CUSTOMER_ID, NAME, ADDRESS, AGE) VALUES
('07046', 'Catherine Stone', '231 Hague'||CHR(13)||CHR(10)
||'Road', '36');
INSERT INTO TAD222.CUSTOMER(CUSTOMER_ID, NAME, ADDRESS, AGE) VALUES
('26960', 'Duncan Burdick', '279 Rocky'||CHR(13)||CHR(10)
||'Cowley'||CHR(13)||CHR(10)
||'A', '22');
INSERT INTO TAD222.CUSTOMER(CUSTOMER_ID, NAME, ADDRESS, AGE) VALUES
('00133', 'Markus Waggoner', '16 Rocky'||CHR(13)||CHR(10)
||'New'||CHR(13)||CHR(10)
||'Blvd.', '29');
INSERT INTO TAD222.CUSTOMER(CUSTOMER_ID, NAME, ADDRESS, AGE) VALUES
('01457', 'Abe Pannell', '715 First'||CHR(13)||CHR(10)
||'Blvd.', '49');
INSERT INTO TAD222.CUSTOMER(CUSTOMER_ID, NAME, ADDRESS, AGE) VALUES
('72949', 'Levi Phelan', '623 Milton'||CHR(13)||CHR(10)
||'Avenue', '22');
INSERT INTO TAD222.CUSTOMER(CUSTOMER_ID, NAME, ADDRESS, AGE) VALUES
('91838', 'Audrea Caruso', '775 Fabien'||CHR(13)||CHR(10)
||'Road', '48');
INSERT INTO TAD222.CUSTOMER(CUSTOMER_ID, NAME, ADDRESS, AGE) VALUES
('34559', 'Margit Mccaffrey', '608 Rocky'||CHR(13)||CHR(10)
||'Old'||CHR(13)||CHR(10)
||'Free', '19');
INSERT INTO TAD222.CUSTOMER(CUSTOMER_ID, NAME, ADDRESS, AGE) VALUES
('95778', 'Refugio Day', '15 Second'||CHR(13)||CHR(10)
||'Street', '41');
INSERT INTO TAD222.CUSTOMER(CUSTOMER_ID, NAME, ADDRESS, AGE) VALUES
('98610', 'Breana Aguilar', '842 Cowley'||CHR(13)||CHR(10)
||'Street', '54');
INSERT INTO TAD222.CUSTOMER(CUSTOMER_ID, NAME, ADDRESS, AGE) VALUES
('79901', 'Kory Devlin', '914 Cowley'||CHR(13)||CHR(10)
||'Freeway', '19');
INSERT INTO TAD222.CUSTOMER(CUSTOMER_ID, NAME, ADDRESS, AGE) VALUES
('38467', 'Isela Case', '983 Nobel'||CHR(13)||CHR(10)
||'Avenue', '59');
INSERT INTO TAD222.CUSTOMER(CUSTOMER_ID, NAME, ADDRESS, AGE) VALUES
('16877', 'Daina Cosby', '316 East Rocky'||CHR(13)||CHR(10)
||'Seco', '50');
INSERT INTO TAD222.CUSTOMER(CUSTOMER_ID, NAME, ADDRESS, AGE) VALUES
('69384', 'Rayford Bunn', '721 East Nobel'||CHR(13)||CHR(10)
||'Aven', '20');
INSERT INTO TAD222.CUSTOMER(CUSTOMER_ID, NAME, ADDRESS, AGE) VALUES
('55493', 'Ladawn Bedard', '34 West New'||CHR(13)||CHR(10)
||'Way', '45');
INSERT INTO TAD222.CUSTOMER(CUSTOMER_ID, NAME, ADDRESS, AGE) VALUES
('76396', 'Elijah Ahmed', '27 Rocky'||CHR(13)||CHR(10)
||'Hague'||CHR(13)||CHR(10)
||'Roa', '52');
INSERT INTO TAD222.CUSTOMER(CUSTOMER_ID, NAME, ADDRESS, AGE) VALUES
('50300', 'Adelina Mcdonnell', '340 Milton'||CHR(13)||CHR(10)
||'Avenue', '47');

--
-- Inserting data into table TAD222.EMPLOYEE
--
INSERT INTO TAD222.EMPLOYEE(EMPLOYEE_ID, NAME) VALUES
('87771', 'Michael Johnson');
INSERT INTO TAD222.EMPLOYEE(EMPLOYEE_ID, NAME) VALUES
('32164', 'Kina Abraham');
INSERT INTO TAD222.EMPLOYEE(EMPLOYEE_ID, NAME) VALUES
('76891', 'Alexis Laflamme');
INSERT INTO TAD222.EMPLOYEE(EMPLOYEE_ID, NAME) VALUES
('29510', 'Julienne Baxley');
INSERT INTO TAD222.EMPLOYEE(EMPLOYEE_ID, NAME) VALUES
('37722', 'Adolfo Bergeron');
INSERT INTO TAD222.EMPLOYEE(EMPLOYEE_ID, NAME) VALUES
('70862', 'Garry Metzger');
INSERT INTO TAD222.EMPLOYEE(EMPLOYEE_ID, NAME) VALUES
('84684', 'Cathrine Southerland');
INSERT INTO TAD222.EMPLOYEE(EMPLOYEE_ID, NAME) VALUES
('24015', 'Emely Shull');
INSERT INTO TAD222.EMPLOYEE(EMPLOYEE_ID, NAME) VALUES
('63402', 'Charlsie Alston');
INSERT INTO TAD222.EMPLOYEE(EMPLOYEE_ID, NAME) VALUES
('07396', 'Yevette Vanwinkle');
INSERT INTO TAD222.EMPLOYEE(EMPLOYEE_ID, NAME) VALUES
('60905', 'Roxy Julian');
INSERT INTO TAD222.EMPLOYEE(EMPLOYEE_ID, NAME) VALUES
('70928', 'Casey Pleasant');
INSERT INTO TAD222.EMPLOYEE(EMPLOYEE_ID, NAME) VALUES
('86316', 'Jefferey Abrams');
INSERT INTO TAD222.EMPLOYEE(EMPLOYEE_ID, NAME) VALUES
('74160', 'Raymundo Bottoms');
INSERT INTO TAD222.EMPLOYEE(EMPLOYEE_ID, NAME) VALUES
('78435', 'Sophia Driscoll');
INSERT INTO TAD222.EMPLOYEE(EMPLOYEE_ID, NAME) VALUES
('46004', 'Dave Browder');
INSERT INTO TAD222.EMPLOYEE(EMPLOYEE_ID, NAME) VALUES
('14120', 'Randee Quinonez');
INSERT INTO TAD222.EMPLOYEE(EMPLOYEE_ID, NAME) VALUES
('62971', 'Terrell Fryer');
INSERT INTO TAD222.EMPLOYEE(EMPLOYEE_ID, NAME) VALUES
('32793', 'Nicola Neil');
INSERT INTO TAD222.EMPLOYEE(EMPLOYEE_ID, NAME) VALUES
('53045', 'Earleen Sessions');
INSERT INTO TAD222.EMPLOYEE(EMPLOYEE_ID, NAME) VALUES
('90774', 'Daniele Hundley');
INSERT INTO TAD222.EMPLOYEE(EMPLOYEE_ID, NAME) VALUES
('28885', 'Lucrecia Cason');
INSERT INTO TAD222.EMPLOYEE(EMPLOYEE_ID, NAME) VALUES
('13135', 'Adeline Abraham');
INSERT INTO TAD222.EMPLOYEE(EMPLOYEE_ID, NAME) VALUES
('19448', 'Tresa Mallory');
INSERT INTO TAD222.EMPLOYEE(EMPLOYEE_ID, NAME) VALUES
('31606', 'Timika Leger');
INSERT INTO TAD222.EMPLOYEE(EMPLOYEE_ID, NAME) VALUES
('88367', 'Curt Munoz');
INSERT INTO TAD222.EMPLOYEE(EMPLOYEE_ID, NAME) VALUES
('48934', 'Angelika Hinkle');
INSERT INTO TAD222.EMPLOYEE(EMPLOYEE_ID, NAME) VALUES
('60423', 'Bradford Meza');
INSERT INTO TAD222.EMPLOYEE(EMPLOYEE_ID, NAME) VALUES
('06500', 'Cordie Acker');
INSERT INTO TAD222.EMPLOYEE(EMPLOYEE_ID, NAME) VALUES
('70423', 'Mickey Brubaker');
INSERT INTO TAD222.EMPLOYEE(EMPLOYEE_ID, NAME) VALUES
('45429', 'Neville Triplett');
INSERT INTO TAD222.EMPLOYEE(EMPLOYEE_ID, NAME) VALUES
('80897', 'Agripina Mcclendon');
INSERT INTO TAD222.EMPLOYEE(EMPLOYEE_ID, NAME) VALUES
('35784', 'Maxie Parnell');
INSERT INTO TAD222.EMPLOYEE(EMPLOYEE_ID, NAME) VALUES
('33032', 'Hue Reece');
INSERT INTO TAD222.EMPLOYEE(EMPLOYEE_ID, NAME) VALUES
('05339', 'Fay Matson');
INSERT INTO TAD222.EMPLOYEE(EMPLOYEE_ID, NAME) VALUES
('81670', 'Emiko Colbert');
INSERT INTO TAD222.EMPLOYEE(EMPLOYEE_ID, NAME) VALUES
('53067', 'Alphonso Artis');
INSERT INTO TAD222.EMPLOYEE(EMPLOYEE_ID, NAME) VALUES
('98342', 'Vernon Tibbs');
INSERT INTO TAD222.EMPLOYEE(EMPLOYEE_ID, NAME) VALUES
('89199', 'Abby Webster');
INSERT INTO TAD222.EMPLOYEE(EMPLOYEE_ID, NAME) VALUES
('75087', 'Tosha Fischer');
INSERT INTO TAD222.EMPLOYEE(EMPLOYEE_ID, NAME) VALUES
('36931', 'Versie Andrade');
INSERT INTO TAD222.EMPLOYEE(EMPLOYEE_ID, NAME) VALUES
('52976', 'Alisa Almeida');
INSERT INTO TAD222.EMPLOYEE(EMPLOYEE_ID, NAME) VALUES
('11053', 'Terrence Hazel');
INSERT INTO TAD222.EMPLOYEE(EMPLOYEE_ID, NAME) VALUES
('77093', 'Jenelle Woodard');
INSERT INTO TAD222.EMPLOYEE(EMPLOYEE_ID, NAME) VALUES
('96531', 'Alva Westfall');
INSERT INTO TAD222.EMPLOYEE(EMPLOYEE_ID, NAME) VALUES
('75829', 'Adah Caballero');
INSERT INTO TAD222.EMPLOYEE(EMPLOYEE_ID, NAME) VALUES
('14395', 'Ramona Correia');
INSERT INTO TAD222.EMPLOYEE(EMPLOYEE_ID, NAME) VALUES
('10941', 'Paige Welsh');
INSERT INTO TAD222.EMPLOYEE(EMPLOYEE_ID, NAME) VALUES
('35392', 'Kevin Stephen');
INSERT INTO TAD222.EMPLOYEE(EMPLOYEE_ID, NAME) VALUES
('49370', 'Camie Cosgrove');

--
-- Inserting data into table TAD222.ADJUSTER
--
INSERT INTO TAD222.ADJUSTER(ADJUSTER_ID) VALUES
('81670');
INSERT INTO TAD222.ADJUSTER(ADJUSTER_ID) VALUES
('35392');
INSERT INTO TAD222.ADJUSTER(ADJUSTER_ID) VALUES
('48934');
INSERT INTO TAD222.ADJUSTER(ADJUSTER_ID) VALUES
('14395');
INSERT INTO TAD222.ADJUSTER(ADJUSTER_ID) VALUES
('60905');
INSERT INTO TAD222.ADJUSTER(ADJUSTER_ID) VALUES
('53045');
INSERT INTO TAD222.ADJUSTER(ADJUSTER_ID) VALUES
('96531');
INSERT INTO TAD222.ADJUSTER(ADJUSTER_ID) VALUES
('52976');
INSERT INTO TAD222.ADJUSTER(ADJUSTER_ID) VALUES
('53067');
INSERT INTO TAD222.ADJUSTER(ADJUSTER_ID) VALUES
('10941');
INSERT INTO TAD222.ADJUSTER(ADJUSTER_ID) VALUES
('49370');
INSERT INTO TAD222.ADJUSTER(ADJUSTER_ID) VALUES
('11053');
INSERT INTO TAD222.ADJUSTER(ADJUSTER_ID) VALUES
('98342');
INSERT INTO TAD222.ADJUSTER(ADJUSTER_ID) VALUES
('78435');
INSERT INTO TAD222.ADJUSTER(ADJUSTER_ID) VALUES
('75829');
INSERT INTO TAD222.ADJUSTER(ADJUSTER_ID) VALUES
('90774');
INSERT INTO TAD222.ADJUSTER(ADJUSTER_ID) VALUES
('70862');
INSERT INTO TAD222.ADJUSTER(ADJUSTER_ID) VALUES
('46004');
INSERT INTO TAD222.ADJUSTER(ADJUSTER_ID) VALUES
('35784');
INSERT INTO TAD222.ADJUSTER(ADJUSTER_ID) VALUES
('60423');
INSERT INTO TAD222.ADJUSTER(ADJUSTER_ID) VALUES
('77093');
INSERT INTO TAD222.ADJUSTER(ADJUSTER_ID) VALUES
('87771');
INSERT INTO TAD222.ADJUSTER(ADJUSTER_ID) VALUES
('84684');
INSERT INTO TAD222.ADJUSTER(ADJUSTER_ID) VALUES
('13135');
INSERT INTO TAD222.ADJUSTER(ADJUSTER_ID) VALUES
('06500');
INSERT INTO TAD222.ADJUSTER(ADJUSTER_ID) VALUES
('28885');
INSERT INTO TAD222.ADJUSTER(ADJUSTER_ID) VALUES
('19448');
INSERT INTO TAD222.ADJUSTER(ADJUSTER_ID) VALUES
('89199');
INSERT INTO TAD222.ADJUSTER(ADJUSTER_ID) VALUES
('32164');
INSERT INTO TAD222.ADJUSTER(ADJUSTER_ID) VALUES
('14120');
INSERT INTO TAD222.ADJUSTER(ADJUSTER_ID) VALUES
('70928');
INSERT INTO TAD222.ADJUSTER(ADJUSTER_ID) VALUES
('70423');
INSERT INTO TAD222.ADJUSTER(ADJUSTER_ID) VALUES
('62971');
INSERT INTO TAD222.ADJUSTER(ADJUSTER_ID) VALUES
('31606');
INSERT INTO TAD222.ADJUSTER(ADJUSTER_ID) VALUES
('86316');
INSERT INTO TAD222.ADJUSTER(ADJUSTER_ID) VALUES
('33032');
INSERT INTO TAD222.ADJUSTER(ADJUSTER_ID) VALUES
('32793');
INSERT INTO TAD222.ADJUSTER(ADJUSTER_ID) VALUES
('75087');
INSERT INTO TAD222.ADJUSTER(ADJUSTER_ID) VALUES
('74160');
INSERT INTO TAD222.ADJUSTER(ADJUSTER_ID) VALUES
('05339');
INSERT INTO TAD222.ADJUSTER(ADJUSTER_ID) VALUES
('45429');
INSERT INTO TAD222.ADJUSTER(ADJUSTER_ID) VALUES
('36931');
INSERT INTO TAD222.ADJUSTER(ADJUSTER_ID) VALUES
('24015');
INSERT INTO TAD222.ADJUSTER(ADJUSTER_ID) VALUES
('88367');
INSERT INTO TAD222.ADJUSTER(ADJUSTER_ID) VALUES
('76891');
INSERT INTO TAD222.ADJUSTER(ADJUSTER_ID) VALUES
('63402');
INSERT INTO TAD222.ADJUSTER(ADJUSTER_ID) VALUES
('80897');
INSERT INTO TAD222.ADJUSTER(ADJUSTER_ID) VALUES
('29510');
INSERT INTO TAD222.ADJUSTER(ADJUSTER_ID) VALUES
('07396');
INSERT INTO TAD222.ADJUSTER(ADJUSTER_ID) VALUES
('37722');

--
-- Inserting data into table TAD222.AGENT
--
INSERT INTO TAD222.AGENT(AGENT_ID) VALUES
('70423');
INSERT INTO TAD222.AGENT(AGENT_ID) VALUES
('24015');
INSERT INTO TAD222.AGENT(AGENT_ID) VALUES
('49370');
INSERT INTO TAD222.AGENT(AGENT_ID) VALUES
('31606');
INSERT INTO TAD222.AGENT(AGENT_ID) VALUES
('76891');
INSERT INTO TAD222.AGENT(AGENT_ID) VALUES
('63402');
INSERT INTO TAD222.AGENT(AGENT_ID) VALUES
('45429');
INSERT INTO TAD222.AGENT(AGENT_ID) VALUES
('89199');
INSERT INTO TAD222.AGENT(AGENT_ID) VALUES
('96531');
INSERT INTO TAD222.AGENT(AGENT_ID) VALUES
('10941');
INSERT INTO TAD222.AGENT(AGENT_ID) VALUES
('75829');
INSERT INTO TAD222.AGENT(AGENT_ID) VALUES
('28885');
INSERT INTO TAD222.AGENT(AGENT_ID) VALUES
('88367');
INSERT INTO TAD222.AGENT(AGENT_ID) VALUES
('29510');
INSERT INTO TAD222.AGENT(AGENT_ID) VALUES
('14120');
INSERT INTO TAD222.AGENT(AGENT_ID) VALUES
('80897');
INSERT INTO TAD222.AGENT(AGENT_ID) VALUES
('48934');
INSERT INTO TAD222.AGENT(AGENT_ID) VALUES
('35784');
INSERT INTO TAD222.AGENT(AGENT_ID) VALUES
('33032');
INSERT INTO TAD222.AGENT(AGENT_ID) VALUES
('75087');
INSERT INTO TAD222.AGENT(AGENT_ID) VALUES
('70928');
INSERT INTO TAD222.AGENT(AGENT_ID) VALUES
('07396');
INSERT INTO TAD222.AGENT(AGENT_ID) VALUES
('60423');
INSERT INTO TAD222.AGENT(AGENT_ID) VALUES
('37722');
INSERT INTO TAD222.AGENT(AGENT_ID) VALUES
('62971');
INSERT INTO TAD222.AGENT(AGENT_ID) VALUES
('60905');
INSERT INTO TAD222.AGENT(AGENT_ID) VALUES
('35392');
INSERT INTO TAD222.AGENT(AGENT_ID) VALUES
('05339');
INSERT INTO TAD222.AGENT(AGENT_ID) VALUES
('13135');
INSERT INTO TAD222.AGENT(AGENT_ID) VALUES
('14395');
INSERT INTO TAD222.AGENT(AGENT_ID) VALUES
('70862');
INSERT INTO TAD222.AGENT(AGENT_ID) VALUES
('87771');
INSERT INTO TAD222.AGENT(AGENT_ID) VALUES
('36931');
INSERT INTO TAD222.AGENT(AGENT_ID) VALUES
('86316');
INSERT INTO TAD222.AGENT(AGENT_ID) VALUES
('84684');
INSERT INTO TAD222.AGENT(AGENT_ID) VALUES
('81670');
INSERT INTO TAD222.AGENT(AGENT_ID) VALUES
('32164');
INSERT INTO TAD222.AGENT(AGENT_ID) VALUES
('52976');
INSERT INTO TAD222.AGENT(AGENT_ID) VALUES
('06500');
INSERT INTO TAD222.AGENT(AGENT_ID) VALUES
('19448');
INSERT INTO TAD222.AGENT(AGENT_ID) VALUES
('32793');
INSERT INTO TAD222.AGENT(AGENT_ID) VALUES
('74160');
INSERT INTO TAD222.AGENT(AGENT_ID) VALUES
('53045');
INSERT INTO TAD222.AGENT(AGENT_ID) VALUES
('53067');
INSERT INTO TAD222.AGENT(AGENT_ID) VALUES
('11053');
INSERT INTO TAD222.AGENT(AGENT_ID) VALUES
('78435');
INSERT INTO TAD222.AGENT(AGENT_ID) VALUES
('98342');
INSERT INTO TAD222.AGENT(AGENT_ID) VALUES
('77093');
INSERT INTO TAD222.AGENT(AGENT_ID) VALUES
('90774');
INSERT INTO TAD222.AGENT(AGENT_ID) VALUES
('46004');

--
-- Inserting data into table TAD222.CLAIM
--
INSERT INTO TAD222.CLAIM(CLAIM_ID, CUSTOMER_ID, DESCRIPTION, CLAIM_TYPE, CLAIM_PAYMENT) VALUES
('68741', '07046', 'Perspiciatis quam. Tenetur;', 'Home ', 'Yes ');
INSERT INTO TAD222.CLAIM(CLAIM_ID, CUSTOMER_ID, DESCRIPTION, CLAIM_TYPE, CLAIM_PAYMENT) VALUES
('27856', '16823', 'Molestiae vitae. Fugiat...', ' Auto ', ' No');
INSERT INTO TAD222.CLAIM(CLAIM_ID, CUSTOMER_ID, DESCRIPTION, CLAIM_TYPE, CLAIM_PAYMENT) VALUES
('23381', '98610', 'Praesentium voluptatem. Error.', 'Home ', ' No');
INSERT INTO TAD222.CLAIM(CLAIM_ID, CUSTOMER_ID, DESCRIPTION, CLAIM_TYPE, CLAIM_PAYMENT) VALUES
('53873', '68567', 'Cupiditate velit. Ut non.', ' Health', ' No');
INSERT INTO TAD222.CLAIM(CLAIM_ID, CUSTOMER_ID, DESCRIPTION, CLAIM_TYPE, CLAIM_PAYMENT) VALUES
('54625', '00890', 'Officia mollitia. Autem et?', ' Health', ' No');
INSERT INTO TAD222.CLAIM(CLAIM_ID, CUSTOMER_ID, DESCRIPTION, CLAIM_TYPE, CLAIM_PAYMENT) VALUES
('91651', '55493', 'Laborum modi a. Vel!', ' Health', ' No');
INSERT INTO TAD222.CLAIM(CLAIM_ID, CUSTOMER_ID, DESCRIPTION, CLAIM_TYPE, CLAIM_PAYMENT) VALUES
('30762', '78037', 'Natus sit. Autem dolores.', ' Auto ', ' No');
INSERT INTO TAD222.CLAIM(CLAIM_ID, CUSTOMER_ID, DESCRIPTION, CLAIM_TYPE, CLAIM_PAYMENT) VALUES
('33445', '78037', 'Excepturi magni dolore;', 'Home ', 'Yes ');
INSERT INTO TAD222.CLAIM(CLAIM_ID, CUSTOMER_ID, DESCRIPTION, CLAIM_TYPE, CLAIM_PAYMENT) VALUES
('96680', '78705', 'Ut veritatis ducimus. Totam.', ' Health', ' No');
INSERT INTO TAD222.CLAIM(CLAIM_ID, CUSTOMER_ID, DESCRIPTION, CLAIM_TYPE, CLAIM_PAYMENT) VALUES
('13830', '34559', 'Ducimus ut ducimus.', 'Home ', 'Yes ');
INSERT INTO TAD222.CLAIM(CLAIM_ID, CUSTOMER_ID, DESCRIPTION, CLAIM_TYPE, CLAIM_PAYMENT) VALUES
('57701', '50285', 'Provident reprehenderit. Enim!', 'Home ', ' No');
INSERT INTO TAD222.CLAIM(CLAIM_ID, CUSTOMER_ID, DESCRIPTION, CLAIM_TYPE, CLAIM_PAYMENT) VALUES
('01612', '50285', 'Adipisci in. Alias blanditiis.', ' Health', ' No');
INSERT INTO TAD222.CLAIM(CLAIM_ID, CUSTOMER_ID, DESCRIPTION, CLAIM_TYPE, CLAIM_PAYMENT) VALUES
('32239', '45069', 'Dolores adipisci. Quia est!', ' Health', ' No');
INSERT INTO TAD222.CLAIM(CLAIM_ID, CUSTOMER_ID, DESCRIPTION, CLAIM_TYPE, CLAIM_PAYMENT) VALUES
('51924', '00890', 'Sit veritatis iste.', ' Health', 'Yes ');
INSERT INTO TAD222.CLAIM(CLAIM_ID, CUSTOMER_ID, DESCRIPTION, CLAIM_TYPE, CLAIM_PAYMENT) VALUES
('10258', '95778', 'Tempore fuga molestias.', ' Auto ', 'Yes ');
INSERT INTO TAD222.CLAIM(CLAIM_ID, CUSTOMER_ID, DESCRIPTION, CLAIM_TYPE, CLAIM_PAYMENT) VALUES
('87953', '58306', 'Optio a sit.', 'Home ', ' No');
INSERT INTO TAD222.CLAIM(CLAIM_ID, CUSTOMER_ID, DESCRIPTION, CLAIM_TYPE, CLAIM_PAYMENT) VALUES
('72947', '72949', 'Aperiam voluptates. Qui vitae.', ' Auto ', ' No');
INSERT INTO TAD222.CLAIM(CLAIM_ID, CUSTOMER_ID, DESCRIPTION, CLAIM_TYPE, CLAIM_PAYMENT) VALUES
('81075', '00890', 'Voluptatem iste. Ea soluta.', ' Health', ' No');
INSERT INTO TAD222.CLAIM(CLAIM_ID, CUSTOMER_ID, DESCRIPTION, CLAIM_TYPE, CLAIM_PAYMENT) VALUES
('08138', '50285', 'Obcaecati inventore. Nesciunt!', 'Home ', ' No');
INSERT INTO TAD222.CLAIM(CLAIM_ID, CUSTOMER_ID, DESCRIPTION, CLAIM_TYPE, CLAIM_PAYMENT) VALUES
('40908', '63666', 'Beatae deserunt dolores.', ' Auto ', 'Yes ');
INSERT INTO TAD222.CLAIM(CLAIM_ID, CUSTOMER_ID, DESCRIPTION, CLAIM_TYPE, CLAIM_PAYMENT) VALUES
('33689', '95778', 'Deserunt quod ut.', 'Home ', ' No');
INSERT INTO TAD222.CLAIM(CLAIM_ID, CUSTOMER_ID, DESCRIPTION, CLAIM_TYPE, CLAIM_PAYMENT) VALUES
('02822', '31080', 'Corporis doloremque rem eum.', ' Health', 'Yes ');
INSERT INTO TAD222.CLAIM(CLAIM_ID, CUSTOMER_ID, DESCRIPTION, CLAIM_TYPE, CLAIM_PAYMENT) VALUES
('46198', '01457', 'Odit necessitatibus. Aut.', 'Home ', ' No');
INSERT INTO TAD222.CLAIM(CLAIM_ID, CUSTOMER_ID, DESCRIPTION, CLAIM_TYPE, CLAIM_PAYMENT) VALUES
('42979', '67972', 'Qui ut reiciendis quia.', 'Home ', 'Yes ');
INSERT INTO TAD222.CLAIM(CLAIM_ID, CUSTOMER_ID, DESCRIPTION, CLAIM_TYPE, CLAIM_PAYMENT) VALUES
('44198', '16823', 'Debitis nam sint voluptatem.', 'Home ', 'Yes ');
INSERT INTO TAD222.CLAIM(CLAIM_ID, CUSTOMER_ID, DESCRIPTION, CLAIM_TYPE, CLAIM_PAYMENT) VALUES
('09685', '38467', 'Deleniti fuga voluptatibus.', ' Auto ', 'Yes ');
INSERT INTO TAD222.CLAIM(CLAIM_ID, CUSTOMER_ID, DESCRIPTION, CLAIM_TYPE, CLAIM_PAYMENT) VALUES
('18070', '38467', 'Maxime quia. Harum beatae?', ' Health', 'Yes ');
INSERT INTO TAD222.CLAIM(CLAIM_ID, CUSTOMER_ID, DESCRIPTION, CLAIM_TYPE, CLAIM_PAYMENT) VALUES
('68497', '38467', 'In eaque. Eius consequatur.', ' Health', ' No');
INSERT INTO TAD222.CLAIM(CLAIM_ID, CUSTOMER_ID, DESCRIPTION, CLAIM_TYPE, CLAIM_PAYMENT) VALUES
('44968', '00133', 'Qui repellendus aperiam.', ' Auto ', ' No');
INSERT INTO TAD222.CLAIM(CLAIM_ID, CUSTOMER_ID, DESCRIPTION, CLAIM_TYPE, CLAIM_PAYMENT) VALUES
('55080', '16877', 'Tempora omnis; ut voluptatem;', ' Health', 'Yes ');
INSERT INTO TAD222.CLAIM(CLAIM_ID, CUSTOMER_ID, DESCRIPTION, CLAIM_TYPE, CLAIM_PAYMENT) VALUES
('09951', '95778', 'Voluptatem sint.', ' Auto ', 'Yes ');
INSERT INTO TAD222.CLAIM(CLAIM_ID, CUSTOMER_ID, DESCRIPTION, CLAIM_TYPE, CLAIM_PAYMENT) VALUES
('98220', '72949', 'Animi libero. Ut perspiciatis!', ' Auto ', ' No');
INSERT INTO TAD222.CLAIM(CLAIM_ID, CUSTOMER_ID, DESCRIPTION, CLAIM_TYPE, CLAIM_PAYMENT) VALUES
('77884', '30849', 'Ab voluptatem.', 'Home ', 'Yes ');
INSERT INTO TAD222.CLAIM(CLAIM_ID, CUSTOMER_ID, DESCRIPTION, CLAIM_TYPE, CLAIM_PAYMENT) VALUES
('13038', '72949', 'Quasi natus. Sunt omnis.', ' Auto ', 'Yes ');
INSERT INTO TAD222.CLAIM(CLAIM_ID, CUSTOMER_ID, DESCRIPTION, CLAIM_TYPE, CLAIM_PAYMENT) VALUES
('79418', '30734', 'Nobis quod ea et dolor...', ' Auto ', ' No');
INSERT INTO TAD222.CLAIM(CLAIM_ID, CUSTOMER_ID, DESCRIPTION, CLAIM_TYPE, CLAIM_PAYMENT) VALUES
('76327', '72949', 'Incidunt nihil. Modi;', ' Health', 'Yes ');
INSERT INTO TAD222.CLAIM(CLAIM_ID, CUSTOMER_ID, DESCRIPTION, CLAIM_TYPE, CLAIM_PAYMENT) VALUES
('03156', '76396', 'Ut a harum rerum expedita. Ab.', ' Auto ', ' No');
INSERT INTO TAD222.CLAIM(CLAIM_ID, CUSTOMER_ID, DESCRIPTION, CLAIM_TYPE, CLAIM_PAYMENT) VALUES
('18964', '91838', 'Adipisci est odio soluta.', 'Home ', ' No');
INSERT INTO TAD222.CLAIM(CLAIM_ID, CUSTOMER_ID, DESCRIPTION, CLAIM_TYPE, CLAIM_PAYMENT) VALUES
('49610', '16877', 'Unde qui. Recusandae.', ' Auto ', ' No');
INSERT INTO TAD222.CLAIM(CLAIM_ID, CUSTOMER_ID, DESCRIPTION, CLAIM_TYPE, CLAIM_PAYMENT) VALUES
('94267', '95778', 'Ut id optio aut non;', ' Health', 'Yes ');
INSERT INTO TAD222.CLAIM(CLAIM_ID, CUSTOMER_ID, DESCRIPTION, CLAIM_TYPE, CLAIM_PAYMENT) VALUES
('75149', '76396', 'Fuga excepturi. Sit deserunt.', 'Home ', 'Yes ');
INSERT INTO TAD222.CLAIM(CLAIM_ID, CUSTOMER_ID, DESCRIPTION, CLAIM_TYPE, CLAIM_PAYMENT) VALUES
('15857', '34559', 'Animi quo et dolor.', 'Home ', 'Yes ');
INSERT INTO TAD222.CLAIM(CLAIM_ID, CUSTOMER_ID, DESCRIPTION, CLAIM_TYPE, CLAIM_PAYMENT) VALUES
('97103', '26960', 'Ut adipisci aut odit.', ' Health', 'Yes ');
INSERT INTO TAD222.CLAIM(CLAIM_ID, CUSTOMER_ID, DESCRIPTION, CLAIM_TYPE, CLAIM_PAYMENT) VALUES
('18546', '16648', 'Voluptates adipisci.', ' Health', 'Yes ');
INSERT INTO TAD222.CLAIM(CLAIM_ID, CUSTOMER_ID, DESCRIPTION, CLAIM_TYPE, CLAIM_PAYMENT) VALUES
('87620', '11176', 'Eaque veniam fugiat natus.', ' Auto ', ' No');
INSERT INTO TAD222.CLAIM(CLAIM_ID, CUSTOMER_ID, DESCRIPTION, CLAIM_TYPE, CLAIM_PAYMENT) VALUES
('38244', '67598', 'Aperiam aut. Exercitationem.', ' Auto ', 'Yes ');
INSERT INTO TAD222.CLAIM(CLAIM_ID, CUSTOMER_ID, DESCRIPTION, CLAIM_TYPE, CLAIM_PAYMENT) VALUES
('56560', '78037', 'Enim placeat cum.', ' Health', 'Yes ');
INSERT INTO TAD222.CLAIM(CLAIM_ID, CUSTOMER_ID, DESCRIPTION, CLAIM_TYPE, CLAIM_PAYMENT) VALUES
('84639', '45069', 'Velit natus. Delectus omnis!', ' Auto ', 'Yes ');
INSERT INTO TAD222.CLAIM(CLAIM_ID, CUSTOMER_ID, DESCRIPTION, CLAIM_TYPE, CLAIM_PAYMENT) VALUES
('25845', '26960', 'Quo quis. Inventore rerum.', 'Home ', ' No');
INSERT INTO TAD222.CLAIM(CLAIM_ID, CUSTOMER_ID, DESCRIPTION, CLAIM_TYPE, CLAIM_PAYMENT) VALUES
('65010', '67598', 'Est dolore qui amet error.', ' Auto ', 'Yes ');

--
-- Inserting data into table TAD222.POLICY
--
INSERT INTO TAD222.POLICY(POLICY_ID, CUSTOMER_ID, POLICY_TYPE, COVERAGE, POLICY_COST) VALUES
('74903', '58306', ' Health', 'Partial ', 565.16);
INSERT INTO TAD222.POLICY(POLICY_ID, CUSTOMER_ID, POLICY_TYPE, COVERAGE, POLICY_COST) VALUES
('69660', '34559', ' Health', ' Total', 259.83);
INSERT INTO TAD222.POLICY(POLICY_ID, CUSTOMER_ID, POLICY_TYPE, COVERAGE, POLICY_COST) VALUES
('71693', '64920', ' Auto ', 'Partial ', 181.6);
INSERT INTO TAD222.POLICY(POLICY_ID, CUSTOMER_ID, POLICY_TYPE, COVERAGE, POLICY_COST) VALUES
('87330', '67598', ' Health', 'Partial ', 558.6);
INSERT INTO TAD222.POLICY(POLICY_ID, CUSTOMER_ID, POLICY_TYPE, COVERAGE, POLICY_COST) VALUES
('31413', '88808', ' Health', 'Partial ', 358.05);
INSERT INTO TAD222.POLICY(POLICY_ID, CUSTOMER_ID, POLICY_TYPE, COVERAGE, POLICY_COST) VALUES
('95459', '78705', 'Home ', ' Total', 460.43);
INSERT INTO TAD222.POLICY(POLICY_ID, CUSTOMER_ID, POLICY_TYPE, COVERAGE, POLICY_COST) VALUES
('44213', '30849', 'Home ', ' Total', 789.28);
INSERT INTO TAD222.POLICY(POLICY_ID, CUSTOMER_ID, POLICY_TYPE, COVERAGE, POLICY_COST) VALUES
('35643', '16648', 'Home ', ' Total', 981.06);
INSERT INTO TAD222.POLICY(POLICY_ID, CUSTOMER_ID, POLICY_TYPE, COVERAGE, POLICY_COST) VALUES
('18145', '01457', ' Health', ' Total', 736.08);
INSERT INTO TAD222.POLICY(POLICY_ID, CUSTOMER_ID, POLICY_TYPE, COVERAGE, POLICY_COST) VALUES
('94378', '01457', 'Home ', 'Partial ', 556.55);
INSERT INTO TAD222.POLICY(POLICY_ID, CUSTOMER_ID, POLICY_TYPE, COVERAGE, POLICY_COST) VALUES
('50278', '01457', 'Home ', ' Total', 859.64);
INSERT INTO TAD222.POLICY(POLICY_ID, CUSTOMER_ID, POLICY_TYPE, COVERAGE, POLICY_COST) VALUES
('33142', '90813', 'Home ', ' Total', 785.98);
INSERT INTO TAD222.POLICY(POLICY_ID, CUSTOMER_ID, POLICY_TYPE, COVERAGE, POLICY_COST) VALUES
('40194', '68567', ' Health', 'Partial ', 117.46);
INSERT INTO TAD222.POLICY(POLICY_ID, CUSTOMER_ID, POLICY_TYPE, COVERAGE, POLICY_COST) VALUES
('19554', '16635', 'Home ', 'Partial ', 257.14);
INSERT INTO TAD222.POLICY(POLICY_ID, CUSTOMER_ID, POLICY_TYPE, COVERAGE, POLICY_COST) VALUES
('18810', '16069', ' Auto ', 'Partial ', 90.69);
INSERT INTO TAD222.POLICY(POLICY_ID, CUSTOMER_ID, POLICY_TYPE, COVERAGE, POLICY_COST) VALUES
('46677', '31080', ' Auto ', ' Total', NULL);
INSERT INTO TAD222.POLICY(POLICY_ID, CUSTOMER_ID, POLICY_TYPE, COVERAGE, POLICY_COST) VALUES
('46009', '95778', 'Home ', 'Partial ', 172.52);
INSERT INTO TAD222.POLICY(POLICY_ID, CUSTOMER_ID, POLICY_TYPE, COVERAGE, POLICY_COST) VALUES
('83730', '16069', ' Auto ', 'Partial ', 820.2);
INSERT INTO TAD222.POLICY(POLICY_ID, CUSTOMER_ID, POLICY_TYPE, COVERAGE, POLICY_COST) VALUES
('02027', '98610', 'Home ', ' Total', 242.2);
INSERT INTO TAD222.POLICY(POLICY_ID, CUSTOMER_ID, POLICY_TYPE, COVERAGE, POLICY_COST) VALUES
('55968', '79901', 'Home ', ' Total', 520.25);
INSERT INTO TAD222.POLICY(POLICY_ID, CUSTOMER_ID, POLICY_TYPE, COVERAGE, POLICY_COST) VALUES
('90411', '26960', 'Home ', ' Total', 880.54);
INSERT INTO TAD222.POLICY(POLICY_ID, CUSTOMER_ID, POLICY_TYPE, COVERAGE, POLICY_COST) VALUES
('78998', '64920', ' Auto ', 'Partial ', 356.63);
INSERT INTO TAD222.POLICY(POLICY_ID, CUSTOMER_ID, POLICY_TYPE, COVERAGE, POLICY_COST) VALUES
('03943', '00133', ' Auto ', ' Total', NULL);
INSERT INTO TAD222.POLICY(POLICY_ID, CUSTOMER_ID, POLICY_TYPE, COVERAGE, POLICY_COST) VALUES
('66298', '50300', ' Auto ', 'Partial ', 714.97);
INSERT INTO TAD222.POLICY(POLICY_ID, CUSTOMER_ID, POLICY_TYPE, COVERAGE, POLICY_COST) VALUES
('35359', '11176', ' Health', 'Partial ', 788.28);
INSERT INTO TAD222.POLICY(POLICY_ID, CUSTOMER_ID, POLICY_TYPE, COVERAGE, POLICY_COST) VALUES
('16439', '58306', ' Health', 'Partial ', 212.01);
INSERT INTO TAD222.POLICY(POLICY_ID, CUSTOMER_ID, POLICY_TYPE, COVERAGE, POLICY_COST) VALUES
('36620', '16069', 'Home ', ' Total', 83.07);
INSERT INTO TAD222.POLICY(POLICY_ID, CUSTOMER_ID, POLICY_TYPE, COVERAGE, POLICY_COST) VALUES
('24149', '28286', 'Home ', 'Partial ', 808.37);
INSERT INTO TAD222.POLICY(POLICY_ID, CUSTOMER_ID, POLICY_TYPE, COVERAGE, POLICY_COST) VALUES
('40438', '22218', ' Auto ', ' Total', 340.52);
INSERT INTO TAD222.POLICY(POLICY_ID, CUSTOMER_ID, POLICY_TYPE, COVERAGE, POLICY_COST) VALUES
('83552', '00133', 'Home ', ' Total', 420.52);
INSERT INTO TAD222.POLICY(POLICY_ID, CUSTOMER_ID, POLICY_TYPE, COVERAGE, POLICY_COST) VALUES
('38337', '45069', 'Home ', ' Total', 954.49);
INSERT INTO TAD222.POLICY(POLICY_ID, CUSTOMER_ID, POLICY_TYPE, COVERAGE, POLICY_COST) VALUES
('30963', '97814', 'Home ', ' Total', 934.68);
INSERT INTO TAD222.POLICY(POLICY_ID, CUSTOMER_ID, POLICY_TYPE, COVERAGE, POLICY_COST) VALUES
('66037', '69384', ' Auto ', 'Partial ', 526.03);
INSERT INTO TAD222.POLICY(POLICY_ID, CUSTOMER_ID, POLICY_TYPE, COVERAGE, POLICY_COST) VALUES
('01590', '88808', ' Auto ', 'Partial ', 705.88);
INSERT INTO TAD222.POLICY(POLICY_ID, CUSTOMER_ID, POLICY_TYPE, COVERAGE, POLICY_COST) VALUES
('85973', '00133', ' Auto ', ' Total', 933.73);
INSERT INTO TAD222.POLICY(POLICY_ID, CUSTOMER_ID, POLICY_TYPE, COVERAGE, POLICY_COST) VALUES
('84805', '45069', ' Auto ', 'Partial ', 150.27);
INSERT INTO TAD222.POLICY(POLICY_ID, CUSTOMER_ID, POLICY_TYPE, COVERAGE, POLICY_COST) VALUES
('56910', '50300', ' Auto ', 'Partial ', 617.09);
INSERT INTO TAD222.POLICY(POLICY_ID, CUSTOMER_ID, POLICY_TYPE, COVERAGE, POLICY_COST) VALUES
('65161', '26960', ' Health', ' Total', 479.39);
INSERT INTO TAD222.POLICY(POLICY_ID, CUSTOMER_ID, POLICY_TYPE, COVERAGE, POLICY_COST) VALUES
('04913', '38467', ' Auto ', ' Total', 528.71);
INSERT INTO TAD222.POLICY(POLICY_ID, CUSTOMER_ID, POLICY_TYPE, COVERAGE, POLICY_COST) VALUES
('48237', '00133', ' Health', ' Total', 838.41);
INSERT INTO TAD222.POLICY(POLICY_ID, CUSTOMER_ID, POLICY_TYPE, COVERAGE, POLICY_COST) VALUES
('41685', '56926', ' Auto ', ' Total', 354.38);
INSERT INTO TAD222.POLICY(POLICY_ID, CUSTOMER_ID, POLICY_TYPE, COVERAGE, POLICY_COST) VALUES
('21859', '50300', 'Home ', 'Partial ', 408.98);
INSERT INTO TAD222.POLICY(POLICY_ID, CUSTOMER_ID, POLICY_TYPE, COVERAGE, POLICY_COST) VALUES
('10278', '92879', ' Auto ', 'Partial ', 365.93);
INSERT INTO TAD222.POLICY(POLICY_ID, CUSTOMER_ID, POLICY_TYPE, COVERAGE, POLICY_COST) VALUES
('22405', '78705', ' Health', 'Partial ', 439.2);
INSERT INTO TAD222.POLICY(POLICY_ID, CUSTOMER_ID, POLICY_TYPE, COVERAGE, POLICY_COST) VALUES
('79165', '11330', 'Home ', 'Partial ', 61.78);
INSERT INTO TAD222.POLICY(POLICY_ID, CUSTOMER_ID, POLICY_TYPE, COVERAGE, POLICY_COST) VALUES
('50280', '26960', 'Home ', ' Total', 759.14);
INSERT INTO TAD222.POLICY(POLICY_ID, CUSTOMER_ID, POLICY_TYPE, COVERAGE, POLICY_COST) VALUES
('42129', '55493', ' Health', ' Total', 948.03);
INSERT INTO TAD222.POLICY(POLICY_ID, CUSTOMER_ID, POLICY_TYPE, COVERAGE, POLICY_COST) VALUES
('49284', '16069', 'Home ', ' Total', NULL);
INSERT INTO TAD222.POLICY(POLICY_ID, CUSTOMER_ID, POLICY_TYPE, COVERAGE, POLICY_COST) VALUES
('50037', '98610', ' Auto ', 'Partial ', NULL);
INSERT INTO TAD222.POLICY(POLICY_ID, CUSTOMER_ID, POLICY_TYPE, COVERAGE, POLICY_COST) VALUES
('35242', '26960', ' Auto ', 'Partial ', NULL);

--
-- Inserting data into table TAD222.ITEM
--
INSERT INTO TAD222.ITEM(ITEM_ID, CLAIM_ID, POLICY_ID, ITEM_TYPE) VALUES
('06018', '18964', '31413', 'Home ');
INSERT INTO TAD222.ITEM(ITEM_ID, CLAIM_ID, POLICY_ID, ITEM_TYPE) VALUES
('60511', '81075', '10278', 'Home ');
INSERT INTO TAD222.ITEM(ITEM_ID, CLAIM_ID, POLICY_ID, ITEM_TYPE) VALUES
('32059', '10258', '65161', ' Health ');
INSERT INTO TAD222.ITEM(ITEM_ID, CLAIM_ID, POLICY_ID, ITEM_TYPE) VALUES
('06828', '13830', '18810', ' Auto');
INSERT INTO TAD222.ITEM(ITEM_ID, CLAIM_ID, POLICY_ID, ITEM_TYPE) VALUES
('84296', '18546', '95459', ' Health ');
INSERT INTO TAD222.ITEM(ITEM_ID, CLAIM_ID, POLICY_ID, ITEM_TYPE) VALUES
('25557', '65010', '83552', ' Health ');
INSERT INTO TAD222.ITEM(ITEM_ID, CLAIM_ID, POLICY_ID, ITEM_TYPE) VALUES
('82181', '51924', '46009', ' Health ');
INSERT INTO TAD222.ITEM(ITEM_ID, CLAIM_ID, POLICY_ID, ITEM_TYPE) VALUES
('74068', '03156', '19554', ' Auto');
INSERT INTO TAD222.ITEM(ITEM_ID, CLAIM_ID, POLICY_ID, ITEM_TYPE) VALUES
('95311', '91651', '56910', ' Health ');
INSERT INTO TAD222.ITEM(ITEM_ID, CLAIM_ID, POLICY_ID, ITEM_TYPE) VALUES
('81385', '91651', '78998', ' Auto');
INSERT INTO TAD222.ITEM(ITEM_ID, CLAIM_ID, POLICY_ID, ITEM_TYPE) VALUES
('56599', '33445', '36620', ' Health ');
INSERT INTO TAD222.ITEM(ITEM_ID, CLAIM_ID, POLICY_ID, ITEM_TYPE) VALUES
('89225', '81075', '02027', 'Home ');
INSERT INTO TAD222.ITEM(ITEM_ID, CLAIM_ID, POLICY_ID, ITEM_TYPE) VALUES
('74632', '96680', '35242', ' Health ');
INSERT INTO TAD222.ITEM(ITEM_ID, CLAIM_ID, POLICY_ID, ITEM_TYPE) VALUES
('13148', '13038', '24149', ' Auto');
INSERT INTO TAD222.ITEM(ITEM_ID, CLAIM_ID, POLICY_ID, ITEM_TYPE) VALUES
('56475', '77884', '19554', ' Health ');
INSERT INTO TAD222.ITEM(ITEM_ID, CLAIM_ID, POLICY_ID, ITEM_TYPE) VALUES
('64945', '79418', '56910', ' Auto');
INSERT INTO TAD222.ITEM(ITEM_ID, CLAIM_ID, POLICY_ID, ITEM_TYPE) VALUES
('64497', '40908', '30963', 'Home ');
INSERT INTO TAD222.ITEM(ITEM_ID, CLAIM_ID, POLICY_ID, ITEM_TYPE) VALUES
('84355', '94267', '35643', ' Auto');
INSERT INTO TAD222.ITEM(ITEM_ID, CLAIM_ID, POLICY_ID, ITEM_TYPE) VALUES
('08204', '38244', '38337', ' Auto');
INSERT INTO TAD222.ITEM(ITEM_ID, CLAIM_ID, POLICY_ID, ITEM_TYPE) VALUES
('16659', '77884', '74903', ' Auto');
INSERT INTO TAD222.ITEM(ITEM_ID, CLAIM_ID, POLICY_ID, ITEM_TYPE) VALUES
('01761', '44968', '10278', ' Health ');
INSERT INTO TAD222.ITEM(ITEM_ID, CLAIM_ID, POLICY_ID, ITEM_TYPE) VALUES
('84299', '01612', '55968', ' Health ');
INSERT INTO TAD222.ITEM(ITEM_ID, CLAIM_ID, POLICY_ID, ITEM_TYPE) VALUES
('93689', '51924', '35242', 'Home ');
INSERT INTO TAD222.ITEM(ITEM_ID, CLAIM_ID, POLICY_ID, ITEM_TYPE) VALUES
('85639', '13038', '50278', 'Home ');
INSERT INTO TAD222.ITEM(ITEM_ID, CLAIM_ID, POLICY_ID, ITEM_TYPE) VALUES
('65149', '79418', '65161', ' Auto');
INSERT INTO TAD222.ITEM(ITEM_ID, CLAIM_ID, POLICY_ID, ITEM_TYPE) VALUES
('37804', '87620', '83552', ' Health ');
INSERT INTO TAD222.ITEM(ITEM_ID, CLAIM_ID, POLICY_ID, ITEM_TYPE) VALUES
('29916', '44198', '78998', 'Home ');
INSERT INTO TAD222.ITEM(ITEM_ID, CLAIM_ID, POLICY_ID, ITEM_TYPE) VALUES
('05168', '65010', '10278', ' Auto');
INSERT INTO TAD222.ITEM(ITEM_ID, CLAIM_ID, POLICY_ID, ITEM_TYPE) VALUES
('55085', '13830', '35359', ' Auto');
INSERT INTO TAD222.ITEM(ITEM_ID, CLAIM_ID, POLICY_ID, ITEM_TYPE) VALUES
('39403', '91651', '79165', ' Health ');
INSERT INTO TAD222.ITEM(ITEM_ID, CLAIM_ID, POLICY_ID, ITEM_TYPE) VALUES
('41913', '55080', '19554', ' Auto');
INSERT INTO TAD222.ITEM(ITEM_ID, CLAIM_ID, POLICY_ID, ITEM_TYPE) VALUES
('82377', '77884', '56910', 'Home ');
INSERT INTO TAD222.ITEM(ITEM_ID, CLAIM_ID, POLICY_ID, ITEM_TYPE) VALUES
('95278', '55080', '74903', ' Health ');
INSERT INTO TAD222.ITEM(ITEM_ID, CLAIM_ID, POLICY_ID, ITEM_TYPE) VALUES
('39757', '76327', '90411', 'Home ');
INSERT INTO TAD222.ITEM(ITEM_ID, CLAIM_ID, POLICY_ID, ITEM_TYPE) VALUES
('11728', '01612', '46677', 'Home ');
INSERT INTO TAD222.ITEM(ITEM_ID, CLAIM_ID, POLICY_ID, ITEM_TYPE) VALUES
('75969', '87953', '44213', ' Health ');
INSERT INTO TAD222.ITEM(ITEM_ID, CLAIM_ID, POLICY_ID, ITEM_TYPE) VALUES
('09242', '56560', '22405', 'Home ');
INSERT INTO TAD222.ITEM(ITEM_ID, CLAIM_ID, POLICY_ID, ITEM_TYPE) VALUES
('63376', '13038', '04913', 'Home ');
INSERT INTO TAD222.ITEM(ITEM_ID, CLAIM_ID, POLICY_ID, ITEM_TYPE) VALUES
('67223', '32239', '79165', ' Health ');
INSERT INTO TAD222.ITEM(ITEM_ID, CLAIM_ID, POLICY_ID, ITEM_TYPE) VALUES
('19598', '76327', '46677', ' Auto');
INSERT INTO TAD222.ITEM(ITEM_ID, CLAIM_ID, POLICY_ID, ITEM_TYPE) VALUES
('08996', '08138', '69660', ' Auto');
INSERT INTO TAD222.ITEM(ITEM_ID, CLAIM_ID, POLICY_ID, ITEM_TYPE) VALUES
('15949', '23381', '35359', ' Auto');
INSERT INTO TAD222.ITEM(ITEM_ID, CLAIM_ID, POLICY_ID, ITEM_TYPE) VALUES
('68314', '68497', '71693', ' Health ');
INSERT INTO TAD222.ITEM(ITEM_ID, CLAIM_ID, POLICY_ID, ITEM_TYPE) VALUES
('58776', '03156', '41685', ' Auto');
INSERT INTO TAD222.ITEM(ITEM_ID, CLAIM_ID, POLICY_ID, ITEM_TYPE) VALUES
('29375', '68497', '78998', ' Auto');
INSERT INTO TAD222.ITEM(ITEM_ID, CLAIM_ID, POLICY_ID, ITEM_TYPE) VALUES
('35272', '49610', '02027', ' Auto');
INSERT INTO TAD222.ITEM(ITEM_ID, CLAIM_ID, POLICY_ID, ITEM_TYPE) VALUES
('29679', '44968', '04913', 'Home ');
INSERT INTO TAD222.ITEM(ITEM_ID, CLAIM_ID, POLICY_ID, ITEM_TYPE) VALUES
('89248', '76327', '46009', ' Auto');
INSERT INTO TAD222.ITEM(ITEM_ID, CLAIM_ID, POLICY_ID, ITEM_TYPE) VALUES
('04757', '76327', '41685', ' Auto');
INSERT INTO TAD222.ITEM(ITEM_ID, CLAIM_ID, POLICY_ID, ITEM_TYPE) VALUES
('56887', '13830', '33142', ' Health ');

--
-- Inserting data into table TAD222.ACH_TRANSFER
--
INSERT INTO TAD222.ACH_TRANSFER(PAYMENT_ID, CLAIM_ID, ACCOUNT_NUMBER, ROUTING_NUMBER, RECIPIENT_NAME, RECIPIENT_ADDRESS, PAYMENT_AMOUNT, BANK) VALUES
('45043', '56560', '946301145008', '116388614', 'Letha Bolt', '709 North Second'||CHR(13)||CHR(10)
||'Bo', NULL, 'BofA');
INSERT INTO TAD222.ACH_TRANSFER(PAYMENT_ID, CLAIM_ID, ACCOUNT_NUMBER, ROUTING_NUMBER, RECIPIENT_NAME, RECIPIENT_ADDRESS, PAYMENT_AMOUNT, BANK) VALUES
('15878', '96680', '242349587670', '852432378', 'Vanita Kelleher', '45 Green Nobel'||CHR(13)||CHR(10)
||'Boul', 34390.66, 'Wells Farg');
INSERT INTO TAD222.ACH_TRANSFER(PAYMENT_ID, CLAIM_ID, ACCOUNT_NUMBER, ROUTING_NUMBER, RECIPIENT_NAME, RECIPIENT_ADDRESS, PAYMENT_AMOUNT, BANK) VALUES
('76457', '81075', '349273437357', '798726724', 'Marcos Abraham', '97 Clarendon'||CHR(13)||CHR(10)
||'Street', NULL, 'Chase');
INSERT INTO TAD222.ACH_TRANSFER(PAYMENT_ID, CLAIM_ID, ACCOUNT_NUMBER, ROUTING_NUMBER, RECIPIENT_NAME, RECIPIENT_ADDRESS, PAYMENT_AMOUNT, BANK) VALUES
('08276', '53873', '757843438961', '206225549', 'Miyoko Mckinney', '46 North White Clare', 3093.82, 'Chase');
INSERT INTO TAD222.ACH_TRANSFER(PAYMENT_ID, CLAIM_ID, ACCOUNT_NUMBER, ROUTING_NUMBER, RECIPIENT_NAME, RECIPIENT_ADDRESS, PAYMENT_AMOUNT, BANK) VALUES
('76086', '68497', '399939974840', '385499298', 'Adolph Francisco', '503 Second'||CHR(13)||CHR(10)
||'Avenue', 24181.5, 'Citigroup');
INSERT INTO TAD222.ACH_TRANSFER(PAYMENT_ID, CLAIM_ID, ACCOUNT_NUMBER, ROUTING_NUMBER, RECIPIENT_NAME, RECIPIENT_ADDRESS, PAYMENT_AMOUNT, BANK) VALUES
('84763', '65010', '538427887987', '748833950', 'Oma Lawler', '56 Green Second'||CHR(13)||CHR(10)
||'Par', NULL, 'Citigroup');
INSERT INTO TAD222.ACH_TRANSFER(PAYMENT_ID, CLAIM_ID, ACCOUNT_NUMBER, ROUTING_NUMBER, RECIPIENT_NAME, RECIPIENT_ADDRESS, PAYMENT_AMOUNT, BANK) VALUES
('99070', '87620', '968486195477', '814355122', 'Felix Alba', '380 Green New'||CHR(13)||CHR(10)
||'Drive', NULL, 'Citigroup');
INSERT INTO TAD222.ACH_TRANSFER(PAYMENT_ID, CLAIM_ID, ACCOUNT_NUMBER, ROUTING_NUMBER, RECIPIENT_NAME, RECIPIENT_ADDRESS, PAYMENT_AMOUNT, BANK) VALUES
('70580', '84639', '093604079750', '527828005', 'Eusebia Noland', '78 Old'||CHR(13)||CHR(10)
||'Blvd.', NULL, 'Wells Farg');
INSERT INTO TAD222.ACH_TRANSFER(PAYMENT_ID, CLAIM_ID, ACCOUNT_NUMBER, ROUTING_NUMBER, RECIPIENT_NAME, RECIPIENT_ADDRESS, PAYMENT_AMOUNT, BANK) VALUES
('62888', '38244', '930498944348', '228469211', 'Denisha Mcginnis', NULL, NULL, 'Wells Farg');
INSERT INTO TAD222.ACH_TRANSFER(PAYMENT_ID, CLAIM_ID, ACCOUNT_NUMBER, ROUTING_NUMBER, RECIPIENT_NAME, RECIPIENT_ADDRESS, PAYMENT_AMOUNT, BANK) VALUES
('01414', '46198', '915050070957', '908910306', 'Stanford Sullivan', '389 Fabien'||CHR(13)||CHR(10)
||'Blvd.', NULL, 'BofA');
INSERT INTO TAD222.ACH_TRANSFER(PAYMENT_ID, CLAIM_ID, ACCOUNT_NUMBER, ROUTING_NUMBER, RECIPIENT_NAME, RECIPIENT_ADDRESS, PAYMENT_AMOUNT, BANK) VALUES
('89169', '32239', '209286411796', '901436668', 'Nathan Salisbury', '33 White Fabien'||CHR(13)||CHR(10)
||'Bou', 15746.84, 'BofA');
INSERT INTO TAD222.ACH_TRANSFER(PAYMENT_ID, CLAIM_ID, ACCOUNT_NUMBER, ROUTING_NUMBER, RECIPIENT_NAME, RECIPIENT_ADDRESS, PAYMENT_AMOUNT, BANK) VALUES
('33589', '08138', '600240214709', '663360948', 'Burton Bunnell', '431 East White Milto', NULL, 'Citigroup');
INSERT INTO TAD222.ACH_TRANSFER(PAYMENT_ID, CLAIM_ID, ACCOUNT_NUMBER, ROUTING_NUMBER, RECIPIENT_NAME, RECIPIENT_ADDRESS, PAYMENT_AMOUNT, BANK) VALUES
('17692', '15857', '065214811500', '544946938', 'Adah Jameson', '54 North Old'||CHR(13)||CHR(10)
||'Boulev', NULL, 'Chase');
INSERT INTO TAD222.ACH_TRANSFER(PAYMENT_ID, CLAIM_ID, ACCOUNT_NUMBER, ROUTING_NUMBER, RECIPIENT_NAME, RECIPIENT_ADDRESS, PAYMENT_AMOUNT, BANK) VALUES
('37957', '51924', '663320864781', '558537324', 'Adam Geer', '325 Hague'||CHR(13)||CHR(10)
||'Blvd.', NULL, 'Wells Farg');
INSERT INTO TAD222.ACH_TRANSFER(PAYMENT_ID, CLAIM_ID, ACCOUNT_NUMBER, ROUTING_NUMBER, RECIPIENT_NAME, RECIPIENT_ADDRESS, PAYMENT_AMOUNT, BANK) VALUES
('32014', '40908', '894543423342', '089908240', 'Freeman Selby', '654 Nobel'||CHR(13)||CHR(10)
||'Drive', 47678.55, 'Chase');
INSERT INTO TAD222.ACH_TRANSFER(PAYMENT_ID, CLAIM_ID, ACCOUNT_NUMBER, ROUTING_NUMBER, RECIPIENT_NAME, RECIPIENT_ADDRESS, PAYMENT_AMOUNT, BANK) VALUES
('02368', '25845', '423933269113', '326764534', 'Laura Barger', '73 South Milton'||CHR(13)||CHR(10)
||'Str', NULL, 'BofA');
INSERT INTO TAD222.ACH_TRANSFER(PAYMENT_ID, CLAIM_ID, ACCOUNT_NUMBER, ROUTING_NUMBER, RECIPIENT_NAME, RECIPIENT_ADDRESS, PAYMENT_AMOUNT, BANK) VALUES
('05398', '10258', '392183501478', '078495834', 'Ariel Hermann', '667 East Milton'||CHR(13)||CHR(10)
||'Str', NULL, 'BofA');
INSERT INTO TAD222.ACH_TRANSFER(PAYMENT_ID, CLAIM_ID, ACCOUNT_NUMBER, ROUTING_NUMBER, RECIPIENT_NAME, RECIPIENT_ADDRESS, PAYMENT_AMOUNT, BANK) VALUES
('63555', '03156', '654239766882', '252109280', 'Adam Maddox', '25 Fabien'||CHR(13)||CHR(10)
||'Street', 17504.01, 'Wells Farg');
INSERT INTO TAD222.ACH_TRANSFER(PAYMENT_ID, CLAIM_ID, ACCOUNT_NUMBER, ROUTING_NUMBER, RECIPIENT_NAME, RECIPIENT_ADDRESS, PAYMENT_AMOUNT, BANK) VALUES
('70076', '97103', '279314554811', '380123860', 'Winnifred Brantley', '44 Rocky'||CHR(13)||CHR(10)
||'Second'||CHR(13)||CHR(10)
||'St', 29628.84, 'Citigroup');
INSERT INTO TAD222.ACH_TRANSFER(PAYMENT_ID, CLAIM_ID, ACCOUNT_NUMBER, ROUTING_NUMBER, RECIPIENT_NAME, RECIPIENT_ADDRESS, PAYMENT_AMOUNT, BANK) VALUES
('88231', '33689', '481665329443', '482379250', 'Gayle Baugh', '44 Milton'||CHR(13)||CHR(10)
||'Drive', 21856.94, 'Wells Farg');
INSERT INTO TAD222.ACH_TRANSFER(PAYMENT_ID, CLAIM_ID, ACCOUNT_NUMBER, ROUTING_NUMBER, RECIPIENT_NAME, RECIPIENT_ADDRESS, PAYMENT_AMOUNT, BANK) VALUES
('96465', '44968', '919466839162', '876061955', 'Delcie Abney', '45 North Green Milto', 21219.06, 'Wells Farg');
INSERT INTO TAD222.ACH_TRANSFER(PAYMENT_ID, CLAIM_ID, ACCOUNT_NUMBER, ROUTING_NUMBER, RECIPIENT_NAME, RECIPIENT_ADDRESS, PAYMENT_AMOUNT, BANK) VALUES
('09892', '18964', '076979355709', '405910866', 'Kasey Furr', '33 Milton'||CHR(13)||CHR(10)
||'Street', 18056.54, 'Citigroup');
INSERT INTO TAD222.ACH_TRANSFER(PAYMENT_ID, CLAIM_ID, ACCOUNT_NUMBER, ROUTING_NUMBER, RECIPIENT_NAME, RECIPIENT_ADDRESS, PAYMENT_AMOUNT, BANK) VALUES
('40093', '13830', '051409616463', '047106294', 'Gertie Abel', '21 Rocky'||CHR(13)||CHR(10)
||'Cowley'||CHR(13)||CHR(10)
||'Pa', 35151.12, 'BofA');
INSERT INTO TAD222.ACH_TRANSFER(PAYMENT_ID, CLAIM_ID, ACCOUNT_NUMBER, ROUTING_NUMBER, RECIPIENT_NAME, RECIPIENT_ADDRESS, PAYMENT_AMOUNT, BANK) VALUES
('69532', '87953', '685482663595', '481676819', 'Myles Angel', '405 New'||CHR(13)||CHR(10)
||'Avenue', 3073.77, 'Citigroup');
INSERT INTO TAD222.ACH_TRANSFER(PAYMENT_ID, CLAIM_ID, ACCOUNT_NUMBER, ROUTING_NUMBER, RECIPIENT_NAME, RECIPIENT_ADDRESS, PAYMENT_AMOUNT, BANK) VALUES
('23003', '54625', '666895903274', '655501700', 'Jerome Gipson', '895 White Clarendon'||CHR(13), NULL, 'Citigroup');
INSERT INTO TAD222.ACH_TRANSFER(PAYMENT_ID, CLAIM_ID, ACCOUNT_NUMBER, ROUTING_NUMBER, RECIPIENT_NAME, RECIPIENT_ADDRESS, PAYMENT_AMOUNT, BANK) VALUES
('75351', '57701', '109038937082', '680615156', 'Lilla Perez', '879 White Hague'||CHR(13)||CHR(10)
||'Blv', NULL, 'BofA');
INSERT INTO TAD222.ACH_TRANSFER(PAYMENT_ID, CLAIM_ID, ACCOUNT_NUMBER, ROUTING_NUMBER, RECIPIENT_NAME, RECIPIENT_ADDRESS, PAYMENT_AMOUNT, BANK) VALUES
('51627', '42979', '987031533372', '387529269', 'Josephine Norwood', NULL, NULL, 'BofA');
INSERT INTO TAD222.ACH_TRANSFER(PAYMENT_ID, CLAIM_ID, ACCOUNT_NUMBER, ROUTING_NUMBER, RECIPIENT_NAME, RECIPIENT_ADDRESS, PAYMENT_AMOUNT, BANK) VALUES
('24936', '55080', '314168736335', '661749911', 'Elli Robertson', '901 New'||CHR(13)||CHR(10)
||'Blvd.', 11063.99, 'Wells Farg');
INSERT INTO TAD222.ACH_TRANSFER(PAYMENT_ID, CLAIM_ID, ACCOUNT_NUMBER, ROUTING_NUMBER, RECIPIENT_NAME, RECIPIENT_ADDRESS, PAYMENT_AMOUNT, BANK) VALUES
('82218', '44198', '733826735552', '523956922', 'Curtis Hutson', '589 Milton'||CHR(13)||CHR(10)
||'Avenue', 18572.3, 'BofA');
INSERT INTO TAD222.ACH_TRANSFER(PAYMENT_ID, CLAIM_ID, ACCOUNT_NUMBER, ROUTING_NUMBER, RECIPIENT_NAME, RECIPIENT_ADDRESS, PAYMENT_AMOUNT, BANK) VALUES
('16874', '02822', '660566684823', '700122040', 'Melia Gates', '99 Old'||CHR(13)||CHR(10)
||'Avenue', 39279.41, 'Wells Farg');
INSERT INTO TAD222.ACH_TRANSFER(PAYMENT_ID, CLAIM_ID, ACCOUNT_NUMBER, ROUTING_NUMBER, RECIPIENT_NAME, RECIPIENT_ADDRESS, PAYMENT_AMOUNT, BANK) VALUES
('22225', '18546', '981714245106', '106354494', 'Marc Pickering', '42 Rocky'||CHR(13)||CHR(10)
||'Oak'||CHR(13)||CHR(10)
||'Parkw', NULL, 'Chase');
INSERT INTO TAD222.ACH_TRANSFER(PAYMENT_ID, CLAIM_ID, ACCOUNT_NUMBER, ROUTING_NUMBER, RECIPIENT_NAME, RECIPIENT_ADDRESS, PAYMENT_AMOUNT, BANK) VALUES
('68767', '91651', '751476219398', '481889737', 'Alida Jobe', NULL, NULL, 'Citigroup');
INSERT INTO TAD222.ACH_TRANSFER(PAYMENT_ID, CLAIM_ID, ACCOUNT_NUMBER, ROUTING_NUMBER, RECIPIENT_NAME, RECIPIENT_ADDRESS, PAYMENT_AMOUNT, BANK) VALUES
('85820', '09951', '788401588104', '322771398', 'Cordelia Key', '70 East Nobel'||CHR(13)||CHR(10)
||'St.', 14147.79, 'BofA');
INSERT INTO TAD222.ACH_TRANSFER(PAYMENT_ID, CLAIM_ID, ACCOUNT_NUMBER, ROUTING_NUMBER, RECIPIENT_NAME, RECIPIENT_ADDRESS, PAYMENT_AMOUNT, BANK) VALUES
('03167', '49610', '528810662344', '118125266', 'Reba Gregg', '34 Nobel'||CHR(13)||CHR(10)
||'Street', NULL, 'BofA');
INSERT INTO TAD222.ACH_TRANSFER(PAYMENT_ID, CLAIM_ID, ACCOUNT_NUMBER, ROUTING_NUMBER, RECIPIENT_NAME, RECIPIENT_ADDRESS, PAYMENT_AMOUNT, BANK) VALUES
('38423', '09685', '944018166726', '148215800', 'Jarod Bourgeois', '13 North Nobel'||CHR(13)||CHR(10)
||'Road', NULL, 'Citigroup');
INSERT INTO TAD222.ACH_TRANSFER(PAYMENT_ID, CLAIM_ID, ACCOUNT_NUMBER, ROUTING_NUMBER, RECIPIENT_NAME, RECIPIENT_ADDRESS, PAYMENT_AMOUNT, BANK) VALUES
('48781', '98220', '817617958445', '120116765', 'Oliva Coble', '64 Oak'||CHR(13)||CHR(10)
||'Blvd.', NULL, 'Chase');
INSERT INTO TAD222.ACH_TRANSFER(PAYMENT_ID, CLAIM_ID, ACCOUNT_NUMBER, ROUTING_NUMBER, RECIPIENT_NAME, RECIPIENT_ADDRESS, PAYMENT_AMOUNT, BANK) VALUES
('93261', '72947', '081736030597', '339854530', 'Corey Musgrove', '88 Green Milton'||CHR(13)||CHR(10)
||'Bou', NULL, 'BofA');
INSERT INTO TAD222.ACH_TRANSFER(PAYMENT_ID, CLAIM_ID, ACCOUNT_NUMBER, ROUTING_NUMBER, RECIPIENT_NAME, RECIPIENT_ADDRESS, PAYMENT_AMOUNT, BANK) VALUES
('34115', '01612', '842073921746', '673215194', 'Bud Grubbs', '646 Green New'||CHR(13)||CHR(10)
||'Avenu', 11500.81, 'Wells Farg');
INSERT INTO TAD222.ACH_TRANSFER(PAYMENT_ID, CLAIM_ID, ACCOUNT_NUMBER, ROUTING_NUMBER, RECIPIENT_NAME, RECIPIENT_ADDRESS, PAYMENT_AMOUNT, BANK) VALUES
('80460', '68741', '058485751607', '407095194', 'Newton Graves', '72 Green Clarendon'||CHR(13)||CHR(10)
, 49188.52, 'BofA');
INSERT INTO TAD222.ACH_TRANSFER(PAYMENT_ID, CLAIM_ID, ACCOUNT_NUMBER, ROUTING_NUMBER, RECIPIENT_NAME, RECIPIENT_ADDRESS, PAYMENT_AMOUNT, BANK) VALUES
('62008', '13038', '055610383756', '059328446', 'Tamica Goins', '25 East Rocky'||CHR(13)||CHR(10)
||'Milto', NULL, 'Chase');
INSERT INTO TAD222.ACH_TRANSFER(PAYMENT_ID, CLAIM_ID, ACCOUNT_NUMBER, ROUTING_NUMBER, RECIPIENT_NAME, RECIPIENT_ADDRESS, PAYMENT_AMOUNT, BANK) VALUES
('93063', '94267', '021095663219', '431300485', 'Bertram Herzog', '431 White Oak'||CHR(13)||CHR(10)
||'Road', NULL, 'Wells Farg');
INSERT INTO TAD222.ACH_TRANSFER(PAYMENT_ID, CLAIM_ID, ACCOUNT_NUMBER, ROUTING_NUMBER, RECIPIENT_NAME, RECIPIENT_ADDRESS, PAYMENT_AMOUNT, BANK) VALUES
('55629', '18070', '638335259073', '813398738', 'Malcolm Coward', NULL, NULL, 'BofA');
INSERT INTO TAD222.ACH_TRANSFER(PAYMENT_ID, CLAIM_ID, ACCOUNT_NUMBER, ROUTING_NUMBER, RECIPIENT_NAME, RECIPIENT_ADDRESS, PAYMENT_AMOUNT, BANK) VALUES
('84404', '77884', '549052968744', '609588079', 'Carley Valdez', '514 Second'||CHR(13)||CHR(10)
||'Road', NULL, 'BofA');
INSERT INTO TAD222.ACH_TRANSFER(PAYMENT_ID, CLAIM_ID, ACCOUNT_NUMBER, ROUTING_NUMBER, RECIPIENT_NAME, RECIPIENT_ADDRESS, PAYMENT_AMOUNT, BANK) VALUES
('47864', '30762', '318849843152', '542951141', 'Lizzie Krueger', '49 Rocky'||CHR(13)||CHR(10)
||'Clarendon'||CHR(13), 19205.99, 'Wells Farg');
INSERT INTO TAD222.ACH_TRANSFER(PAYMENT_ID, CLAIM_ID, ACCOUNT_NUMBER, ROUTING_NUMBER, RECIPIENT_NAME, RECIPIENT_ADDRESS, PAYMENT_AMOUNT, BANK) VALUES
('94299', '79418', '817931228036', '548433782', 'Celestine Hong', '670 South Milton'||CHR(13)||CHR(10)
||'Wa', 2221.38, 'Wells Farg');
INSERT INTO TAD222.ACH_TRANSFER(PAYMENT_ID, CLAIM_ID, ACCOUNT_NUMBER, ROUTING_NUMBER, RECIPIENT_NAME, RECIPIENT_ADDRESS, PAYMENT_AMOUNT, BANK) VALUES
('43815', '75149', '792452500866', '076452635', 'Shonda Leake', '124 White New'||CHR(13)||CHR(10)
||'St.', 14215.27, 'Wells Farg');
INSERT INTO TAD222.ACH_TRANSFER(PAYMENT_ID, CLAIM_ID, ACCOUNT_NUMBER, ROUTING_NUMBER, RECIPIENT_NAME, RECIPIENT_ADDRESS, PAYMENT_AMOUNT, BANK) VALUES
('47426', '76327', '980098587678', '052673737', 'Hubert Waldrop', '458 Second'||CHR(13)||CHR(10)
||'Way', 49644.84, 'BofA');
INSERT INTO TAD222.ACH_TRANSFER(PAYMENT_ID, CLAIM_ID, ACCOUNT_NUMBER, ROUTING_NUMBER, RECIPIENT_NAME, RECIPIENT_ADDRESS, PAYMENT_AMOUNT, BANK) VALUES
('19222', '27856', '471786460187', '460083868', 'Alphonso Meeks', '148 Milton'||CHR(13)||CHR(10)
||'Boulevar', 32068.83, 'Wells Farg');
INSERT INTO TAD222.ACH_TRANSFER(PAYMENT_ID, CLAIM_ID, ACCOUNT_NUMBER, ROUTING_NUMBER, RECIPIENT_NAME, RECIPIENT_ADDRESS, PAYMENT_AMOUNT, BANK) VALUES
('44963', '33445', '036106693646', '473002578', 'Aimee Stamm', '42 North Green Oak'||CHR(13)||CHR(10)
, 18274.04, 'BofA');
INSERT INTO TAD222.ACH_TRANSFER(PAYMENT_ID, CLAIM_ID, ACCOUNT_NUMBER, ROUTING_NUMBER, RECIPIENT_NAME, RECIPIENT_ADDRESS, PAYMENT_AMOUNT, BANK) VALUES
('86849', '23381', '433323115556', '220990531', 'Sonia Ackerman', NULL, 47267.71, 'Wells Farg');

--
-- Inserting data into table TAD222.AUTO_INSURANCE
--
INSERT INTO TAD222.AUTO_INSURANCE(POLICY_ID, YEAR, MAKE, MODEL, VIN_NUMBER, MARKET_VALUE, AGE, GENDER, GEOGRAPHIC_LOCATION, CREDIT_HISTORY, DRIVING_RECORD, ANNUAL_MILES) VALUES
('44213', 2000, ' Fiat ', ' Y ', '1N6AZ1MU58M837678', 107616.95, '38', 'F', ' AL', 635, '687412785', 44883);
INSERT INTO TAD222.AUTO_INSURANCE(POLICY_ID, YEAR, MAKE, MODEL, VIN_NUMBER, MARKET_VALUE, AGE, GENDER, GEOGRAPHIC_LOCATION, CREDIT_HISTORY, DRIVING_RECORD, ANNUAL_MILES) VALUES
('16439', 2003, ' Jaguar ', ' F-Series ', '5TFN450Y1CS189845', 191743.31, '57', 'F', ' OK', 626, '623381538', 47882);
INSERT INTO TAD222.AUTO_INSURANCE(POLICY_ID, YEAR, MAKE, MODEL, VIN_NUMBER, MARKET_VALUE, AGE, GENDER, GEOGRAPHIC_LOCATION, CREDIT_HISTORY, DRIVING_RECORD, ANNUAL_MILES) VALUES
('01590', 2000, 'Toyota ', ' Jerokee ', 'JN8AZ1MU7DK921885', 59510.59, '47', 'F', ' UM', 787, '735462591', 13658);
INSERT INTO TAD222.AUTO_INSURANCE(POLICY_ID, YEAR, MAKE, MODEL, VIN_NUMBER, MARKET_VALUE, AGE, GENDER, GEOGRAPHIC_LOCATION, CREDIT_HISTORY, DRIVING_RECORD, ANNUAL_MILES) VALUES
('35242', 2007, ' Audi ', ' S-Series ', '1G2HP1776EZ369573', 21144.21, '61', 'F', ' WV', 711, '651307623', 36137);
INSERT INTO TAD222.AUTO_INSURANCE(POLICY_ID, YEAR, MAKE, MODEL, VIN_NUMBER, MARKET_VALUE, AGE, GENDER, GEOGRAPHIC_LOCATION, CREDIT_HISTORY, DRIVING_RECORD, ANNUAL_MILES) VALUES
('69660', 2000, ' Volkswage', ' X-Series ', '6HMBE1763BS987521', 177700.7, '20', 'M', ' AZ', 578, '344596680', 28455);
INSERT INTO TAD222.AUTO_INSURANCE(POLICY_ID, YEAR, MAKE, MODEL, VIN_NUMBER, MARKET_VALUE, AGE, GENDER, GEOGRAPHIC_LOCATION, CREDIT_HISTORY, DRIVING_RECORD, ANNUAL_MILES) VALUES
('35643', 2004, ' Land Rove', ' Sierra ', 'KL1EZ97P3E0481380', 243656.3, '38', 'F', ' KS', 598, '138305770', 3753);
INSERT INTO TAD222.AUTO_INSURANCE(POLICY_ID, YEAR, MAKE, MODEL, VIN_NUMBER, MARKET_VALUE, AGE, GENDER, GEOGRAPHIC_LOCATION, CREDIT_HISTORY, DRIVING_RECORD, ANNUAL_MILES) VALUES
('30963', 2000, ' Genesis ', ' Equinox ', '2MECM81Z993163327', 145423.05, '48', 'M', ' OH', 566, '101612322', 7995);
INSERT INTO TAD222.AUTO_INSURANCE(POLICY_ID, YEAR, MAKE, MODEL, VIN_NUMBER, MARKET_VALUE, AGE, GENDER, GEOGRAPHIC_LOCATION, CREDIT_HISTORY, DRIVING_RECORD, ANNUAL_MILES) VALUES
('48237', 2010, ' Mercedes-', ' Mustang ', '5YFLB53J3DK837097', 148072.72, '18', 'M', ' SC', 578, '395192410', 42936);
INSERT INTO TAD222.AUTO_INSURANCE(POLICY_ID, YEAR, MAKE, MODEL, VIN_NUMBER, MARKET_VALUE, AGE, GENDER, GEOGRAPHIC_LOCATION, CREDIT_HISTORY, DRIVING_RECORD, ANNUAL_MILES) VALUES
('49284', 2007, ' Tesla ', ' Sierra ', 'JN8AF5MR28C698229', 159692.15, '30', 'F', ' AR', 594, '258879537', 30858);
INSERT INTO TAD222.AUTO_INSURANCE(POLICY_ID, YEAR, MAKE, MODEL, VIN_NUMBER, MARKET_VALUE, AGE, GENDER, GEOGRAPHIC_LOCATION, CREDIT_HISTORY, DRIVING_RECORD, ANNUAL_MILES) VALUES
('71693', 2003, ' Lexus ', ' Camry ', '1G4CB57YXAF170845', 56345.96, '21', 'M', ' AR', 653, '294781075', 22124);
INSERT INTO TAD222.AUTO_INSURANCE(POLICY_ID, YEAR, MAKE, MODEL, VIN_NUMBER, MARKET_VALUE, AGE, GENDER, GEOGRAPHIC_LOCATION, CREDIT_HISTORY, DRIVING_RECORD, ANNUAL_MILES) VALUES
('18145', 2011, ' Subaru ', ' Spider ', '1N6AL3AP7CK837679', 184373.64, '19', 'M', ' CT', 680, '081384090', 17032);
INSERT INTO TAD222.AUTO_INSURANCE(POLICY_ID, YEAR, MAKE, MODEL, VIN_NUMBER, MARKET_VALUE, AGE, GENDER, GEOGRAPHIC_LOCATION, CREDIT_HISTORY, DRIVING_RECORD, ANNUAL_MILES) VALUES
('36620', 2000, ' Pontiac ', ' S-Series ', 'JN8AF5MR5DW163467', 127750.56, '32', 'M', ' KY', 816, '833689028', 40137);
INSERT INTO TAD222.AUTO_INSURANCE(POLICY_ID, YEAR, MAKE, MODEL, VIN_NUMBER, MARKET_VALUE, AGE, GENDER, GEOGRAPHIC_LOCATION, CREDIT_HISTORY, DRIVING_RECORD, ANNUAL_MILES) VALUES
('85973', 2000, ' Buick ', ' Equinox ', '2T1KT80T0CR301643', 184842.55, '50', 'F', ' PA', 741, '224619842', 44027);
INSERT INTO TAD222.AUTO_INSURANCE(POLICY_ID, YEAR, MAKE, MODEL, VIN_NUMBER, MARKET_VALUE, AGE, GENDER, GEOGRAPHIC_LOCATION, CREDIT_HISTORY, DRIVING_RECORD, ANNUAL_MILES) VALUES
('19554', 2000, 'Toyota ', ' Camry ', '1F1HK02JXC2250735', 162592.26, '51', 'F', ' IL', 520, '979441980', 6421);
INSERT INTO TAD222.AUTO_INSURANCE(POLICY_ID, YEAR, MAKE, MODEL, VIN_NUMBER, MARKET_VALUE, AGE, GENDER, GEOGRAPHIC_LOCATION, CREDIT_HISTORY, DRIVING_RECORD, ANNUAL_MILES) VALUES
('66037', 2015, ' Hyundai ', ' X-Series ', '2T1HM8DU4BW387100', 48529.43, '33', 'M', ' UT', 759, '968518070', 38741);
INSERT INTO TAD222.AUTO_INSURANCE(POLICY_ID, YEAR, MAKE, MODEL, VIN_NUMBER, MARKET_VALUE, AGE, GENDER, GEOGRAPHIC_LOCATION, CREDIT_HISTORY, DRIVING_RECORD, ANNUAL_MILES) VALUES
('24149', 2011, ' Acura ', ' 500L ', '2T3AU16WXFK275302', 71217.25, '46', 'F', ' IN', 521, '684974496', 30048);
INSERT INTO TAD222.AUTO_INSURANCE(POLICY_ID, YEAR, MAKE, MODEL, VIN_NUMBER, MARKET_VALUE, AGE, GENDER, GEOGRAPHIC_LOCATION, CREDIT_HISTORY, DRIVING_RECORD, ANNUAL_MILES) VALUES
('50280', 2004, ' Bentley ', ' Accord ', '2G1EL17E0F0830140', 77750.42, '36', 'M', ' MO', 700, '855080099', 39629);
INSERT INTO TAD222.AUTO_INSURANCE(POLICY_ID, YEAR, MAKE, MODEL, VIN_NUMBER, MARKET_VALUE, AGE, GENDER, GEOGRAPHIC_LOCATION, CREDIT_HISTORY, DRIVING_RECORD, ANNUAL_MILES) VALUES
('03943', 2006, ' Fiat ', ' Camry ', '4HMBE1121CK718193', 205644.47, '52', 'F', ' WA', 745, '519822077', 29218);
INSERT INTO TAD222.AUTO_INSURANCE(POLICY_ID, YEAR, MAKE, MODEL, VIN_NUMBER, MARKET_VALUE, AGE, GENDER, GEOGRAPHIC_LOCATION, CREDIT_HISTORY, DRIVING_RECORD, ANNUAL_MILES) VALUES
('40438', 2000, ' Suzuki', ' Explorer ', 'JN8AZ1MU9AM247674', 15960.85, '20', 'M', ' MI', 696, '884130387', 48622);
INSERT INTO TAD222.AUTO_INSURANCE(POLICY_ID, YEAR, MAKE, MODEL, VIN_NUMBER, MARKET_VALUE, AGE, GENDER, GEOGRAPHIC_LOCATION, CREDIT_HISTORY, DRIVING_RECORD, ANNUAL_MILES) VALUES
('41685', 2012, ' Infiniti ', ' Accord ', 'W06HR67T3FR456026', 99973.6, '45', 'F', ' AL', 511, '941876327', 25973);
INSERT INTO TAD222.AUTO_INSURANCE(POLICY_ID, YEAR, MAKE, MODEL, VIN_NUMBER, MARKET_VALUE, AGE, GENDER, GEOGRAPHIC_LOCATION, CREDIT_HISTORY, DRIVING_RECORD, ANNUAL_MILES) VALUES
('87330', 2018, ' Maserati ', ' Accord ', 'KL1SL37A7CF567833', 217858.27, NULL, NULL, ' UT', 586, '031561896', 36066);
INSERT INTO TAD222.AUTO_INSURANCE(POLICY_ID, YEAR, MAKE, MODEL, VIN_NUMBER, MARKET_VALUE, AGE, GENDER, GEOGRAPHIC_LOCATION, CREDIT_HISTORY, DRIVING_RECORD, ANNUAL_MILES) VALUES
('55968', 2000, ' Mercedes-', 'Bronco ', '1FBDP2483C4163328', 100784.09, '45', 'M', ' NE', 724, '449610942', 15976);
INSERT INTO TAD222.AUTO_INSURANCE(POLICY_ID, YEAR, MAKE, MODEL, VIN_NUMBER, MARKET_VALUE, AGE, GENDER, GEOGRAPHIC_LOCATION, CREDIT_HISTORY, DRIVING_RECORD, ANNUAL_MILES) VALUES
('50037', 2001, ' Tesla ', ' S ', '2T3AS5D81AS922552', 101725.75, '34', 'F', ' GA', 445, '677514915', 20293);
INSERT INTO TAD222.AUTO_INSURANCE(POLICY_ID, YEAR, MAKE, MODEL, VIN_NUMBER, MARKET_VALUE, AGE, GENDER, GEOGRAPHIC_LOCATION, CREDIT_HISTORY, DRIVING_RECORD, ANNUAL_MILES) VALUES
('94378', 2000, ' Chrysler ', ' Equinox ', '1F1DP06Y5EL997521', 195685.21, '35', 'F', ' DE', 624, '857971031', 31829);
INSERT INTO TAD222.AUTO_INSURANCE(POLICY_ID, YEAR, MAKE, MODEL, VIN_NUMBER, MARKET_VALUE, AGE, GENDER, GEOGRAPHIC_LOCATION, CREDIT_HISTORY, DRIVING_RECORD, ANNUAL_MILES) VALUES
('84805', 2000, ' Dodge ', ' Ranger ', '3G4ZR8774B0369574', 176321.53, '49', 'F', ' MI', 696, '854687620', 41917);
INSERT INTO TAD222.AUTO_INSURANCE(POLICY_ID, YEAR, MAKE, MODEL, VIN_NUMBER, MARKET_VALUE, AGE, GENDER, GEOGRAPHIC_LOCATION, CREDIT_HISTORY, DRIVING_RECORD, ANNUAL_MILES) VALUES
('66298', 2011, 'Ram  ', ' Camry ', '1FALP339294967130', 19736.36, '44', 'M', ' GA', 474, '382445656', 30328);
INSERT INTO TAD222.AUTO_INSURANCE(POLICY_ID, YEAR, MAKE, MODEL, VIN_NUMBER, MARKET_VALUE, AGE, GENDER, GEOGRAPHIC_LOCATION, CREDIT_HISTORY, DRIVING_RECORD, ANNUAL_MILES) VALUES
('21859', 2004, ' GMC ', ' Explorer ', '1F7FP70W9D0879728', 152478.95, '22', 'F', ' VT', 585, '084639258', 11694);
INSERT INTO TAD222.AUTO_INSURANCE(POLICY_ID, YEAR, MAKE, MODEL, VIN_NUMBER, MARKET_VALUE, AGE, GENDER, GEOGRAPHIC_LOCATION, CREDIT_HISTORY, DRIVING_RECORD, ANNUAL_MILES) VALUES
('42129', 2006, ' Lincoln ', ' Civic  ', 'JTMKU5FZXDE659907', 143720.27, '32', 'M', 'AK', 810, '456501033', 13109);
INSERT INTO TAD222.AUTO_INSURANCE(POLICY_ID, YEAR, MAKE, MODEL, VIN_NUMBER, MARKET_VALUE, AGE, GENDER, GEOGRAPHIC_LOCATION, CREDIT_HISTORY, DRIVING_RECORD, ANNUAL_MILES) VALUES
('31413', 2019, ' GMC ', ' X ', 'JN8AF5MR7AK504127', 154255.14, '45', 'M', ' VI', 518, '828527221', 10381);
INSERT INTO TAD222.AUTO_INSURANCE(POLICY_ID, YEAR, MAKE, MODEL, VIN_NUMBER, MARKET_VALUE, AGE, GENDER, GEOGRAPHIC_LOCATION, CREDIT_HISTORY, DRIVING_RECORD, ANNUAL_MILES) VALUES
('56910', 2000, ' Pontiac ', ' S ', '5T1BF52T9CW301644', 30599.42, '52', 'F', ' MN', 541, '778118574', 32175);
INSERT INTO TAD222.AUTO_INSURANCE(POLICY_ID, YEAR, MAKE, MODEL, VIN_NUMBER, MARKET_VALUE, AGE, GENDER, GEOGRAPHIC_LOCATION, CREDIT_HISTORY, DRIVING_RECORD, ANNUAL_MILES) VALUES
('79165', 2001, ' Honda ', ' Equinox ', '3G1YV67A2F0987521', 92940.6, '34', 'M', ' TX', 616, '032496641', 1231);
INSERT INTO TAD222.AUTO_INSURANCE(POLICY_ID, YEAR, MAKE, MODEL, VIN_NUMBER, MARKET_VALUE, AGE, GENDER, GEOGRAPHIC_LOCATION, CREDIT_HISTORY, DRIVING_RECORD, ANNUAL_MILES) VALUES
('18810', 2013, ' Dodge ', ' 500L ', '5HLKA9536FC489438', 42958.37, '51', 'F', ' VI', 758, '239148547', 47280);
INSERT INTO TAD222.AUTO_INSURANCE(POLICY_ID, YEAR, MAKE, MODEL, VIN_NUMBER, MARKET_VALUE, AGE, GENDER, GEOGRAPHIC_LOCATION, CREDIT_HISTORY, DRIVING_RECORD, ANNUAL_MILES) VALUES
('83552', 2016, ' Maserati ', ' X ', '6G1CG37Y39K481381', 66920.51, '19', 'F', ' TX', 792, '227794330', 26337);
INSERT INTO TAD222.AUTO_INSURANCE(POLICY_ID, YEAR, MAKE, MODEL, VIN_NUMBER, MARKET_VALUE, AGE, GENDER, GEOGRAPHIC_LOCATION, CREDIT_HISTORY, DRIVING_RECORD, ANNUAL_MILES) VALUES
('35359', 2000, ' Dodge ', ' Equinox ', 'JN8AF5MR4FW386330', 123064.31, '36', 'F', ' PA', 478, '248273283', 10294);
INSERT INTO TAD222.AUTO_INSURANCE(POLICY_ID, YEAR, MAKE, MODEL, VIN_NUMBER, MARKET_VALUE, AGE, GENDER, GEOGRAPHIC_LOCATION, CREDIT_HISTORY, DRIVING_RECORD, ANNUAL_MILES) VALUES
('90411', 2000, ' Chrysler ', ' Sierra ', '3G2JB67X2C1257298', 120420.05, '40', 'M', ' TX', 409, '666939088', 9514);
INSERT INTO TAD222.AUTO_INSURANCE(POLICY_ID, YEAR, MAKE, MODEL, VIN_NUMBER, MARKET_VALUE, AGE, GENDER, GEOGRAPHIC_LOCATION, CREDIT_HISTORY, DRIVING_RECORD, ANNUAL_MILES) VALUES
('10278', 2002, ' Audi ', ' 500L ', 'KHGYF1528FW317544', 67971.96, '36', 'F', ' NH', 624, '639208176', 33718);
INSERT INTO TAD222.AUTO_INSURANCE(POLICY_ID, YEAR, MAKE, MODEL, VIN_NUMBER, MARKET_VALUE, AGE, GENDER, GEOGRAPHIC_LOCATION, CREDIT_HISTORY, DRIVING_RECORD, ANNUAL_MILES) VALUES
('50278', 2001, ' GMC ', ' X ', '1G8HP9793E1456027', 45523.65, '45', 'F', ' SC', 842, '133941889', 7508);
INSERT INTO TAD222.AUTO_INSURANCE(POLICY_ID, YEAR, MAKE, MODEL, VIN_NUMBER, MARKET_VALUE, AGE, GENDER, GEOGRAPHIC_LOCATION, CREDIT_HISTORY, DRIVING_RECORD, ANNUAL_MILES) VALUES
('95459', 2019, ' Infiniti ', ' Corolla ', '4T1LF13P4CK745364', 114034.04, '20', 'M', ' IN', 452, '661440415', 10833);
INSERT INTO TAD222.AUTO_INSURANCE(POLICY_ID, YEAR, MAKE, MODEL, VIN_NUMBER, MARKET_VALUE, AGE, GENDER, GEOGRAPHIC_LOCATION, CREDIT_HISTORY, DRIVING_RECORD, ANNUAL_MILES) VALUES
('46677', 2014, ' Nissan  ', ' Y ', '8HMYF1766DL578146', 80254.47, '56', 'M', ' PA', 649, '114484719', 11997);
INSERT INTO TAD222.AUTO_INSURANCE(POLICY_ID, YEAR, MAKE, MODEL, VIN_NUMBER, MARKET_VALUE, AGE, GENDER, GEOGRAPHIC_LOCATION, CREDIT_HISTORY, DRIVING_RECORD, ANNUAL_MILES) VALUES
('74903', 2003, ' Chevrolet', ' Y ', '1G6CD178784567834', 20413.75, '59', 'F', ' NC', 613, '122265118', 29463);
INSERT INTO TAD222.AUTO_INSURANCE(POLICY_ID, YEAR, MAKE, MODEL, VIN_NUMBER, MARKET_VALUE, AGE, GENDER, GEOGRAPHIC_LOCATION, CREDIT_HISTORY, DRIVING_RECORD, ANNUAL_MILES) VALUES
('38337', 2002, ' Chevrolet', ' Equinox ', '5Y2NK6742FK916591', 72849.79, '49', 'F', ' UM', 450, '766830827', 15255);
INSERT INTO TAD222.AUTO_INSURANCE(POLICY_ID, YEAR, MAKE, MODEL, VIN_NUMBER, MARKET_VALUE, AGE, GENDER, GEOGRAPHIC_LOCATION, CREDIT_HISTORY, DRIVING_RECORD, ANNUAL_MILES) VALUES
('65161', 2004, 'Ram  ', ' Compass ', '1N6AF5MR0DC921886', 63497.41, '50', 'M', ' NV', 733, '506067381', 9287);
INSERT INTO TAD222.AUTO_INSURANCE(POLICY_ID, YEAR, MAKE, MODEL, VIN_NUMBER, MARKET_VALUE, AGE, GENDER, GEOGRAPHIC_LOCATION, CREDIT_HISTORY, DRIVING_RECORD, ANNUAL_MILES) VALUES
('22405', 2007, ' Chrysler ', ' F-Series ', 'KL1AS17M2AR170846', 55575.14, '19', 'M', ' WV', 849, '353248506', 1405);
INSERT INTO TAD222.AUTO_INSURANCE(POLICY_ID, YEAR, MAKE, MODEL, VIN_NUMBER, MARKET_VALUE, AGE, GENDER, GEOGRAPHIC_LOCATION, CREDIT_HISTORY, DRIVING_RECORD, ANNUAL_MILES) VALUES
('78998', 2010, ' Subaru ', ' S-Series ', '1G2AS9794D1257299', 75930.94, NULL, NULL, ' WV', 547, '963665279', 23050);
INSERT INTO TAD222.AUTO_INSURANCE(POLICY_ID, YEAR, MAKE, MODEL, VIN_NUMBER, MARKET_VALUE, AGE, GENDER, GEOGRAPHIC_LOCATION, CREDIT_HISTORY, DRIVING_RECORD, ANNUAL_MILES) VALUES
('04913', 2017, ' Subaru ', ' RAV4 ', '1N6AL3AP1DM163468', 204991.83, '29', 'F', ' KS', 457, '122399986', 28420);
INSERT INTO TAD222.AUTO_INSURANCE(POLICY_ID, YEAR, MAKE, MODEL, VIN_NUMBER, MARKET_VALUE, AGE, GENDER, GEOGRAPHIC_LOCATION, CREDIT_HISTORY, DRIVING_RECORD, ANNUAL_MILES) VALUES
('46009', 2001, ' Hyundai ', ' Yaris ', 'JN8AF5MR8CK247675', 113055.69, '42', 'M', ' NE', 708, '174195588', 36862);
INSERT INTO TAD222.AUTO_INSURANCE(POLICY_ID, YEAR, MAKE, MODEL, VIN_NUMBER, MARKET_VALUE, AGE, GENDER, GEOGRAPHIC_LOCATION, CREDIT_HISTORY, DRIVING_RECORD, ANNUAL_MILES) VALUES
('33142', 2000, ' Kia ', ' Spider ', '5YFAY11P1BK837098', 100651.65, '58', 'F', ' MN', 596, '618140027', 40078);
INSERT INTO TAD222.AUTO_INSURANCE(POLICY_ID, YEAR, MAKE, MODEL, VIN_NUMBER, MARKET_VALUE, AGE, GENDER, GEOGRAPHIC_LOCATION, CREDIT_HISTORY, DRIVING_RECORD, ANNUAL_MILES) VALUES
('83730', 2000, ' Japan ', ' Spider ', 'KMHEF21V78M618958', 135794.28, NULL, NULL, ' WI', 586, '614038510', 8285);
INSERT INTO TAD222.AUTO_INSURANCE(POLICY_ID, YEAR, MAKE, MODEL, VIN_NUMBER, MARKET_VALUE, AGE, GENDER, GEOGRAPHIC_LOCATION, CREDIT_HISTORY, DRIVING_RECORD, ANNUAL_MILES) VALUES
('40194', 2003, ' Audi ', ' Yaris ', '9HGGD3121DL406252', 98401.13, NULL, NULL, ' AL', 583, '000553408', 779);
INSERT INTO TAD222.AUTO_INSURANCE(POLICY_ID, YEAR, MAKE, MODEL, VIN_NUMBER, MARKET_VALUE, AGE, GENDER, GEOGRAPHIC_LOCATION, CREDIT_HISTORY, DRIVING_RECORD, ANNUAL_MILES) VALUES
('02027', 2012, ' Jaguar ', ' Wrangler ', '4F2PP53U9EL250736', 66777.36, NULL, NULL, ' WI', 477, '715294782', 4269);

--
-- Inserting data into table TAD222.CHECKS
--
INSERT INTO TAD222.CHECKS(PAYMENT_ID, CLAIM_ID, CHECK_NUMBER, CHECK_DATE, RECIPIENT_NAME, RECIPIENT_ADDRESS, PAYMENT_AMOUNT, BANK) VALUES
('27014', '56560', '82341', '11/12/23', 'Gale Elliott', '31 Old'||CHR(13)||CHR(10)
||'Boulevard', NULL, 'Chase');
INSERT INTO TAD222.CHECKS(PAYMENT_ID, CLAIM_ID, CHECK_NUMBER, CHECK_DATE, RECIPIENT_NAME, RECIPIENT_ADDRESS, PAYMENT_AMOUNT, BANK) VALUES
('26634', '96680', '35616', '08/11/02', 'Damien Gibbs', '352 Cowley'||CHR(13)||CHR(10)
||'Blvd.', 34332.1, 'Wells Farg');
INSERT INTO TAD222.CHECKS(PAYMENT_ID, CLAIM_ID, CHECK_NUMBER, CHECK_DATE, RECIPIENT_NAME, RECIPIENT_ADDRESS, PAYMENT_AMOUNT, BANK) VALUES
('56631', '81075', '99399', '10/03/17', 'Kareem Culver', '112 West Rocky'||CHR(13)||CHR(10)
||'Fabi', NULL, 'Citigroup');
INSERT INTO TAD222.CHECKS(PAYMENT_ID, CLAIM_ID, CHECK_NUMBER, CHECK_DATE, RECIPIENT_NAME, RECIPIENT_ADDRESS, PAYMENT_AMOUNT, BANK) VALUES
('80185', '53873', '82060', '02/11/29', 'Houston Contreras', '84 Milton'||CHR(13)||CHR(10)
||'Road', 47988.57, 'Wells Farg');
INSERT INTO TAD222.CHECKS(PAYMENT_ID, CLAIM_ID, CHECK_NUMBER, CHECK_DATE, RECIPIENT_NAME, RECIPIENT_ADDRESS, PAYMENT_AMOUNT, BANK) VALUES
('90287', '68497', '95270', '10/03/28', 'Alonzo Calvin', '54 Nobel'||CHR(13)||CHR(10)
||'Blvd.', NULL, 'Chase');
INSERT INTO TAD222.CHECKS(PAYMENT_ID, CLAIM_ID, CHECK_NUMBER, CHECK_DATE, RECIPIENT_NAME, RECIPIENT_ADDRESS, PAYMENT_AMOUNT, BANK) VALUES
('50590', '65010', '75258', '12/12/28', 'Trudie Abney', '435 Rocky'||CHR(13)||CHR(10)
||'Clarendon', NULL, 'Wells Farg');
INSERT INTO TAD222.CHECKS(PAYMENT_ID, CLAIM_ID, CHECK_NUMBER, CHECK_DATE, RECIPIENT_NAME, RECIPIENT_ADDRESS, PAYMENT_AMOUNT, BANK) VALUES
('17667', '87620', '51197', '12/12/10', 'Alane Patrick', '875 East Green Nobel', 8246.66, 'Wells Farg');
INSERT INTO TAD222.CHECKS(PAYMENT_ID, CLAIM_ID, CHECK_NUMBER, CHECK_DATE, RECIPIENT_NAME, RECIPIENT_ADDRESS, PAYMENT_AMOUNT, BANK) VALUES
('36971', '84639', '96299', '09/12/11', 'Berry Pedersen', '45 North Second'||CHR(13)||CHR(10)
||'Ave', 25345.84, NULL);
INSERT INTO TAD222.CHECKS(PAYMENT_ID, CLAIM_ID, CHECK_NUMBER, CHECK_DATE, RECIPIENT_NAME, RECIPIENT_ADDRESS, PAYMENT_AMOUNT, BANK) VALUES
('82506', '38244', '26208', '12/10/13', 'Maria Abney', '446 Green Nobel'||CHR(13)||CHR(10)
||'Roa', NULL, 'Wells Farg');
INSERT INTO TAD222.CHECKS(PAYMENT_ID, CLAIM_ID, CHECK_NUMBER, CHECK_DATE, RECIPIENT_NAME, RECIPIENT_ADDRESS, PAYMENT_AMOUNT, BANK) VALUES
('07607', '46198', '01467', '10/11/16', 'Joette Valdez', '966 Rocky'||CHR(13)||CHR(10)
||'Hague'||CHR(13)||CHR(10)
||'St', 46737.34, 'BofA');
INSERT INTO TAD222.CHECKS(PAYMENT_ID, CLAIM_ID, CHECK_NUMBER, CHECK_DATE, RECIPIENT_NAME, RECIPIENT_ADDRESS, PAYMENT_AMOUNT, BANK) VALUES
('01752', '32239', '26840', '08/11/25', 'Adah Ambrose', '37 North New'||CHR(13)||CHR(10)
||'Avenue', 33177.29, 'Citigroup');
INSERT INTO TAD222.CHECKS(PAYMENT_ID, CLAIM_ID, CHECK_NUMBER, CHECK_DATE, RECIPIENT_NAME, RECIPIENT_ADDRESS, PAYMENT_AMOUNT, BANK) VALUES
('28477', '08138', '98265', '12/07/04', 'Thresa Park', '80 Rocky'||CHR(13)||CHR(10)
||'Nobel'||CHR(13)||CHR(10)
||'Fre', NULL, 'Chase');
INSERT INTO TAD222.CHECKS(PAYMENT_ID, CLAIM_ID, CHECK_NUMBER, CHECK_DATE, RECIPIENT_NAME, RECIPIENT_ADDRESS, PAYMENT_AMOUNT, BANK) VALUES
('64166', '15857', '77381', '12/02/16', 'Bryant Blanchard', '24 White Old'||CHR(13)||CHR(10)
||'Parkwa', NULL, 'Chase');
INSERT INTO TAD222.CHECKS(PAYMENT_ID, CLAIM_ID, CHECK_NUMBER, CHECK_DATE, RECIPIENT_NAME, RECIPIENT_ADDRESS, PAYMENT_AMOUNT, BANK) VALUES
('48208', '51924', '58730', '10/02/25', 'Alexis Mallory', '70 Nobel'||CHR(13)||CHR(10)
||'Street', 18167.14, 'BofA');
INSERT INTO TAD222.CHECKS(PAYMENT_ID, CLAIM_ID, CHECK_NUMBER, CHECK_DATE, RECIPIENT_NAME, RECIPIENT_ADDRESS, PAYMENT_AMOUNT, BANK) VALUES
('25813', '40908', '80473', '07/10/02', 'Alida Dover', '182 Green Milton'||CHR(13)||CHR(10)
||'Wa', NULL, 'Chase');
INSERT INTO TAD222.CHECKS(PAYMENT_ID, CLAIM_ID, CHECK_NUMBER, CHECK_DATE, RECIPIENT_NAME, RECIPIENT_ADDRESS, PAYMENT_AMOUNT, BANK) VALUES
('09807', '25845', '94740', '06/08/14', 'Alane Alves', '68 Fabien'||CHR(13)||CHR(10)
||'Way', NULL, 'BofA');
INSERT INTO TAD222.CHECKS(PAYMENT_ID, CLAIM_ID, CHECK_NUMBER, CHECK_DATE, RECIPIENT_NAME, RECIPIENT_ADDRESS, PAYMENT_AMOUNT, BANK) VALUES
('91066', '10258', '46957', '11/11/20', 'Steven Lombard', '12 South Old'||CHR(13)||CHR(10)
||'Freewa', NULL, 'BofA');
INSERT INTO TAD222.CHECKS(PAYMENT_ID, CLAIM_ID, CHECK_NUMBER, CHECK_DATE, RECIPIENT_NAME, RECIPIENT_ADDRESS, PAYMENT_AMOUNT, BANK) VALUES
('30971', '03156', '49100', '12/12/29', 'Amina Hickman', '98 White Nobel'||CHR(13)||CHR(10)
||'Road', NULL, 'Wells Farg');
INSERT INTO TAD222.CHECKS(PAYMENT_ID, CLAIM_ID, CHECK_NUMBER, CHECK_DATE, RECIPIENT_NAME, RECIPIENT_ADDRESS, PAYMENT_AMOUNT, BANK) VALUES
('75446', '97103', '56780', '08/11/28', 'Moises Kellogg', '935 North Second'||CHR(13)||CHR(10)
||'Ro', NULL, 'BofA');
INSERT INTO TAD222.CHECKS(PAYMENT_ID, CLAIM_ID, CHECK_NUMBER, CHECK_DATE, RECIPIENT_NAME, RECIPIENT_ADDRESS, PAYMENT_AMOUNT, BANK) VALUES
('54518', '33689', '42388', '07/06/11', 'Orlando Rich', '69 West Fabien'||CHR(13)||CHR(10)
||'Driv', 49157.73, 'Wells Farg');
INSERT INTO TAD222.CHECKS(PAYMENT_ID, CLAIM_ID, CHECK_NUMBER, CHECK_DATE, RECIPIENT_NAME, RECIPIENT_ADDRESS, PAYMENT_AMOUNT, BANK) VALUES
('88184', '44968', '32802', '12/03/19', 'Lakenya Godfrey', '70 South Old'||CHR(13)||CHR(10)
||'Avenue', 15109.82, 'BofA');
INSERT INTO TAD222.CHECKS(PAYMENT_ID, CLAIM_ID, CHECK_NUMBER, CHECK_DATE, RECIPIENT_NAME, RECIPIENT_ADDRESS, PAYMENT_AMOUNT, BANK) VALUES
('50730', '18964', '78560', '11/05/00', 'Norma Forrester', '49 North White Milto', NULL, 'Citigroup');
INSERT INTO TAD222.CHECKS(PAYMENT_ID, CLAIM_ID, CHECK_NUMBER, CHECK_DATE, RECIPIENT_NAME, RECIPIENT_ADDRESS, PAYMENT_AMOUNT, BANK) VALUES
('42721', '13830', '93799', '09/04/11', 'Edmond Pollock', '197 New'||CHR(13)||CHR(10)
||'Blvd.', 3604.66, 'Wells Farg');
INSERT INTO TAD222.CHECKS(PAYMENT_ID, CLAIM_ID, CHECK_NUMBER, CHECK_DATE, RECIPIENT_NAME, RECIPIENT_ADDRESS, PAYMENT_AMOUNT, BANK) VALUES
('73759', '87953', '67709', '10/02/23', 'Roderick Mims', '30 White Clarendon'||CHR(13)||CHR(10)
, 3660.85, 'Wells Farg');
INSERT INTO TAD222.CHECKS(PAYMENT_ID, CLAIM_ID, CHECK_NUMBER, CHECK_DATE, RECIPIENT_NAME, RECIPIENT_ADDRESS, PAYMENT_AMOUNT, BANK) VALUES
('70235', '54625', '00541', '10/12/01', 'Foster Cantwell', '44 East Fabien'||CHR(13)||CHR(10)
||'Free', 38075.66, 'Chase');
INSERT INTO TAD222.CHECKS(PAYMENT_ID, CLAIM_ID, CHECK_NUMBER, CHECK_DATE, RECIPIENT_NAME, RECIPIENT_ADDRESS, PAYMENT_AMOUNT, BANK) VALUES
('68440', '57701', '04826', '12/01/24', 'Cletus Rosado', '489 Rocky'||CHR(13)||CHR(10)
||'Cowley'||CHR(13)||CHR(10)
||'A', NULL, 'Chase');
INSERT INTO TAD222.CHECKS(PAYMENT_ID, CLAIM_ID, CHECK_NUMBER, CHECK_DATE, RECIPIENT_NAME, RECIPIENT_ADDRESS, PAYMENT_AMOUNT, BANK) VALUES
('86989', '42979', '64495', '04/10/21', 'Alina Buckner', '89 East Nobel'||CHR(13)||CHR(10)
||'Drive', NULL, 'Wells Farg');
INSERT INTO TAD222.CHECKS(PAYMENT_ID, CLAIM_ID, CHECK_NUMBER, CHECK_DATE, RECIPIENT_NAME, RECIPIENT_ADDRESS, PAYMENT_AMOUNT, BANK) VALUES
('87437', '55080', '43231', '03/11/28', 'Eusebio Truong', '234 North Rocky'||CHR(13)||CHR(10)
||'New', NULL, 'Citigroup');
INSERT INTO TAD222.CHECKS(PAYMENT_ID, CLAIM_ID, CHECK_NUMBER, CHECK_DATE, RECIPIENT_NAME, RECIPIENT_ADDRESS, PAYMENT_AMOUNT, BANK) VALUES
('57077', '44198', '57014', '05/04/00', 'Gay Maples', '17 Rocky'||CHR(13)||CHR(10)
||'Milton'||CHR(13)||CHR(10)
||'Bl', 36910.52, 'Chase');
INSERT INTO TAD222.CHECKS(PAYMENT_ID, CLAIM_ID, CHECK_NUMBER, CHECK_DATE, RECIPIENT_NAME, RECIPIENT_ADDRESS, PAYMENT_AMOUNT, BANK) VALUES
('96555', '02822', '23395', '12/11/22', 'Verena Allred', '37 White Second'||CHR(13)||CHR(10)
||'Ave', 34968.58, 'Citigroup');
INSERT INTO TAD222.CHECKS(PAYMENT_ID, CLAIM_ID, CHECK_NUMBER, CHECK_DATE, RECIPIENT_NAME, RECIPIENT_ADDRESS, PAYMENT_AMOUNT, BANK) VALUES
('82415', '18546', '67824', '07/07/24', 'Shaina Crouse', '454 West Rocky'||CHR(13)||CHR(10)
||'Oak'||CHR(13), NULL, 'BofA');
INSERT INTO TAD222.CHECKS(PAYMENT_ID, CLAIM_ID, CHECK_NUMBER, CHECK_DATE, RECIPIENT_NAME, RECIPIENT_ADDRESS, PAYMENT_AMOUNT, BANK) VALUES
('25376', '91651', '91575', '11/01/13', 'Mirtha Mcginnis', '11 Cowley'||CHR(13)||CHR(10)
||'Way', NULL, 'Chase');
INSERT INTO TAD222.CHECKS(PAYMENT_ID, CLAIM_ID, CHECK_NUMBER, CHECK_DATE, RECIPIENT_NAME, RECIPIENT_ADDRESS, PAYMENT_AMOUNT, BANK) VALUES
('19425', '09951', '19834', '07/10/12', 'Fermin Amaya', '385 White Clarendon'||CHR(13), NULL, 'Chase');
INSERT INTO TAD222.CHECKS(PAYMENT_ID, CLAIM_ID, CHECK_NUMBER, CHECK_DATE, RECIPIENT_NAME, RECIPIENT_ADDRESS, PAYMENT_AMOUNT, BANK) VALUES
('06712', '49610', '64092', '12/10/28', 'Adaline Alston', '564 Rocky'||CHR(13)||CHR(10)
||'Nobel'||CHR(13)||CHR(10)
||'Ro', 45081.35, 'Citigroup');
INSERT INTO TAD222.CHECKS(PAYMENT_ID, CLAIM_ID, CHECK_NUMBER, CHECK_DATE, RECIPIENT_NAME, RECIPIENT_ADDRESS, PAYMENT_AMOUNT, BANK) VALUES
('49037', '09685', '83794', '10/04/18', 'Andy Cowart', '21 First'||CHR(13)||CHR(10)
||'Street', NULL, 'Citigroup');
INSERT INTO TAD222.CHECKS(PAYMENT_ID, CLAIM_ID, CHECK_NUMBER, CHECK_DATE, RECIPIENT_NAME, RECIPIENT_ADDRESS, PAYMENT_AMOUNT, BANK) VALUES
('89303', '98220', '23155', '12/10/08', 'Jarrod Abraham', '813 Oak'||CHR(13)||CHR(10)
||'Avenue', 42592.86, 'Chase');
INSERT INTO TAD222.CHECKS(PAYMENT_ID, CLAIM_ID, CHECK_NUMBER, CHECK_DATE, RECIPIENT_NAME, RECIPIENT_ADDRESS, PAYMENT_AMOUNT, BANK) VALUES
('05933', '72947', '03038', '11/03/26', 'Benita Morin', '485 Clarendon'||CHR(13)||CHR(10)
||'Boule', 7758.27, 'BofA');
INSERT INTO TAD222.CHECKS(PAYMENT_ID, CLAIM_ID, CHECK_NUMBER, CHECK_DATE, RECIPIENT_NAME, RECIPIENT_ADDRESS, PAYMENT_AMOUNT, BANK) VALUES
('06826', '01612', '60007', '04/03/23', 'Gerald Kinder', '766 Hague'||CHR(13)||CHR(10)
||'Street', 45319.28, 'BofA');
INSERT INTO TAD222.CHECKS(PAYMENT_ID, CLAIM_ID, CHECK_NUMBER, CHECK_DATE, RECIPIENT_NAME, RECIPIENT_ADDRESS, PAYMENT_AMOUNT, BANK) VALUES
('31862', '68741', '80202', '01/10/04', 'Cynthia Butterfield', '462 North Fabien'||CHR(13)||CHR(10)
||'Ro', NULL, 'Citigroup');
INSERT INTO TAD222.CHECKS(PAYMENT_ID, CLAIM_ID, CHECK_NUMBER, CHECK_DATE, RECIPIENT_NAME, RECIPIENT_ADDRESS, PAYMENT_AMOUNT, BANK) VALUES
('23214', '13038', '86963', '04/10/08', 'Dexter Burt', '81 Oak'||CHR(13)||CHR(10)
||'Blvd.', NULL, 'Wells Farg');
INSERT INTO TAD222.CHECKS(PAYMENT_ID, CLAIM_ID, CHECK_NUMBER, CHECK_DATE, RECIPIENT_NAME, RECIPIENT_ADDRESS, PAYMENT_AMOUNT, BANK) VALUES
('54828', '94267', '16897', '11/02/06', 'Gregory Dodge', '264 Green New'||CHR(13)||CHR(10)
||'Freew', NULL, 'BofA');
INSERT INTO TAD222.CHECKS(PAYMENT_ID, CLAIM_ID, CHECK_NUMBER, CHECK_DATE, RECIPIENT_NAME, RECIPIENT_ADDRESS, PAYMENT_AMOUNT, BANK) VALUES
('92422', '18070', '78934', '10/11/23', 'Tessie Alba', '95 New'||CHR(13)||CHR(10)
||'Drive', NULL, 'Wells Farg');
INSERT INTO TAD222.CHECKS(PAYMENT_ID, CLAIM_ID, CHECK_NUMBER, CHECK_DATE, RECIPIENT_NAME, RECIPIENT_ADDRESS, PAYMENT_AMOUNT, BANK) VALUES
('45302', '77884', '10303', '11/07/00', 'Pandora Lindgren', '74 South Milton'||CHR(13)||CHR(10)
||'Dri', NULL, 'Citigroup');
INSERT INTO TAD222.CHECKS(PAYMENT_ID, CLAIM_ID, CHECK_NUMBER, CHECK_DATE, RECIPIENT_NAME, RECIPIENT_ADDRESS, PAYMENT_AMOUNT, BANK) VALUES
('54030', '30762', '37905', '08/11/23', 'Alva Batten', '403 Green Second'||CHR(13)||CHR(10)
||'Pa', 24671, 'Citigroup');
INSERT INTO TAD222.CHECKS(PAYMENT_ID, CLAIM_ID, CHECK_NUMBER, CHECK_DATE, RECIPIENT_NAME, RECIPIENT_ADDRESS, PAYMENT_AMOUNT, BANK) VALUES
('51343', '79418', '50330', '10/02/01', 'Antonia Langford', '48 White Cowley'||CHR(13)||CHR(10)
||'Fre', 40255.4, 'Citigroup');
INSERT INTO TAD222.CHECKS(PAYMENT_ID, CLAIM_ID, CHECK_NUMBER, CHECK_DATE, RECIPIENT_NAME, RECIPIENT_ADDRESS, PAYMENT_AMOUNT, BANK) VALUES
('75541', '75149', '48924', '10/10/08', 'Darleen Bratcher', '35 Milton'||CHR(13)||CHR(10)
||'Freeway', 18848.84, 'Citigroup');
INSERT INTO TAD222.CHECKS(PAYMENT_ID, CLAIM_ID, CHECK_NUMBER, CHECK_DATE, RECIPIENT_NAME, RECIPIENT_ADDRESS, PAYMENT_AMOUNT, BANK) VALUES
('75699', '76327', '35119', '11/11/10', 'Stanley Anderson', '166 Fabien'||CHR(13)||CHR(10)
||'Parkway', 21985.51, NULL);
INSERT INTO TAD222.CHECKS(PAYMENT_ID, CLAIM_ID, CHECK_NUMBER, CHECK_DATE, RECIPIENT_NAME, RECIPIENT_ADDRESS, PAYMENT_AMOUNT, BANK) VALUES
('30090', '27856', '11015', '08/11/21', 'Clarence Abbott', '10 New'||CHR(13)||CHR(10)
||'St.', 15012.29, NULL);
INSERT INTO TAD222.CHECKS(PAYMENT_ID, CLAIM_ID, CHECK_NUMBER, CHECK_DATE, RECIPIENT_NAME, RECIPIENT_ADDRESS, PAYMENT_AMOUNT, BANK) VALUES
('58852', '33445', '03296', '09/01/24', 'Clint Merriman', '676 Clarendon'||CHR(13)||CHR(10)
||'Drive', 37743.8, NULL);
INSERT INTO TAD222.CHECKS(PAYMENT_ID, CLAIM_ID, CHECK_NUMBER, CHECK_DATE, RECIPIENT_NAME, RECIPIENT_ADDRESS, PAYMENT_AMOUNT, BANK) VALUES
('13550', '23381', '56518', '04/09/03', 'Johnson Carl', '519 East Clarendon'||CHR(13)||CHR(10)
, 26094.16, NULL);

--
-- Inserting data into table TAD222.CLAIM_PAYMENT
--
INSERT INTO TAD222.CLAIM_PAYMENT(PAYMENT_ID, CLAIM_ID, RECIPIENT_NAME, PAYMENT_AMOUNT, BANK) VALUES
('94731', '56560', 'Arthur Glover', 28234.44, 'Wells Farg');
INSERT INTO TAD222.CLAIM_PAYMENT(PAYMENT_ID, CLAIM_ID, RECIPIENT_NAME, PAYMENT_AMOUNT, BANK) VALUES
('03175', '96680', 'Takisha Hagan', 5576.56, 'Wells Farg');
INSERT INTO TAD222.CLAIM_PAYMENT(PAYMENT_ID, CLAIM_ID, RECIPIENT_NAME, PAYMENT_AMOUNT, BANK) VALUES
('99642', '81075', 'Judi Herron', NULL, 'Chase');
INSERT INTO TAD222.CLAIM_PAYMENT(PAYMENT_ID, CLAIM_ID, RECIPIENT_NAME, PAYMENT_AMOUNT, BANK) VALUES
('88655', '53873', 'Lottie Almanza', NULL, 'Citigroup');
INSERT INTO TAD222.CLAIM_PAYMENT(PAYMENT_ID, CLAIM_ID, RECIPIENT_NAME, PAYMENT_AMOUNT, BANK) VALUES
('33671', '68497', 'Juliet Bordelon', NULL, 'Citigroup');
INSERT INTO TAD222.CLAIM_PAYMENT(PAYMENT_ID, CLAIM_ID, RECIPIENT_NAME, PAYMENT_AMOUNT, BANK) VALUES
('22085', '65010', 'Arturo Cole', NULL, 'Wells Farg');
INSERT INTO TAD222.CLAIM_PAYMENT(PAYMENT_ID, CLAIM_ID, RECIPIENT_NAME, PAYMENT_AMOUNT, BANK) VALUES
('67173', '87620', 'Asuncion Candelaria', NULL, 'BofA');
INSERT INTO TAD222.CLAIM_PAYMENT(PAYMENT_ID, CLAIM_ID, RECIPIENT_NAME, PAYMENT_AMOUNT, BANK) VALUES
('80927', '84639', 'Moshe Wilkinson', NULL, 'Citigroup');
INSERT INTO TAD222.CLAIM_PAYMENT(PAYMENT_ID, CLAIM_ID, RECIPIENT_NAME, PAYMENT_AMOUNT, BANK) VALUES
('27349', '38244', 'Gaylord Whitworth', 26283.79, 'Citigroup');
INSERT INTO TAD222.CLAIM_PAYMENT(PAYMENT_ID, CLAIM_ID, RECIPIENT_NAME, PAYMENT_AMOUNT, BANK) VALUES
('26403', '46198', 'Emery Cochran', 9574.37, 'Wells Farg');
INSERT INTO TAD222.CLAIM_PAYMENT(PAYMENT_ID, CLAIM_ID, RECIPIENT_NAME, PAYMENT_AMOUNT, BANK) VALUES
('08389', '32239', 'Bernardine Loomis', 38041, 'BofA');
INSERT INTO TAD222.CLAIM_PAYMENT(PAYMENT_ID, CLAIM_ID, RECIPIENT_NAME, PAYMENT_AMOUNT, BANK) VALUES
('67161', '08138', 'Abby Abernathy', 19195.28, 'Chase');
INSERT INTO TAD222.CLAIM_PAYMENT(PAYMENT_ID, CLAIM_ID, RECIPIENT_NAME, PAYMENT_AMOUNT, BANK) VALUES
('35911', '15857', 'Carmel Crain', NULL, 'Chase');
INSERT INTO TAD222.CLAIM_PAYMENT(PAYMENT_ID, CLAIM_ID, RECIPIENT_NAME, PAYMENT_AMOUNT, BANK) VALUES
('99863', '51924', 'Roxanne Boothe', NULL, 'Citigroup');
INSERT INTO TAD222.CLAIM_PAYMENT(PAYMENT_ID, CLAIM_ID, RECIPIENT_NAME, PAYMENT_AMOUNT, BANK) VALUES
('54585', '40908', 'Anthony Boyd', NULL, 'Wells Farg');
INSERT INTO TAD222.CLAIM_PAYMENT(PAYMENT_ID, CLAIM_ID, RECIPIENT_NAME, PAYMENT_AMOUNT, BANK) VALUES
('94047', '25845', 'Santos Cowles', NULL, 'Wells Farg');
INSERT INTO TAD222.CLAIM_PAYMENT(PAYMENT_ID, CLAIM_ID, RECIPIENT_NAME, PAYMENT_AMOUNT, BANK) VALUES
('93954', '10258', 'Tegan Hamer', NULL, 'Chase');
INSERT INTO TAD222.CLAIM_PAYMENT(PAYMENT_ID, CLAIM_ID, RECIPIENT_NAME, PAYMENT_AMOUNT, BANK) VALUES
('75489', '03156', 'Cornell Sibley', NULL, 'Citigroup');
INSERT INTO TAD222.CLAIM_PAYMENT(PAYMENT_ID, CLAIM_ID, RECIPIENT_NAME, PAYMENT_AMOUNT, BANK) VALUES
('61988', '97103', 'Concepcion Yanez', 16421.83, 'Citigroup');
INSERT INTO TAD222.CLAIM_PAYMENT(PAYMENT_ID, CLAIM_ID, RECIPIENT_NAME, PAYMENT_AMOUNT, BANK) VALUES
('68576', '33689', 'Isaac Irwin', 36983.65, 'Citigroup');
INSERT INTO TAD222.CLAIM_PAYMENT(PAYMENT_ID, CLAIM_ID, RECIPIENT_NAME, PAYMENT_AMOUNT, BANK) VALUES
('11083', '44968', 'Alice Desantis', 39523.12, 'Chase');
INSERT INTO TAD222.CLAIM_PAYMENT(PAYMENT_ID, CLAIM_ID, RECIPIENT_NAME, PAYMENT_AMOUNT, BANK) VALUES
('44894', '18964', 'Adelaida Alvarez', 32592.53, 'Citigroup');
INSERT INTO TAD222.CLAIM_PAYMENT(PAYMENT_ID, CLAIM_ID, RECIPIENT_NAME, PAYMENT_AMOUNT, BANK) VALUES
('11004', '13830', 'Lang Byrnes', NULL, 'Chase');
INSERT INTO TAD222.CLAIM_PAYMENT(PAYMENT_ID, CLAIM_ID, RECIPIENT_NAME, PAYMENT_AMOUNT, BANK) VALUES
('19536', '87953', 'Barrett Solomon', 48610.9, 'Chase');
INSERT INTO TAD222.CLAIM_PAYMENT(PAYMENT_ID, CLAIM_ID, RECIPIENT_NAME, PAYMENT_AMOUNT, BANK) VALUES
('41899', '54625', 'Dusty Serrano', 32708.89, 'Chase');
INSERT INTO TAD222.CLAIM_PAYMENT(PAYMENT_ID, CLAIM_ID, RECIPIENT_NAME, PAYMENT_AMOUNT, BANK) VALUES
('72124', '57701', 'Verla Wenger', 47031.27, 'BofA');
INSERT INTO TAD222.CLAIM_PAYMENT(PAYMENT_ID, CLAIM_ID, RECIPIENT_NAME, PAYMENT_AMOUNT, BANK) VALUES
('16342', '42979', 'Loren Bader', 3630.58, 'Citigroup');
INSERT INTO TAD222.CLAIM_PAYMENT(PAYMENT_ID, CLAIM_ID, RECIPIENT_NAME, PAYMENT_AMOUNT, BANK) VALUES
('43610', '55080', 'Abel Gary', NULL, 'Wells Farg');
INSERT INTO TAD222.CLAIM_PAYMENT(PAYMENT_ID, CLAIM_ID, RECIPIENT_NAME, PAYMENT_AMOUNT, BANK) VALUES
('21450', '44198', 'Ashanti Casillas', 41276.03, 'Wells Farg');
INSERT INTO TAD222.CLAIM_PAYMENT(PAYMENT_ID, CLAIM_ID, RECIPIENT_NAME, PAYMENT_AMOUNT, BANK) VALUES
('58886', '02822', 'Abe Bock', NULL, 'Chase');
INSERT INTO TAD222.CLAIM_PAYMENT(PAYMENT_ID, CLAIM_ID, RECIPIENT_NAME, PAYMENT_AMOUNT, BANK) VALUES
('42944', '18546', 'Page Gann', 22279.84, 'BofA');
INSERT INTO TAD222.CLAIM_PAYMENT(PAYMENT_ID, CLAIM_ID, RECIPIENT_NAME, PAYMENT_AMOUNT, BANK) VALUES
('57878', '91651', 'Temika Hook', 25148.91, 'BofA');
INSERT INTO TAD222.CLAIM_PAYMENT(PAYMENT_ID, CLAIM_ID, RECIPIENT_NAME, PAYMENT_AMOUNT, BANK) VALUES
('39848', '09951', 'Lynn Devito', NULL, 'BofA');
INSERT INTO TAD222.CLAIM_PAYMENT(PAYMENT_ID, CLAIM_ID, RECIPIENT_NAME, PAYMENT_AMOUNT, BANK) VALUES
('50797', '49610', 'Joy Church', NULL, 'Wells Farg');
INSERT INTO TAD222.CLAIM_PAYMENT(PAYMENT_ID, CLAIM_ID, RECIPIENT_NAME, PAYMENT_AMOUNT, BANK) VALUES
('65701', '09685', 'Myra Lentz', NULL, 'Citigroup');
INSERT INTO TAD222.CLAIM_PAYMENT(PAYMENT_ID, CLAIM_ID, RECIPIENT_NAME, PAYMENT_AMOUNT, BANK) VALUES
('30344', '98220', 'Senaida Ojeda', 4916.3, 'BofA');
INSERT INTO TAD222.CLAIM_PAYMENT(PAYMENT_ID, CLAIM_ID, RECIPIENT_NAME, PAYMENT_AMOUNT, BANK) VALUES
('30664', '72947', 'Jermaine Bowie', NULL, 'BofA');
INSERT INTO TAD222.CLAIM_PAYMENT(PAYMENT_ID, CLAIM_ID, RECIPIENT_NAME, PAYMENT_AMOUNT, BANK) VALUES
('61144', '01612', 'Jonathan Espino', 6017.07, 'Citigroup');
INSERT INTO TAD222.CLAIM_PAYMENT(PAYMENT_ID, CLAIM_ID, RECIPIENT_NAME, PAYMENT_AMOUNT, BANK) VALUES
('27992', '68741', 'Laurie Knutson', 47986.45, 'Chase');
INSERT INTO TAD222.CLAIM_PAYMENT(PAYMENT_ID, CLAIM_ID, RECIPIENT_NAME, PAYMENT_AMOUNT, BANK) VALUES
('64683', '13038', 'Cecil Acker', 18887.61, 'BofA');
INSERT INTO TAD222.CLAIM_PAYMENT(PAYMENT_ID, CLAIM_ID, RECIPIENT_NAME, PAYMENT_AMOUNT, BANK) VALUES
('85726', '94267', 'Bessie Sweet', 42560.01, 'Citigroup');
INSERT INTO TAD222.CLAIM_PAYMENT(PAYMENT_ID, CLAIM_ID, RECIPIENT_NAME, PAYMENT_AMOUNT, BANK) VALUES
('99833', '18070', 'Rodolfo Vick', NULL, 'Wells Farg');
INSERT INTO TAD222.CLAIM_PAYMENT(PAYMENT_ID, CLAIM_ID, RECIPIENT_NAME, PAYMENT_AMOUNT, BANK) VALUES
('35040', '77884', 'Fausto Cabral', 10832.73, 'Citigroup');
INSERT INTO TAD222.CLAIM_PAYMENT(PAYMENT_ID, CLAIM_ID, RECIPIENT_NAME, PAYMENT_AMOUNT, BANK) VALUES
('75249', '30762', 'Dean Cormier', 45738.47, 'Chase');
INSERT INTO TAD222.CLAIM_PAYMENT(PAYMENT_ID, CLAIM_ID, RECIPIENT_NAME, PAYMENT_AMOUNT, BANK) VALUES
('00392', '79418', 'Josiah Sample', 27786.66, 'Wells Farg');
INSERT INTO TAD222.CLAIM_PAYMENT(PAYMENT_ID, CLAIM_ID, RECIPIENT_NAME, PAYMENT_AMOUNT, BANK) VALUES
('79877', '75149', 'Matthew Putnam', NULL, 'Citigroup');
INSERT INTO TAD222.CLAIM_PAYMENT(PAYMENT_ID, CLAIM_ID, RECIPIENT_NAME, PAYMENT_AMOUNT, BANK) VALUES
('32865', '76327', 'Tabatha Chavarria', NULL, 'Wells Farg');
INSERT INTO TAD222.CLAIM_PAYMENT(PAYMENT_ID, CLAIM_ID, RECIPIENT_NAME, PAYMENT_AMOUNT, BANK) VALUES
('41578', '27856', 'Myung Dowd', NULL, 'Chase');
INSERT INTO TAD222.CLAIM_PAYMENT(PAYMENT_ID, CLAIM_ID, RECIPIENT_NAME, PAYMENT_AMOUNT, BANK) VALUES
('66974', '33445', 'Ehtel Adler', NULL, 'BofA');
INSERT INTO TAD222.CLAIM_PAYMENT(PAYMENT_ID, CLAIM_ID, RECIPIENT_NAME, PAYMENT_AMOUNT, BANK) VALUES
('59510', '23381', 'Flavia Goldman', NULL, 'Citigroup');

--
-- Inserting data into table TAD222.COMMUNICATES
--
INSERT INTO TAD222.COMMUNICATES(AGENT_ID, ADJUSTER_ID) VALUES
('98342', '80897');
INSERT INTO TAD222.COMMUNICATES(AGENT_ID, ADJUSTER_ID) VALUES
('96531', '53067');
INSERT INTO TAD222.COMMUNICATES(AGENT_ID, ADJUSTER_ID) VALUES
('35784', '46004');
INSERT INTO TAD222.COMMUNICATES(AGENT_ID, ADJUSTER_ID) VALUES
('31606', '14395');
INSERT INTO TAD222.COMMUNICATES(AGENT_ID, ADJUSTER_ID) VALUES
('05339', '89199');
INSERT INTO TAD222.COMMUNICATES(AGENT_ID, ADJUSTER_ID) VALUES
('46004', '37722');
INSERT INTO TAD222.COMMUNICATES(AGENT_ID, ADJUSTER_ID) VALUES
('11053', '76891');
INSERT INTO TAD222.COMMUNICATES(AGENT_ID, ADJUSTER_ID) VALUES
('77093', '29510');
INSERT INTO TAD222.COMMUNICATES(AGENT_ID, ADJUSTER_ID) VALUES
('78435', '63402');
INSERT INTO TAD222.COMMUNICATES(AGENT_ID, ADJUSTER_ID) VALUES
('60423', '84684');
INSERT INTO TAD222.COMMUNICATES(AGENT_ID, ADJUSTER_ID) VALUES
('88367', '98342');
INSERT INTO TAD222.COMMUNICATES(AGENT_ID, ADJUSTER_ID) VALUES
('33032', '35784');
INSERT INTO TAD222.COMMUNICATES(AGENT_ID, ADJUSTER_ID) VALUES
('74160', '36931');
INSERT INTO TAD222.COMMUNICATES(AGENT_ID, ADJUSTER_ID) VALUES
('29510', '78435');
INSERT INTO TAD222.COMMUNICATES(AGENT_ID, ADJUSTER_ID) VALUES
('75087', '60423');
INSERT INTO TAD222.COMMUNICATES(AGENT_ID, ADJUSTER_ID) VALUES
('90774', '07396');
INSERT INTO TAD222.COMMUNICATES(AGENT_ID, ADJUSTER_ID) VALUES
('14120', '75829');
INSERT INTO TAD222.COMMUNICATES(AGENT_ID, ADJUSTER_ID) VALUES
('32164', '32793');
INSERT INTO TAD222.COMMUNICATES(AGENT_ID, ADJUSTER_ID) VALUES
('53045', '24015');
INSERT INTO TAD222.COMMUNICATES(AGENT_ID, ADJUSTER_ID) VALUES
('70928', '77093');
INSERT INTO TAD222.COMMUNICATES(AGENT_ID, ADJUSTER_ID) VALUES
('13135', '32164');
INSERT INTO TAD222.COMMUNICATES(AGENT_ID, ADJUSTER_ID) VALUES
('52976', '75087');
INSERT INTO TAD222.COMMUNICATES(AGENT_ID, ADJUSTER_ID) VALUES
('10941', '10941');
INSERT INTO TAD222.COMMUNICATES(AGENT_ID, ADJUSTER_ID) VALUES
('80897', '90774');
INSERT INTO TAD222.COMMUNICATES(AGENT_ID, ADJUSTER_ID) VALUES
('76891', '60905');
INSERT INTO TAD222.COMMUNICATES(AGENT_ID, ADJUSTER_ID) VALUES
('75829', '49370');
INSERT INTO TAD222.COMMUNICATES(AGENT_ID, ADJUSTER_ID) VALUES
('37722', '13135');
INSERT INTO TAD222.COMMUNICATES(AGENT_ID, ADJUSTER_ID) VALUES
('14395', '14120');
INSERT INTO TAD222.COMMUNICATES(AGENT_ID, ADJUSTER_ID) VALUES
('62971', '06500');
INSERT INTO TAD222.COMMUNICATES(AGENT_ID, ADJUSTER_ID) VALUES
('07396', '87771');
INSERT INTO TAD222.COMMUNICATES(AGENT_ID, ADJUSTER_ID) VALUES
('53067', '88367');
INSERT INTO TAD222.COMMUNICATES(AGENT_ID, ADJUSTER_ID) VALUES
('63402', '53045');
INSERT INTO TAD222.COMMUNICATES(AGENT_ID, ADJUSTER_ID) VALUES
('70862', '70928');
INSERT INTO TAD222.COMMUNICATES(AGENT_ID, ADJUSTER_ID) VALUES
('06500', '74160');
INSERT INTO TAD222.COMMUNICATES(AGENT_ID, ADJUSTER_ID) VALUES
('60905', '28885');
INSERT INTO TAD222.COMMUNICATES(AGENT_ID, ADJUSTER_ID) VALUES
('87771', '70423');
INSERT INTO TAD222.COMMUNICATES(AGENT_ID, ADJUSTER_ID) VALUES
('48934', '70862');
INSERT INTO TAD222.COMMUNICATES(AGENT_ID, ADJUSTER_ID) VALUES
('28885', '11053');
INSERT INTO TAD222.COMMUNICATES(AGENT_ID, ADJUSTER_ID) VALUES
('70423', '81670');
INSERT INTO TAD222.COMMUNICATES(AGENT_ID, ADJUSTER_ID) VALUES
('86316', '31606');
INSERT INTO TAD222.COMMUNICATES(AGENT_ID, ADJUSTER_ID) VALUES
('19448', '05339');
INSERT INTO TAD222.COMMUNICATES(AGENT_ID, ADJUSTER_ID) VALUES
('35392', '19448');
INSERT INTO TAD222.COMMUNICATES(AGENT_ID, ADJUSTER_ID) VALUES
('36931', '62971');
INSERT INTO TAD222.COMMUNICATES(AGENT_ID, ADJUSTER_ID) VALUES
('45429', '96531');
INSERT INTO TAD222.COMMUNICATES(AGENT_ID, ADJUSTER_ID) VALUES
('84684', '86316');
INSERT INTO TAD222.COMMUNICATES(AGENT_ID, ADJUSTER_ID) VALUES
('32793', '45429');
INSERT INTO TAD222.COMMUNICATES(AGENT_ID, ADJUSTER_ID) VALUES
('81670', '33032');
INSERT INTO TAD222.COMMUNICATES(AGENT_ID, ADJUSTER_ID) VALUES
('24015', '35392');
INSERT INTO TAD222.COMMUNICATES(AGENT_ID, ADJUSTER_ID) VALUES
('89199', '52976');
INSERT INTO TAD222.COMMUNICATES(AGENT_ID, ADJUSTER_ID) VALUES
('49370', '48934');

--
-- Inserting data into table TAD222.CREDIT
--
INSERT INTO TAD222.CREDIT(PAYMENT_ID, POLICY_ID, CARD_NUMBER, EXPIARY_DATE, CVC_NUMBER, RECIPIENT_NAME, RECIPIENT_ADDRESS, PAYMENT_AMOUNT, BANK) VALUES
('29593', '42129', '3532669930412625', '08/29', '558', 'Deeanna Abreu', '265 Rocky'||CHR(13)||CHR(10)
||'Cowley'||CHR(13)||CHR(10)
||'B', 924.52, 'Chase');
INSERT INTO TAD222.CREDIT(PAYMENT_ID, POLICY_ID, CARD_NUMBER, EXPIARY_DATE, CVC_NUMBER, RECIPIENT_NAME, RECIPIENT_ADDRESS, PAYMENT_AMOUNT, BANK) VALUES
('94696', '18145', '6224228395448578', '11/18', '168', 'Logan Acevedo', '71 Milton'||CHR(13)||CHR(10)
||'St.', 806.6, 'Wells Farg');
INSERT INTO TAD222.CREDIT(PAYMENT_ID, POLICY_ID, CARD_NUMBER, EXPIARY_DATE, CVC_NUMBER, RECIPIENT_NAME, RECIPIENT_ADDRESS, PAYMENT_AMOUNT, BANK) VALUES
('22307', '83730', '6206743522816440', '12/13', '941', 'Adolfo Engle', '75 First'||CHR(13)||CHR(10)
||'Way', 672.2, 'BofA');
INSERT INTO TAD222.CREDIT(PAYMENT_ID, POLICY_ID, CARD_NUMBER, EXPIARY_DATE, CVC_NUMBER, RECIPIENT_NAME, RECIPIENT_ADDRESS, PAYMENT_AMOUNT, BANK) VALUES
('93075', '87330', '4026020690733464', '04/12', '616', 'Marlene Krieger', '948 New'||CHR(13)||CHR(10)
||'Way', 377.72, 'BofA');
INSERT INTO TAD222.CREDIT(PAYMENT_ID, POLICY_ID, CARD_NUMBER, EXPIARY_DATE, CVC_NUMBER, RECIPIENT_NAME, RECIPIENT_ADDRESS, PAYMENT_AMOUNT, BANK) VALUES
('06177', '24149', '6227889564549129', '10/12', '113', 'Sharika Acker', '86 East White New'||CHR(13)||CHR(10)
||'B', 750.19, 'Wells Farg');
INSERT INTO TAD222.CREDIT(PAYMENT_ID, POLICY_ID, CARD_NUMBER, EXPIARY_DATE, CVC_NUMBER, RECIPIENT_NAME, RECIPIENT_ADDRESS, PAYMENT_AMOUNT, BANK) VALUES
('15214', '35242', '6382699664912221', '02/12', '849', 'Lenita Francisco', '992 White Cowley'||CHR(13)||CHR(10)
||'St', 579.85, 'Chase');
INSERT INTO TAD222.CREDIT(PAYMENT_ID, POLICY_ID, CARD_NUMBER, EXPIARY_DATE, CVC_NUMBER, RECIPIENT_NAME, RECIPIENT_ADDRESS, PAYMENT_AMOUNT, BANK) VALUES
('77812', '79165', '373311562191940', '03/21', '733', 'Jonah Miller', '433 North White Old'||CHR(13), 666.06, 'Citigroup');
INSERT INTO TAD222.CREDIT(PAYMENT_ID, POLICY_ID, CARD_NUMBER, EXPIARY_DATE, CVC_NUMBER, RECIPIENT_NAME, RECIPIENT_ADDRESS, PAYMENT_AMOUNT, BANK) VALUES
('92715', '49284', '30428030724261', '12/23', '187', 'Antonio Leung', '28 South White Clare', 995.58, 'Wells Farg');
INSERT INTO TAD222.CREDIT(PAYMENT_ID, POLICY_ID, CARD_NUMBER, EXPIARY_DATE, CVC_NUMBER, RECIPIENT_NAME, RECIPIENT_ADDRESS, PAYMENT_AMOUNT, BANK) VALUES
('00275', '50280', '6267646098294536', '09/10', '586', 'Farah Batista', '75 White New'||CHR(13)||CHR(10)
||'Street', 451.59, 'BofA');
INSERT INTO TAD222.CREDIT(PAYMENT_ID, POLICY_ID, CARD_NUMBER, EXPIARY_DATE, CVC_NUMBER, RECIPIENT_NAME, RECIPIENT_ADDRESS, PAYMENT_AMOUNT, BANK) VALUES
('15077', '03943', '6214966571694356', '11/20', '891', 'Adan Copeland', '765 East White First', 988.18, 'BofA');
INSERT INTO TAD222.CREDIT(PAYMENT_ID, POLICY_ID, CARD_NUMBER, EXPIARY_DATE, CVC_NUMBER, RECIPIENT_NAME, RECIPIENT_ADDRESS, PAYMENT_AMOUNT, BANK) VALUES
('95246', '40194', '5478338750652774', '10/20', '921', 'Lavone Peak', '52 Milton'||CHR(13)||CHR(10)
||'Drive', 276.18, 'Citigroup');
INSERT INTO TAD222.CREDIT(PAYMENT_ID, POLICY_ID, CARD_NUMBER, EXPIARY_DATE, CVC_NUMBER, RECIPIENT_NAME, RECIPIENT_ADDRESS, PAYMENT_AMOUNT, BANK) VALUES
('24269', '02027', '3562259219910995', '01/18', '738', 'Willow Saucedo', '58 White Milton'||CHR(13)||CHR(10)
||'Par', 951.9, 'Wells Farg');
INSERT INTO TAD222.CREDIT(PAYMENT_ID, POLICY_ID, CARD_NUMBER, EXPIARY_DATE, CVC_NUMBER, RECIPIENT_NAME, RECIPIENT_ADDRESS, PAYMENT_AMOUNT, BANK) VALUES
('23587', '21859', '3585069231241904', '12/07', '973', 'Riley Negrete', '429 Rocky'||CHR(13)||CHR(10)
||'Nobel'||CHR(13)||CHR(10)
||'Ro', 462.89, 'Wells Farg');
INSERT INTO TAD222.CREDIT(PAYMENT_ID, POLICY_ID, CARD_NUMBER, EXPIARY_DATE, CVC_NUMBER, RECIPIENT_NAME, RECIPIENT_ADDRESS, PAYMENT_AMOUNT, BANK) VALUES
('49164', '19554', '6223718245714535', '01/14', '315', 'Lily Long', '31 Green Milton'||CHR(13)||CHR(10)
||'Dri', 872.63, 'Citigroup');
INSERT INTO TAD222.CREDIT(PAYMENT_ID, POLICY_ID, CARD_NUMBER, EXPIARY_DATE, CVC_NUMBER, RECIPIENT_NAME, RECIPIENT_ADDRESS, PAYMENT_AMOUNT, BANK) VALUES
('46460', '55968', '30272795501203', '12/28', '731', 'Rosalina Wenger', '115 Oak'||CHR(13)||CHR(10)
||'Drive', 337.54, 'Citigroup');
INSERT INTO TAD222.CREDIT(PAYMENT_ID, POLICY_ID, CARD_NUMBER, EXPIARY_DATE, CVC_NUMBER, RECIPIENT_NAME, RECIPIENT_ADDRESS, PAYMENT_AMOUNT, BANK) VALUES
('86018', '50037', '3582872314138712', '03/20', '640', 'Bertram Cartwright', '62 Milton'||CHR(13)||CHR(10)
||'Freeway', 388.94, 'BofA');
INSERT INTO TAD222.CREDIT(PAYMENT_ID, POLICY_ID, CARD_NUMBER, EXPIARY_DATE, CVC_NUMBER, RECIPIENT_NAME, RECIPIENT_ADDRESS, PAYMENT_AMOUNT, BANK) VALUES
('04311', '18810', '340297688999607', '04/22', '490', 'Abigail Trejo', '59 Old'||CHR(13)||CHR(10)
||'Freeway', 73.53, 'Wells Farg');
INSERT INTO TAD222.CREDIT(PAYMENT_ID, POLICY_ID, CARD_NUMBER, EXPIARY_DATE, CVC_NUMBER, RECIPIENT_NAME, RECIPIENT_ADDRESS, PAYMENT_AMOUNT, BANK) VALUES
('22314', '56910', '6293679587473244', '08/21', '551', 'Sidney Acker', '213 Milton'||CHR(13)||CHR(10)
||'Drive', 705.32, 'Citigroup');
INSERT INTO TAD222.CREDIT(PAYMENT_ID, POLICY_ID, CARD_NUMBER, EXPIARY_DATE, CVC_NUMBER, RECIPIENT_NAME, RECIPIENT_ADDRESS, PAYMENT_AMOUNT, BANK) VALUES
('47306', '10278', '30569877812998', '07/27', '634', 'Joaquin Collazo', '37 Old'||CHR(13)||CHR(10)
||'Street', 549.02, 'Citigroup');
INSERT INTO TAD222.CREDIT(PAYMENT_ID, POLICY_ID, CARD_NUMBER, EXPIARY_DATE, CVC_NUMBER, RECIPIENT_NAME, RECIPIENT_ADDRESS, PAYMENT_AMOUNT, BANK) VALUES
('96178', '90411', '5313410272652662', '03/07', '002', 'Roman Allison', '487 Rocky'||CHR(13)||CHR(10)
||'Old'||CHR(13)||CHR(10)
||'Free', 122.04, 'Wells Farg');
INSERT INTO TAD222.CREDIT(PAYMENT_ID, POLICY_ID, CARD_NUMBER, EXPIARY_DATE, CVC_NUMBER, RECIPIENT_NAME, RECIPIENT_ADDRESS, PAYMENT_AMOUNT, BANK) VALUES
('59171', '40438', '30192411596389', '08/01', '198', 'Juan Merchant', '73 Oak'||CHR(13)||CHR(10)
||'St.', NULL, 'Chase');
INSERT INTO TAD222.CREDIT(PAYMENT_ID, POLICY_ID, CARD_NUMBER, EXPIARY_DATE, CVC_NUMBER, RECIPIENT_NAME, RECIPIENT_ADDRESS, PAYMENT_AMOUNT, BANK) VALUES
('13871', '65161', '30390687132646', '11/06', '635', 'Nick Matney', '870 West Nobel'||CHR(13)||CHR(10)
||'Free', 172.4, 'Wells Farg');
INSERT INTO TAD222.CREDIT(PAYMENT_ID, POLICY_ID, CARD_NUMBER, EXPIARY_DATE, CVC_NUMBER, RECIPIENT_NAME, RECIPIENT_ADDRESS, PAYMENT_AMOUNT, BANK) VALUES
('36058', '94378', '372771703032611', '10/10', '016', 'Millard Stapleton', '246 Rocky'||CHR(13)||CHR(10)
||'Second'||CHR(13)||CHR(10)
||'S', 428.13, 'Wells Farg');
INSERT INTO TAD222.CREDIT(PAYMENT_ID, POLICY_ID, CARD_NUMBER, EXPIARY_DATE, CVC_NUMBER, RECIPIENT_NAME, RECIPIENT_ADDRESS, PAYMENT_AMOUNT, BANK) VALUES
('53107', '46677', '30979124306266', '09/27', '237', 'Leif Schindler', '345 East Nobel'||CHR(13)||CHR(10)
||'Aven', 868.97, 'Chase');
INSERT INTO TAD222.CREDIT(PAYMENT_ID, POLICY_ID, CARD_NUMBER, EXPIARY_DATE, CVC_NUMBER, RECIPIENT_NAME, RECIPIENT_ADDRESS, PAYMENT_AMOUNT, BANK) VALUES
('75928', '31413', '5146038206328340', '12/15', '937', 'Lazaro Gardiner', '96 Oak'||CHR(13)||CHR(10)
||'Way', 281.96, 'Citigroup');
INSERT INTO TAD222.CREDIT(PAYMENT_ID, POLICY_ID, CARD_NUMBER, EXPIARY_DATE, CVC_NUMBER, RECIPIENT_NAME, RECIPIENT_ADDRESS, PAYMENT_AMOUNT, BANK) VALUES
('56450', '50278', '6223647121772012', '08/13', '456', 'Marquis Crocker', '21 New'||CHR(13)||CHR(10)
||'Freeway', 963.68, 'Citigroup');
INSERT INTO TAD222.CREDIT(PAYMENT_ID, POLICY_ID, CARD_NUMBER, EXPIARY_DATE, CVC_NUMBER, RECIPIENT_NAME, RECIPIENT_ADDRESS, PAYMENT_AMOUNT, BANK) VALUES
('82668', '66298', '30331771839738', '09/06', '844', 'Adalberto Amaya', '90 South Hague'||CHR(13)||CHR(10)
||'Driv', 863.27, 'Citigroup');
INSERT INTO TAD222.CREDIT(PAYMENT_ID, POLICY_ID, CARD_NUMBER, EXPIARY_DATE, CVC_NUMBER, RECIPIENT_NAME, RECIPIENT_ADDRESS, PAYMENT_AMOUNT, BANK) VALUES
('52660', '83552', '4913110881074277', '12/11', '704', 'Ernestine Whalen', '520 Rocky'||CHR(13)||CHR(10)
||'Nobel'||CHR(13)||CHR(10)
||'Av', 396.59, 'BofA');
INSERT INTO TAD222.CREDIT(PAYMENT_ID, POLICY_ID, CARD_NUMBER, EXPIARY_DATE, CVC_NUMBER, RECIPIENT_NAME, RECIPIENT_ADDRESS, PAYMENT_AMOUNT, BANK) VALUES
('10238', '35359', '38839272648186', '09/26', '219', 'Orville Tripp', '334 Nobel'||CHR(13)||CHR(10)
||'Street', 210.5, 'BofA');
INSERT INTO TAD222.CREDIT(PAYMENT_ID, POLICY_ID, CARD_NUMBER, EXPIARY_DATE, CVC_NUMBER, RECIPIENT_NAME, RECIPIENT_ADDRESS, PAYMENT_AMOUNT, BANK) VALUES
('56716', '78998', '4026362373536479', '02/01', '802', 'Adrienne Worthington', '538 West Rocky'||CHR(13)||CHR(10)
||'Clar', 172.94, 'Citigroup');
INSERT INTO TAD222.CREDIT(PAYMENT_ID, POLICY_ID, CARD_NUMBER, EXPIARY_DATE, CVC_NUMBER, RECIPIENT_NAME, RECIPIENT_ADDRESS, PAYMENT_AMOUNT, BANK) VALUES
('35375', '22405', '4844772488722980', '10/17', '173', 'Alisa Cowart', '686 Nobel'||CHR(13)||CHR(10)
||'Road', 458.8, 'Chase');
INSERT INTO TAD222.CREDIT(PAYMENT_ID, POLICY_ID, CARD_NUMBER, EXPIARY_DATE, CVC_NUMBER, RECIPIENT_NAME, RECIPIENT_ADDRESS, PAYMENT_AMOUNT, BANK) VALUES
('57080', '95459', '6011747726610090', '05/19', '865', 'Phoebe Lacroix', '63 Fabien'||CHR(13)||CHR(10)
||'Parkway', 464.05, 'BofA');
INSERT INTO TAD222.CREDIT(PAYMENT_ID, POLICY_ID, CARD_NUMBER, EXPIARY_DATE, CVC_NUMBER, RECIPIENT_NAME, RECIPIENT_ADDRESS, PAYMENT_AMOUNT, BANK) VALUES
('01798', '38337', '377082914103877', '03/18', '731', 'Adela Geary', '135 Cowley'||CHR(13)||CHR(10)
||'Freeway', 163.94, 'Citigroup');
INSERT INTO TAD222.CREDIT(PAYMENT_ID, POLICY_ID, CARD_NUMBER, EXPIARY_DATE, CVC_NUMBER, RECIPIENT_NAME, RECIPIENT_ADDRESS, PAYMENT_AMOUNT, BANK) VALUES
('72304', '04913', '374352132983829', '01/21', '654', 'Annett Abraham', '622 First'||CHR(13)||CHR(10)
||'Parkway', 954.26, 'BofA');
INSERT INTO TAD222.CREDIT(PAYMENT_ID, POLICY_ID, CARD_NUMBER, EXPIARY_DATE, CVC_NUMBER, RECIPIENT_NAME, RECIPIENT_ADDRESS, PAYMENT_AMOUNT, BANK) VALUES
('75065', '16439', '6210051705362487', '03/23', '348', 'Shon Vanover', '795 Milton'||CHR(13)||CHR(10)
||'Avenue', 69.17, 'Chase');
INSERT INTO TAD222.CREDIT(PAYMENT_ID, POLICY_ID, CARD_NUMBER, EXPIARY_DATE, CVC_NUMBER, RECIPIENT_NAME, RECIPIENT_ADDRESS, PAYMENT_AMOUNT, BANK) VALUES
('60452', '30963', '6225977507807456', '10/07', '413', 'Gertrudis Box', '974 East Fabien'||CHR(13)||CHR(10)
||'Way', 913.18, 'BofA');
INSERT INTO TAD222.CREDIT(PAYMENT_ID, POLICY_ID, CARD_NUMBER, EXPIARY_DATE, CVC_NUMBER, RECIPIENT_NAME, RECIPIENT_ADDRESS, PAYMENT_AMOUNT, BANK) VALUES
('16787', '46009', '3587723539903601', '12/26', '486', 'Precious Abney', '21 White Cowley'||CHR(13)||CHR(10)
||'St.', 233.52, 'BofA');
INSERT INTO TAD222.CREDIT(PAYMENT_ID, POLICY_ID, CARD_NUMBER, EXPIARY_DATE, CVC_NUMBER, RECIPIENT_NAME, RECIPIENT_ADDRESS, PAYMENT_AMOUNT, BANK) VALUES
('88167', '33142', '4917444295017598', '12/15', '361', 'Victorina Ontiveros', '46 Milton'||CHR(13)||CHR(10)
||'Avenue', NULL, 'BofA');
INSERT INTO TAD222.CREDIT(PAYMENT_ID, POLICY_ID, CARD_NUMBER, EXPIARY_DATE, CVC_NUMBER, RECIPIENT_NAME, RECIPIENT_ADDRESS, PAYMENT_AMOUNT, BANK) VALUES
('86838', '74903', '3535512474530427', '01/22', '627', 'Astrid Alger', '248 East Hague'||CHR(13)||CHR(10)
||'Road', 553.14, 'Chase');
INSERT INTO TAD222.CREDIT(PAYMENT_ID, POLICY_ID, CARD_NUMBER, EXPIARY_DATE, CVC_NUMBER, RECIPIENT_NAME, RECIPIENT_ADDRESS, PAYMENT_AMOUNT, BANK) VALUES
('53981', '01590', '6377203728720725', '08/02', '379', 'Rosalia Barone', '848 First'||CHR(13)||CHR(10)
||'Avenue', 793.01, 'Wells Farg');
INSERT INTO TAD222.CREDIT(PAYMENT_ID, POLICY_ID, CARD_NUMBER, EXPIARY_DATE, CVC_NUMBER, RECIPIENT_NAME, RECIPIENT_ADDRESS, PAYMENT_AMOUNT, BANK) VALUES
('57310', '48237', '6378510307411222', '11/03', '750', 'Abe Blanton', '118 Rocky'||CHR(13)||CHR(10)
||'Second'||CHR(13)||CHR(10)
||'F', 749.15, 'BofA');
INSERT INTO TAD222.CREDIT(PAYMENT_ID, POLICY_ID, CARD_NUMBER, EXPIARY_DATE, CVC_NUMBER, RECIPIENT_NAME, RECIPIENT_ADDRESS, PAYMENT_AMOUNT, BANK) VALUES
('61914', '36620', '3562911515695700', '09/29', '357', 'Janelle Edmondson', '74 North Old'||CHR(13)||CHR(10)
||'Avenue', 384.68, 'BofA');
INSERT INTO TAD222.CREDIT(PAYMENT_ID, POLICY_ID, CARD_NUMBER, EXPIARY_DATE, CVC_NUMBER, RECIPIENT_NAME, RECIPIENT_ADDRESS, PAYMENT_AMOUNT, BANK) VALUES
('86314', '66037', '5572008895894962', '10/21', '597', 'Joesph Tamayo', '212 Hague'||CHR(13)||CHR(10)
||'Avenue', 560.5, 'Citigroup');
INSERT INTO TAD222.CREDIT(PAYMENT_ID, POLICY_ID, CARD_NUMBER, EXPIARY_DATE, CVC_NUMBER, RECIPIENT_NAME, RECIPIENT_ADDRESS, PAYMENT_AMOUNT, BANK) VALUES
('96491', '44213', '6207665897919013', '11/21', '656', 'Lanelle Baca', '41 Green Milton'||CHR(13)||CHR(10)
||'Roa', 91.39, 'BofA');
INSERT INTO TAD222.CREDIT(PAYMENT_ID, POLICY_ID, CARD_NUMBER, EXPIARY_DATE, CVC_NUMBER, RECIPIENT_NAME, RECIPIENT_ADDRESS, PAYMENT_AMOUNT, BANK) VALUES
('69950', '85973', '4913580442581962', '01/00', '343', 'Jarod Wiles', '345 North White Clar', 87.7, 'BofA');
INSERT INTO TAD222.CREDIT(PAYMENT_ID, POLICY_ID, CARD_NUMBER, EXPIARY_DATE, CVC_NUMBER, RECIPIENT_NAME, RECIPIENT_ADDRESS, PAYMENT_AMOUNT, BANK) VALUES
('60589', '41685', '370568428043994', '04/11', '639', 'Alden Regalado', '442 First'||CHR(13)||CHR(10)
||'Way', NULL, 'BofA');
INSERT INTO TAD222.CREDIT(PAYMENT_ID, POLICY_ID, CARD_NUMBER, EXPIARY_DATE, CVC_NUMBER, RECIPIENT_NAME, RECIPIENT_ADDRESS, PAYMENT_AMOUNT, BANK) VALUES
('12618', '84805', '5418395271701533', '10/02', '615', 'Kendrick Abreu', '281 Milton'||CHR(13)||CHR(10)
||'Drive', 102.44, 'BofA');
INSERT INTO TAD222.CREDIT(PAYMENT_ID, POLICY_ID, CARD_NUMBER, EXPIARY_DATE, CVC_NUMBER, RECIPIENT_NAME, RECIPIENT_ADDRESS, PAYMENT_AMOUNT, BANK) VALUES
('72982', '69660', '342268771696325', '03/01', '403', 'Damon Toth', '570 Old'||CHR(13)||CHR(10)
||'Boulevard', 784.32, 'Wells Farg');
INSERT INTO TAD222.CREDIT(PAYMENT_ID, POLICY_ID, CARD_NUMBER, EXPIARY_DATE, CVC_NUMBER, RECIPIENT_NAME, RECIPIENT_ADDRESS, PAYMENT_AMOUNT, BANK) VALUES
('81993', '35643', '4508031636419958', '08/08', '224', 'Ina Jacobson', '49 North Nobel'||CHR(13)||CHR(10)
||'Way', NULL, 'BofA');
INSERT INTO TAD222.CREDIT(PAYMENT_ID, POLICY_ID, CARD_NUMBER, EXPIARY_DATE, CVC_NUMBER, RECIPIENT_NAME, RECIPIENT_ADDRESS, PAYMENT_AMOUNT, BANK) VALUES
('32630', '71693', '6222994009435465', '04/08', '588', 'Dakota Wills', '360 South Rocky'||CHR(13)||CHR(10)
||'Cla', NULL, 'Chase');

--
-- Inserting data into table TAD222.CUSTOMER_AGENT
--
INSERT INTO TAD222.CUSTOMER_AGENT(CUSTOMER_ID, AGENT_ID) VALUES
('69384', '98342');
INSERT INTO TAD222.CUSTOMER_AGENT(CUSTOMER_ID, AGENT_ID) VALUES
('30849', '96531');
INSERT INTO TAD222.CUSTOMER_AGENT(CUSTOMER_ID, AGENT_ID) VALUES
('88808', '35784');
INSERT INTO TAD222.CUSTOMER_AGENT(CUSTOMER_ID, AGENT_ID) VALUES
('73063', '31606');
INSERT INTO TAD222.CUSTOMER_AGENT(CUSTOMER_ID, AGENT_ID) VALUES
('16069', '05339');
INSERT INTO TAD222.CUSTOMER_AGENT(CUSTOMER_ID, AGENT_ID) VALUES
('50300', '46004');
INSERT INTO TAD222.CUSTOMER_AGENT(CUSTOMER_ID, AGENT_ID) VALUES
('38467', '11053');
INSERT INTO TAD222.CUSTOMER_AGENT(CUSTOMER_ID, AGENT_ID) VALUES
('55493', '77093');
INSERT INTO TAD222.CUSTOMER_AGENT(CUSTOMER_ID, AGENT_ID) VALUES
('16877', '78435');
INSERT INTO TAD222.CUSTOMER_AGENT(CUSTOMER_ID, AGENT_ID) VALUES
('58306', '60423');
INSERT INTO TAD222.CUSTOMER_AGENT(CUSTOMER_ID, AGENT_ID) VALUES
('31080', '88367');
INSERT INTO TAD222.CUSTOMER_AGENT(CUSTOMER_ID, AGENT_ID) VALUES
('75425', '33032');
INSERT INTO TAD222.CUSTOMER_AGENT(CUSTOMER_ID, AGENT_ID) VALUES
('95778', '74160');
INSERT INTO TAD222.CUSTOMER_AGENT(CUSTOMER_ID, AGENT_ID) VALUES
('28286', '29510');
INSERT INTO TAD222.CUSTOMER_AGENT(CUSTOMER_ID, AGENT_ID) VALUES
('92879', '75087');
INSERT INTO TAD222.CUSTOMER_AGENT(CUSTOMER_ID, AGENT_ID) VALUES
('76396', '90774');
INSERT INTO TAD222.CUSTOMER_AGENT(CUSTOMER_ID, AGENT_ID) VALUES
('78037', '14120');
INSERT INTO TAD222.CUSTOMER_AGENT(CUSTOMER_ID, AGENT_ID) VALUES
('00133', '32164');
INSERT INTO TAD222.CUSTOMER_AGENT(CUSTOMER_ID, AGENT_ID) VALUES
('98610', '53045');
INSERT INTO TAD222.CUSTOMER_AGENT(CUSTOMER_ID, AGENT_ID) VALUES
('16578', '70928');
INSERT INTO TAD222.CUSTOMER_AGENT(CUSTOMER_ID, AGENT_ID) VALUES
('63666', '13135');
INSERT INTO TAD222.CUSTOMER_AGENT(CUSTOMER_ID, AGENT_ID) VALUES
('01457', '52976');
INSERT INTO TAD222.CUSTOMER_AGENT(CUSTOMER_ID, AGENT_ID) VALUES
('16635', '10941');
INSERT INTO TAD222.CUSTOMER_AGENT(CUSTOMER_ID, AGENT_ID) VALUES
('67598', '80897');
INSERT INTO TAD222.CUSTOMER_AGENT(CUSTOMER_ID, AGENT_ID) VALUES
('45069', '76891');
INSERT INTO TAD222.CUSTOMER_AGENT(CUSTOMER_ID, AGENT_ID) VALUES
('90813', '75829');
INSERT INTO TAD222.CUSTOMER_AGENT(CUSTOMER_ID, AGENT_ID) VALUES
('16648', '37722');
INSERT INTO TAD222.CUSTOMER_AGENT(CUSTOMER_ID, AGENT_ID) VALUES
('56926', '14395');
INSERT INTO TAD222.CUSTOMER_AGENT(CUSTOMER_ID, AGENT_ID) VALUES
('50285', '62971');
INSERT INTO TAD222.CUSTOMER_AGENT(CUSTOMER_ID, AGENT_ID) VALUES
('16823', '07396');
INSERT INTO TAD222.CUSTOMER_AGENT(CUSTOMER_ID, AGENT_ID) VALUES
('79901', '53067');
INSERT INTO TAD222.CUSTOMER_AGENT(CUSTOMER_ID, AGENT_ID) VALUES
('68567', '63402');
INSERT INTO TAD222.CUSTOMER_AGENT(CUSTOMER_ID, AGENT_ID) VALUES
('64920', '70862');
INSERT INTO TAD222.CUSTOMER_AGENT(CUSTOMER_ID, AGENT_ID) VALUES
('72949', '06500');
INSERT INTO TAD222.CUSTOMER_AGENT(CUSTOMER_ID, AGENT_ID) VALUES
('30734', '60905');
INSERT INTO TAD222.CUSTOMER_AGENT(CUSTOMER_ID, AGENT_ID) VALUES
('25502', '87771');
INSERT INTO TAD222.CUSTOMER_AGENT(CUSTOMER_ID, AGENT_ID) VALUES
('22218', '48934');
INSERT INTO TAD222.CUSTOMER_AGENT(CUSTOMER_ID, AGENT_ID) VALUES
('37386', '28885');
INSERT INTO TAD222.CUSTOMER_AGENT(CUSTOMER_ID, AGENT_ID) VALUES
('78705', '70423');
INSERT INTO TAD222.CUSTOMER_AGENT(CUSTOMER_ID, AGENT_ID) VALUES
('11176', '86316');
INSERT INTO TAD222.CUSTOMER_AGENT(CUSTOMER_ID, AGENT_ID) VALUES
('91838', '19448');
INSERT INTO TAD222.CUSTOMER_AGENT(CUSTOMER_ID, AGENT_ID) VALUES
('78553', '35392');
INSERT INTO TAD222.CUSTOMER_AGENT(CUSTOMER_ID, AGENT_ID) VALUES
('97814', '36931');
INSERT INTO TAD222.CUSTOMER_AGENT(CUSTOMER_ID, AGENT_ID) VALUES
('61506', '45429');
INSERT INTO TAD222.CUSTOMER_AGENT(CUSTOMER_ID, AGENT_ID) VALUES
('07046', '84684');
INSERT INTO TAD222.CUSTOMER_AGENT(CUSTOMER_ID, AGENT_ID) VALUES
('34559', '32793');
INSERT INTO TAD222.CUSTOMER_AGENT(CUSTOMER_ID, AGENT_ID) VALUES
('26960', '81670');
INSERT INTO TAD222.CUSTOMER_AGENT(CUSTOMER_ID, AGENT_ID) VALUES
('00890', '24015');
INSERT INTO TAD222.CUSTOMER_AGENT(CUSTOMER_ID, AGENT_ID) VALUES
('67972', '89199');
INSERT INTO TAD222.CUSTOMER_AGENT(CUSTOMER_ID, AGENT_ID) VALUES
('11330', '49370');

--
-- Inserting data into table TAD222.CUSTOMER_POLICY
--
INSERT INTO TAD222.CUSTOMER_POLICY(CUSTOMER_ID, POLICY_ID) VALUES
('69384', '42129');
INSERT INTO TAD222.CUSTOMER_POLICY(CUSTOMER_ID, POLICY_ID) VALUES
('30849', '18145');
INSERT INTO TAD222.CUSTOMER_POLICY(CUSTOMER_ID, POLICY_ID) VALUES
('88808', '83730');
INSERT INTO TAD222.CUSTOMER_POLICY(CUSTOMER_ID, POLICY_ID) VALUES
('73063', '87330');
INSERT INTO TAD222.CUSTOMER_POLICY(CUSTOMER_ID, POLICY_ID) VALUES
('16069', '24149');
INSERT INTO TAD222.CUSTOMER_POLICY(CUSTOMER_ID, POLICY_ID) VALUES
('50300', '35242');
INSERT INTO TAD222.CUSTOMER_POLICY(CUSTOMER_ID, POLICY_ID) VALUES
('38467', '79165');
INSERT INTO TAD222.CUSTOMER_POLICY(CUSTOMER_ID, POLICY_ID) VALUES
('55493', '49284');
INSERT INTO TAD222.CUSTOMER_POLICY(CUSTOMER_ID, POLICY_ID) VALUES
('16877', '50280');
INSERT INTO TAD222.CUSTOMER_POLICY(CUSTOMER_ID, POLICY_ID) VALUES
('58306', '03943');
INSERT INTO TAD222.CUSTOMER_POLICY(CUSTOMER_ID, POLICY_ID) VALUES
('31080', '40194');
INSERT INTO TAD222.CUSTOMER_POLICY(CUSTOMER_ID, POLICY_ID) VALUES
('75425', '02027');
INSERT INTO TAD222.CUSTOMER_POLICY(CUSTOMER_ID, POLICY_ID) VALUES
('95778', '21859');
INSERT INTO TAD222.CUSTOMER_POLICY(CUSTOMER_ID, POLICY_ID) VALUES
('28286', '19554');
INSERT INTO TAD222.CUSTOMER_POLICY(CUSTOMER_ID, POLICY_ID) VALUES
('92879', '55968');
INSERT INTO TAD222.CUSTOMER_POLICY(CUSTOMER_ID, POLICY_ID) VALUES
('76396', '50037');
INSERT INTO TAD222.CUSTOMER_POLICY(CUSTOMER_ID, POLICY_ID) VALUES
('78037', '18810');
INSERT INTO TAD222.CUSTOMER_POLICY(CUSTOMER_ID, POLICY_ID) VALUES
('00133', '56910');
INSERT INTO TAD222.CUSTOMER_POLICY(CUSTOMER_ID, POLICY_ID) VALUES
('98610', '10278');
INSERT INTO TAD222.CUSTOMER_POLICY(CUSTOMER_ID, POLICY_ID) VALUES
('16578', '90411');
INSERT INTO TAD222.CUSTOMER_POLICY(CUSTOMER_ID, POLICY_ID) VALUES
('63666', '40438');
INSERT INTO TAD222.CUSTOMER_POLICY(CUSTOMER_ID, POLICY_ID) VALUES
('01457', '65161');
INSERT INTO TAD222.CUSTOMER_POLICY(CUSTOMER_ID, POLICY_ID) VALUES
('16635', '94378');
INSERT INTO TAD222.CUSTOMER_POLICY(CUSTOMER_ID, POLICY_ID) VALUES
('67598', '46677');
INSERT INTO TAD222.CUSTOMER_POLICY(CUSTOMER_ID, POLICY_ID) VALUES
('45069', '31413');
INSERT INTO TAD222.CUSTOMER_POLICY(CUSTOMER_ID, POLICY_ID) VALUES
('90813', '50278');
INSERT INTO TAD222.CUSTOMER_POLICY(CUSTOMER_ID, POLICY_ID) VALUES
('16648', '66298');
INSERT INTO TAD222.CUSTOMER_POLICY(CUSTOMER_ID, POLICY_ID) VALUES
('56926', '83552');
INSERT INTO TAD222.CUSTOMER_POLICY(CUSTOMER_ID, POLICY_ID) VALUES
('50285', '35359');
INSERT INTO TAD222.CUSTOMER_POLICY(CUSTOMER_ID, POLICY_ID) VALUES
('16823', '78998');
INSERT INTO TAD222.CUSTOMER_POLICY(CUSTOMER_ID, POLICY_ID) VALUES
('79901', '22405');
INSERT INTO TAD222.CUSTOMER_POLICY(CUSTOMER_ID, POLICY_ID) VALUES
('68567', '95459');
INSERT INTO TAD222.CUSTOMER_POLICY(CUSTOMER_ID, POLICY_ID) VALUES
('64920', '38337');
INSERT INTO TAD222.CUSTOMER_POLICY(CUSTOMER_ID, POLICY_ID) VALUES
('72949', '04913');
INSERT INTO TAD222.CUSTOMER_POLICY(CUSTOMER_ID, POLICY_ID) VALUES
('30734', '16439');
INSERT INTO TAD222.CUSTOMER_POLICY(CUSTOMER_ID, POLICY_ID) VALUES
('25502', '30963');
INSERT INTO TAD222.CUSTOMER_POLICY(CUSTOMER_ID, POLICY_ID) VALUES
('22218', '46009');
INSERT INTO TAD222.CUSTOMER_POLICY(CUSTOMER_ID, POLICY_ID) VALUES
('37386', '33142');
INSERT INTO TAD222.CUSTOMER_POLICY(CUSTOMER_ID, POLICY_ID) VALUES
('78705', '74903');
INSERT INTO TAD222.CUSTOMER_POLICY(CUSTOMER_ID, POLICY_ID) VALUES
('11176', '01590');
INSERT INTO TAD222.CUSTOMER_POLICY(CUSTOMER_ID, POLICY_ID) VALUES
('91838', '48237');
INSERT INTO TAD222.CUSTOMER_POLICY(CUSTOMER_ID, POLICY_ID) VALUES
('78553', '36620');
INSERT INTO TAD222.CUSTOMER_POLICY(CUSTOMER_ID, POLICY_ID) VALUES
('97814', '66037');
INSERT INTO TAD222.CUSTOMER_POLICY(CUSTOMER_ID, POLICY_ID) VALUES
('61506', '44213');
INSERT INTO TAD222.CUSTOMER_POLICY(CUSTOMER_ID, POLICY_ID) VALUES
('07046', '85973');
INSERT INTO TAD222.CUSTOMER_POLICY(CUSTOMER_ID, POLICY_ID) VALUES
('34559', '41685');
INSERT INTO TAD222.CUSTOMER_POLICY(CUSTOMER_ID, POLICY_ID) VALUES
('26960', '84805');
INSERT INTO TAD222.CUSTOMER_POLICY(CUSTOMER_ID, POLICY_ID) VALUES
('00890', '69660');
INSERT INTO TAD222.CUSTOMER_POLICY(CUSTOMER_ID, POLICY_ID) VALUES
('67972', '35643');
INSERT INTO TAD222.CUSTOMER_POLICY(CUSTOMER_ID, POLICY_ID) VALUES
('11330', '71693');

--
-- Inserting data into table TAD222.DEBIT
--
INSERT INTO TAD222.DEBIT(PAYMENT_ID, POLICY_ID, CARD_NUMBER, EXPIARY_DATE, CVC_NUMBER, RECIPIENT_NAME, RECIPIENT_ADDRESS, PAYMENT_AMOUNT, BANK) VALUES
('76888', '42129', '6245441816985475', '03/19', '385', 'Arnold Ambrose', '46 White New'||CHR(13)||CHR(10)
||'Parkwa', 408.16, 'BofA');
INSERT INTO TAD222.DEBIT(PAYMENT_ID, POLICY_ID, CARD_NUMBER, EXPIARY_DATE, CVC_NUMBER, RECIPIENT_NAME, RECIPIENT_ADDRESS, PAYMENT_AMOUNT, BANK) VALUES
('67047', '18145', '3539075413026374', '03/18', '214', 'Mohamed Denton', '559 White Cowley'||CHR(13)||CHR(10)
||'Dr', NULL, 'Wells Farg');
INSERT INTO TAD222.DEBIT(PAYMENT_ID, POLICY_ID, CARD_NUMBER, EXPIARY_DATE, CVC_NUMBER, RECIPIENT_NAME, RECIPIENT_ADDRESS, PAYMENT_AMOUNT, BANK) VALUES
('28925', '83730', '6387621055466158', '03/19', '729', 'Johnna Pinto', '81 Rocky'||CHR(13)||CHR(10)
||'Nobel'||CHR(13)||CHR(10)
||'Str', 638.2, 'Wells Farg');
INSERT INTO TAD222.DEBIT(PAYMENT_ID, POLICY_ID, CARD_NUMBER, EXPIARY_DATE, CVC_NUMBER, RECIPIENT_NAME, RECIPIENT_ADDRESS, PAYMENT_AMOUNT, BANK) VALUES
('68815', '87330', '5406704749517237', '10/07', '523', 'Mathilde Hyde', '53 Oak'||CHR(13)||CHR(10)
||'Boulevard', 861.7, 'Wells Farg');
INSERT INTO TAD222.DEBIT(PAYMENT_ID, POLICY_ID, CARD_NUMBER, EXPIARY_DATE, CVC_NUMBER, RECIPIENT_NAME, RECIPIENT_ADDRESS, PAYMENT_AMOUNT, BANK) VALUES
('99705', '24149', '4917980094482673', '09/26', '896', 'Abby Criswell', '22 South White Old'||CHR(13)||CHR(10)
, 901.09, 'Citigroup');
INSERT INTO TAD222.DEBIT(PAYMENT_ID, POLICY_ID, CARD_NUMBER, EXPIARY_DATE, CVC_NUMBER, RECIPIENT_NAME, RECIPIENT_ADDRESS, PAYMENT_AMOUNT, BANK) VALUES
('39435', '35242', '6210464782387915', '05/13', '989', 'Antone Bivins', '54 Second'||CHR(13)||CHR(10)
||'Boulevard', 366.22, 'Chase');
INSERT INTO TAD222.DEBIT(PAYMENT_ID, POLICY_ID, CARD_NUMBER, EXPIARY_DATE, CVC_NUMBER, RECIPIENT_NAME, RECIPIENT_ADDRESS, PAYMENT_AMOUNT, BANK) VALUES
('02578', '79165', '6252802514428938', '10/17', '704', 'Marina Austin', '651 East New'||CHR(13)||CHR(10)
||'St.', 190.74, 'Chase');
INSERT INTO TAD222.DEBIT(PAYMENT_ID, POLICY_ID, CARD_NUMBER, EXPIARY_DATE, CVC_NUMBER, RECIPIENT_NAME, RECIPIENT_ADDRESS, PAYMENT_AMOUNT, BANK) VALUES
('64445', '49284', '376979052240679', '01/21', '164', 'Wilton Geary', '86 East Milton'||CHR(13)||CHR(10)
||'Driv', 903.77, 'BofA');
INSERT INTO TAD222.DEBIT(PAYMENT_ID, POLICY_ID, CARD_NUMBER, EXPIARY_DATE, CVC_NUMBER, RECIPIENT_NAME, RECIPIENT_ADDRESS, PAYMENT_AMOUNT, BANK) VALUES
('20161', '50280', '4405275203452769', '03/13', '237', 'Jonelle Newman', '97 Milton'||CHR(13)||CHR(10)
||'Blvd.', 383.68, 'BofA');
INSERT INTO TAD222.DEBIT(PAYMENT_ID, POLICY_ID, CARD_NUMBER, EXPIARY_DATE, CVC_NUMBER, RECIPIENT_NAME, RECIPIENT_ADDRESS, PAYMENT_AMOUNT, BANK) VALUES
('25938', '03943', '4917023017248374', '09/10', '473', 'Yaeko Hanks', '289 Hague'||CHR(13)||CHR(10)
||'Drive', 710.21, 'Wells Farg');
INSERT INTO TAD222.DEBIT(PAYMENT_ID, POLICY_ID, CARD_NUMBER, EXPIARY_DATE, CVC_NUMBER, RECIPIENT_NAME, RECIPIENT_ADDRESS, PAYMENT_AMOUNT, BANK) VALUES
('03941', '40194', '6228582167199769', '03/23', '023', 'Deanna Allen', '86 West Fabien'||CHR(13)||CHR(10)
||'Free', 349.16, 'Wells Farg');
INSERT INTO TAD222.DEBIT(PAYMENT_ID, POLICY_ID, CARD_NUMBER, EXPIARY_DATE, CVC_NUMBER, RECIPIENT_NAME, RECIPIENT_ADDRESS, PAYMENT_AMOUNT, BANK) VALUES
('66915', '02027', '39997057989289', '12/00', '749', 'Zenaida Lynch', '40 White Milton'||CHR(13)||CHR(10)
||'Bou', 268.8, 'Wells Farg');
INSERT INTO TAD222.DEBIT(PAYMENT_ID, POLICY_ID, CARD_NUMBER, EXPIARY_DATE, CVC_NUMBER, RECIPIENT_NAME, RECIPIENT_ADDRESS, PAYMENT_AMOUNT, BANK) VALUES
('67608', '21859', '373096721414792', '10/17', '526', 'Luther Adamson', '83 Nobel'||CHR(13)||CHR(10)
||'Road', 245.54, 'Chase');
INSERT INTO TAD222.DEBIT(PAYMENT_ID, POLICY_ID, CARD_NUMBER, EXPIARY_DATE, CVC_NUMBER, RECIPIENT_NAME, RECIPIENT_ADDRESS, PAYMENT_AMOUNT, BANK) VALUES
('04653', '19554', '38410325337217', '08/06', '894', 'Jim Fortner', '384 North White Hagu', 994.59, 'Chase');
INSERT INTO TAD222.DEBIT(PAYMENT_ID, POLICY_ID, CARD_NUMBER, EXPIARY_DATE, CVC_NUMBER, RECIPIENT_NAME, RECIPIENT_ADDRESS, PAYMENT_AMOUNT, BANK) VALUES
('30975', '55968', '378419719974582', '11/07', '771', 'Rudolf Albers', '121 Clarendon'||CHR(13)||CHR(10)
||'Road', NULL, 'Citigroup');
INSERT INTO TAD222.DEBIT(PAYMENT_ID, POLICY_ID, CARD_NUMBER, EXPIARY_DATE, CVC_NUMBER, RECIPIENT_NAME, RECIPIENT_ADDRESS, PAYMENT_AMOUNT, BANK) VALUES
('58397', '50037', '30424804694335', '10/23', '072', 'Alaine Ashworth', '85 West White Hague'||CHR(13), 974.07, 'Wells Farg');
INSERT INTO TAD222.DEBIT(PAYMENT_ID, POLICY_ID, CARD_NUMBER, EXPIARY_DATE, CVC_NUMBER, RECIPIENT_NAME, RECIPIENT_ADDRESS, PAYMENT_AMOUNT, BANK) VALUES
('11981', '18810', '30506011471414', '02/10', '780', 'Gertha Carpenter', '903 North Rocky'||CHR(13)||CHR(10)
||'Oak', 489.9, 'BofA');
INSERT INTO TAD222.DEBIT(PAYMENT_ID, POLICY_ID, CARD_NUMBER, EXPIARY_DATE, CVC_NUMBER, RECIPIENT_NAME, RECIPIENT_ADDRESS, PAYMENT_AMOUNT, BANK) VALUES
('69585', '56910', '3536537807157597', '11/28', '464', 'Shaun Swann', '275 East Hague'||CHR(13)||CHR(10)
||'Stre', 600.57, 'Wells Farg');
INSERT INTO TAD222.DEBIT(PAYMENT_ID, POLICY_ID, CARD_NUMBER, EXPIARY_DATE, CVC_NUMBER, RECIPIENT_NAME, RECIPIENT_ADDRESS, PAYMENT_AMOUNT, BANK) VALUES
('94495', '10278', '5530263017012370', '07/10', '095', 'Basil Breedlove', '45 White Oak'||CHR(13)||CHR(10)
||'Drive', NULL, 'BofA');
INSERT INTO TAD222.DEBIT(PAYMENT_ID, POLICY_ID, CARD_NUMBER, EXPIARY_DATE, CVC_NUMBER, RECIPIENT_NAME, RECIPIENT_ADDRESS, PAYMENT_AMOUNT, BANK) VALUES
('97275', '90411', '6385286444558396', '04/19', '533', 'Ardelia Espino', '68 Fabien'||CHR(13)||CHR(10)
||'St.', 127.62, 'Chase');
INSERT INTO TAD222.DEBIT(PAYMENT_ID, POLICY_ID, CARD_NUMBER, EXPIARY_DATE, CVC_NUMBER, RECIPIENT_NAME, RECIPIENT_ADDRESS, PAYMENT_AMOUNT, BANK) VALUES
('79892', '40438', '4913421191923057', '08/14', '748', 'Scotty Moyer', '709 Hague'||CHR(13)||CHR(10)
||'Road', 999.48, 'Chase');
INSERT INTO TAD222.DEBIT(PAYMENT_ID, POLICY_ID, CARD_NUMBER, EXPIARY_DATE, CVC_NUMBER, RECIPIENT_NAME, RECIPIENT_ADDRESS, PAYMENT_AMOUNT, BANK) VALUES
('24804', '65161', '6397133568372533', '10/24', '095', 'Dewayne Madrigal', '319 South Rocky'||CHR(13)||CHR(10)
||'Oak', 527.07, 'BofA');
INSERT INTO TAD222.DEBIT(PAYMENT_ID, POLICY_ID, CARD_NUMBER, EXPIARY_DATE, CVC_NUMBER, RECIPIENT_NAME, RECIPIENT_ADDRESS, PAYMENT_AMOUNT, BANK) VALUES
('49517', '94378', '38904087204359', '08/23', '349', 'Kurt Huerta', '82 White First'||CHR(13)||CHR(10)
||'Stre', 948.91, 'BofA');
INSERT INTO TAD222.DEBIT(PAYMENT_ID, POLICY_ID, CARD_NUMBER, EXPIARY_DATE, CVC_NUMBER, RECIPIENT_NAME, RECIPIENT_ADDRESS, PAYMENT_AMOUNT, BANK) VALUES
('73280', '46677', '5233580347349903', '08/26', '115', 'Adan Vinson', '377 Hague'||CHR(13)||CHR(10)
||'Avenue', 156.82, 'Citigroup');
INSERT INTO TAD222.DEBIT(PAYMENT_ID, POLICY_ID, CARD_NUMBER, EXPIARY_DATE, CVC_NUMBER, RECIPIENT_NAME, RECIPIENT_ADDRESS, PAYMENT_AMOUNT, BANK) VALUES
('75566', '31413', '3572207595462212', '01/00', '830', 'Janelle Ackerman', '74 Green Old'||CHR(13)||CHR(10)
||'Parkwa', NULL, 'Wells Farg');
INSERT INTO TAD222.DEBIT(PAYMENT_ID, POLICY_ID, CARD_NUMBER, EXPIARY_DATE, CVC_NUMBER, RECIPIENT_NAME, RECIPIENT_ADDRESS, PAYMENT_AMOUNT, BANK) VALUES
('23395', '50278', '6246924922185576', '10/08', '792', 'Slyvia Donovan', '585 North Oak'||CHR(13)||CHR(10)
||'St.', NULL, 'Wells Farg');
INSERT INTO TAD222.DEBIT(PAYMENT_ID, POLICY_ID, CARD_NUMBER, EXPIARY_DATE, CVC_NUMBER, RECIPIENT_NAME, RECIPIENT_ADDRESS, PAYMENT_AMOUNT, BANK) VALUES
('29820', '66298', '6396526736049605', '12/01', '092', 'Jesse Alfaro', '31 First'||CHR(13)||CHR(10)
||'Road', 308.05, 'Citigroup');
INSERT INTO TAD222.DEBIT(PAYMENT_ID, POLICY_ID, CARD_NUMBER, EXPIARY_DATE, CVC_NUMBER, RECIPIENT_NAME, RECIPIENT_ADDRESS, PAYMENT_AMOUNT, BANK) VALUES
('80477', '83552', '6232785425218313', '08/29', '483', 'Bernardo Mowery', '583 Hague'||CHR(13)||CHR(10)
||'Parkway', 200.04, 'BofA');
INSERT INTO TAD222.DEBIT(PAYMENT_ID, POLICY_ID, CARD_NUMBER, EXPIARY_DATE, CVC_NUMBER, RECIPIENT_NAME, RECIPIENT_ADDRESS, PAYMENT_AMOUNT, BANK) VALUES
('17678', '35359', '5164070336726363', '03/02', '339', 'Abe Smothers', '99 North Cowley'||CHR(13)||CHR(10)
||'St.', 759.44, 'Wells Farg');
INSERT INTO TAD222.DEBIT(PAYMENT_ID, POLICY_ID, CARD_NUMBER, EXPIARY_DATE, CVC_NUMBER, RECIPIENT_NAME, RECIPIENT_ADDRESS, PAYMENT_AMOUNT, BANK) VALUES
('20345', '78998', '6374431717327409', '10/17', '392', 'Toby Abernathy', '34 Green Cowley'||CHR(13)||CHR(10)
||'Ave', 675.73, 'Citigroup');
INSERT INTO TAD222.DEBIT(PAYMENT_ID, POLICY_ID, CARD_NUMBER, EXPIARY_DATE, CVC_NUMBER, RECIPIENT_NAME, RECIPIENT_ADDRESS, PAYMENT_AMOUNT, BANK) VALUES
('75971', '22405', '5457088370294037', '08/15', '416', 'Julius Andre', '65 South Second'||CHR(13)||CHR(10)
||'St.', 633.66, 'BofA');
INSERT INTO TAD222.DEBIT(PAYMENT_ID, POLICY_ID, CARD_NUMBER, EXPIARY_DATE, CVC_NUMBER, RECIPIENT_NAME, RECIPIENT_ADDRESS, PAYMENT_AMOUNT, BANK) VALUES
('67693', '95459', '5313696016363935', '04/27', '701', 'Gail Earl', '53 Second'||CHR(13)||CHR(10)
||'Avenue', 132.16, 'Chase');
INSERT INTO TAD222.DEBIT(PAYMENT_ID, POLICY_ID, CARD_NUMBER, EXPIARY_DATE, CVC_NUMBER, RECIPIENT_NAME, RECIPIENT_ADDRESS, PAYMENT_AMOUNT, BANK) VALUES
('77214', '38337', '30238747140242', '02/21', '934', 'Ambrose Mcwilliams', '939 First'||CHR(13)||CHR(10)
||'Road', 636.61, 'Wells Farg');
INSERT INTO TAD222.DEBIT(PAYMENT_ID, POLICY_ID, CARD_NUMBER, EXPIARY_DATE, CVC_NUMBER, RECIPIENT_NAME, RECIPIENT_ADDRESS, PAYMENT_AMOUNT, BANK) VALUES
('69433', '04913', '4508150262018056', '06/23', '408', 'Thanh Green', '762 West White First', 225.69, 'Citigroup');
INSERT INTO TAD222.DEBIT(PAYMENT_ID, POLICY_ID, CARD_NUMBER, EXPIARY_DATE, CVC_NUMBER, RECIPIENT_NAME, RECIPIENT_ADDRESS, PAYMENT_AMOUNT, BANK) VALUES
('67078', '16439', '5120455426480463', '12/28', '599', 'Leanna Brandenburg', '453 New'||CHR(13)||CHR(10)
||'Way', 625.96, 'BofA');
INSERT INTO TAD222.DEBIT(PAYMENT_ID, POLICY_ID, CARD_NUMBER, EXPIARY_DATE, CVC_NUMBER, RECIPIENT_NAME, RECIPIENT_ADDRESS, PAYMENT_AMOUNT, BANK) VALUES
('14799', '30963', '3573038832811237', '12/24', '392', 'Bridgette Alley', '876 New'||CHR(13)||CHR(10)
||'Drive', 590.85, 'BofA');
INSERT INTO TAD222.DEBIT(PAYMENT_ID, POLICY_ID, CARD_NUMBER, EXPIARY_DATE, CVC_NUMBER, RECIPIENT_NAME, RECIPIENT_ADDRESS, PAYMENT_AMOUNT, BANK) VALUES
('25144', '46009', '379168064435058', '11/04', '720', 'Delois Abney', '38 Rocky'||CHR(13)||CHR(10)
||'Second'||CHR(13)||CHR(10)
||'Pa', 935.97, 'Wells Farg');
INSERT INTO TAD222.DEBIT(PAYMENT_ID, POLICY_ID, CARD_NUMBER, EXPIARY_DATE, CVC_NUMBER, RECIPIENT_NAME, RECIPIENT_ADDRESS, PAYMENT_AMOUNT, BANK) VALUES
('38789', '33142', '30556375960874', '11/09', '836', 'Pierre Abernathy', '66 Fabien'||CHR(13)||CHR(10)
||'Boulevard', 289.48, 'Citigroup');
INSERT INTO TAD222.DEBIT(PAYMENT_ID, POLICY_ID, CARD_NUMBER, EXPIARY_DATE, CVC_NUMBER, RECIPIENT_NAME, RECIPIENT_ADDRESS, PAYMENT_AMOUNT, BANK) VALUES
('26523', '74903', '347735241099962', '12/08', '776', 'Brian Morgan', '176 White Nobel'||CHR(13)||CHR(10)
||'Dri', 531.69, 'Citigroup');
INSERT INTO TAD222.DEBIT(PAYMENT_ID, POLICY_ID, CARD_NUMBER, EXPIARY_DATE, CVC_NUMBER, RECIPIENT_NAME, RECIPIENT_ADDRESS, PAYMENT_AMOUNT, BANK) VALUES
('46071', '01590', '6370130188067221', '11/27', '503', 'Deshawn Wheeler', '990 West Old'||CHR(13)||CHR(10)
||'Road', 821.77, 'BofA');
INSERT INTO TAD222.DEBIT(PAYMENT_ID, POLICY_ID, CARD_NUMBER, EXPIARY_DATE, CVC_NUMBER, RECIPIENT_NAME, RECIPIENT_ADDRESS, PAYMENT_AMOUNT, BANK) VALUES
('03940', '48237', '5500349150648082', '05/24', '569', 'Derek Hutchinson', '61 Old'||CHR(13)||CHR(10)
||'Road', 837.48, 'BofA');
INSERT INTO TAD222.DEBIT(PAYMENT_ID, POLICY_ID, CARD_NUMBER, EXPIARY_DATE, CVC_NUMBER, RECIPIENT_NAME, RECIPIENT_ADDRESS, PAYMENT_AMOUNT, BANK) VALUES
('29629', '36620', '340168854471822', '11/02', '180', 'Denna Boyle', '42 South Milton'||CHR(13)||CHR(10)
||'Way', 896.62, 'Chase');
INSERT INTO TAD222.DEBIT(PAYMENT_ID, POLICY_ID, CARD_NUMBER, EXPIARY_DATE, CVC_NUMBER, RECIPIENT_NAME, RECIPIENT_ADDRESS, PAYMENT_AMOUNT, BANK) VALUES
('83597', '66037', '378993859256513', '09/06', '844', 'Luisa Tobin', '76 East Green Hague'||CHR(13), 468.66, 'BofA');
INSERT INTO TAD222.DEBIT(PAYMENT_ID, POLICY_ID, CARD_NUMBER, EXPIARY_DATE, CVC_NUMBER, RECIPIENT_NAME, RECIPIENT_ADDRESS, PAYMENT_AMOUNT, BANK) VALUES
('64467', '44213', '6278046463309414', '10/08', '802', 'Chuck Angel', '711 New'||CHR(13)||CHR(10)
||'Street', 587.9, 'Wells Farg');
INSERT INTO TAD222.DEBIT(PAYMENT_ID, POLICY_ID, CARD_NUMBER, EXPIARY_DATE, CVC_NUMBER, RECIPIENT_NAME, RECIPIENT_ADDRESS, PAYMENT_AMOUNT, BANK) VALUES
('94744', '85973', '5258449657090491', '08/14', '155', 'Brandi Abraham', '834 Oak'||CHR(13)||CHR(10)
||'Street', 991.57, 'Chase');
INSERT INTO TAD222.DEBIT(PAYMENT_ID, POLICY_ID, CARD_NUMBER, EXPIARY_DATE, CVC_NUMBER, RECIPIENT_NAME, RECIPIENT_ADDRESS, PAYMENT_AMOUNT, BANK) VALUES
('47002', '41685', '30142662142292', '07/17', '404', 'Raymon Askew', '50 North Rocky'||CHR(13)||CHR(10)
||'Oak'||CHR(13), 515.59, 'BofA');
INSERT INTO TAD222.DEBIT(PAYMENT_ID, POLICY_ID, CARD_NUMBER, EXPIARY_DATE, CVC_NUMBER, RECIPIENT_NAME, RECIPIENT_ADDRESS, PAYMENT_AMOUNT, BANK) VALUES
('86234', '84805', '5418445335233419', '11/03', '532', 'Kayleigh Costa', '917 Oak'||CHR(13)||CHR(10)
||'Parkway', 223.19, 'BofA');
INSERT INTO TAD222.DEBIT(PAYMENT_ID, POLICY_ID, CARD_NUMBER, EXPIARY_DATE, CVC_NUMBER, RECIPIENT_NAME, RECIPIENT_ADDRESS, PAYMENT_AMOUNT, BANK) VALUES
('81698', '69660', '6398387173514280', '01/22', '724', 'Sheri Montoya', '93 Nobel'||CHR(13)||CHR(10)
||'Street', 277.93, 'Chase');
INSERT INTO TAD222.DEBIT(PAYMENT_ID, POLICY_ID, CARD_NUMBER, EXPIARY_DATE, CVC_NUMBER, RECIPIENT_NAME, RECIPIENT_ADDRESS, PAYMENT_AMOUNT, BANK) VALUES
('63180', '35643', '4026039296864994', '09/17', '697', 'Garrett Whatley', '33 South Rocky'||CHR(13)||CHR(10)
||'Nobe', 510.97, 'Chase');
INSERT INTO TAD222.DEBIT(PAYMENT_ID, POLICY_ID, CARD_NUMBER, EXPIARY_DATE, CVC_NUMBER, RECIPIENT_NAME, RECIPIENT_ADDRESS, PAYMENT_AMOUNT, BANK) VALUES
('54745', '71693', '6384462075160577', '03/16', '659', 'Diedra Goodman', '62 Rocky'||CHR(13)||CHR(10)
||'Milton'||CHR(13)||CHR(10)
||'Wa', 582.07, 'BofA');

--
-- Inserting data into table TAD222.HEALTH_INSURANCE
--
INSERT INTO TAD222.HEALTH_INSURANCE(POLICY_ID, AGE, GEOGRAPHIC_LOCATION, TOBACCO_USE, PLAN_CATEGORY, COPAY, OUT_OF_POCKET_MAXIMUM) VALUES
('46677', '51', ' FL', 'Yes ', ' EPOs', 828, 4229);
INSERT INTO TAD222.HEALTH_INSURANCE(POLICY_ID, AGE, GEOGRAPHIC_LOCATION, TOBACCO_USE, PLAN_CATEGORY, COPAY, OUT_OF_POCKET_MAXIMUM) VALUES
('78998', '54', ' NJ', ' No', ' HDHP', 602, 1128);
INSERT INTO TAD222.HEALTH_INSURANCE(POLICY_ID, AGE, GEOGRAPHIC_LOCATION, TOBACCO_USE, PLAN_CATEGORY, COPAY, OUT_OF_POCKET_MAXIMUM) VALUES
('35242', '32', ' AZ', ' No', ' POS ', 448, 2547);
INSERT INTO TAD222.HEALTH_INSURANCE(POLICY_ID, AGE, GEOGRAPHIC_LOCATION, TOBACCO_USE, PLAN_CATEGORY, COPAY, OUT_OF_POCKET_MAXIMUM) VALUES
('79165', '21', ' VT', ' No', ' POS ', 597, 1333);
INSERT INTO TAD222.HEALTH_INSURANCE(POLICY_ID, AGE, GEOGRAPHIC_LOCATION, TOBACCO_USE, PLAN_CATEGORY, COPAY, OUT_OF_POCKET_MAXIMUM) VALUES
('46009', '18', ' PA', ' No', ' HDHP', 328, 4837);
INSERT INTO TAD222.HEALTH_INSURANCE(POLICY_ID, AGE, GEOGRAPHIC_LOCATION, TOBACCO_USE, PLAN_CATEGORY, COPAY, OUT_OF_POCKET_MAXIMUM) VALUES
('71693', '40', ' DE', 'Yes ', 'HMO ', 410, 3272);
INSERT INTO TAD222.HEALTH_INSURANCE(POLICY_ID, AGE, GEOGRAPHIC_LOCATION, TOBACCO_USE, PLAN_CATEGORY, COPAY, OUT_OF_POCKET_MAXIMUM) VALUES
('49284', '42', ' VT', ' No', ' HDHP', 821, 2012);
INSERT INTO TAD222.HEALTH_INSURANCE(POLICY_ID, AGE, GEOGRAPHIC_LOCATION, TOBACCO_USE, PLAN_CATEGORY, COPAY, OUT_OF_POCKET_MAXIMUM) VALUES
('18145', '51', ' PA', 'Yes ', 'HMO ', 366, 4005);
INSERT INTO TAD222.HEALTH_INSURANCE(POLICY_ID, AGE, GEOGRAPHIC_LOCATION, TOBACCO_USE, PLAN_CATEGORY, COPAY, OUT_OF_POCKET_MAXIMUM) VALUES
('33142', '36', 'AK', ' No', 'HMO ', 509, 4530);
INSERT INTO TAD222.HEALTH_INSURANCE(POLICY_ID, AGE, GEOGRAPHIC_LOCATION, TOBACCO_USE, PLAN_CATEGORY, COPAY, OUT_OF_POCKET_MAXIMUM) VALUES
('87330', '52', ' TN', 'Yes ', ' EPOs', 717, 3955);
INSERT INTO TAD222.HEALTH_INSURANCE(POLICY_ID, AGE, GEOGRAPHIC_LOCATION, TOBACCO_USE, PLAN_CATEGORY, COPAY, OUT_OF_POCKET_MAXIMUM) VALUES
('56910', '56', ' LA', 'Yes ', 'HMO ', 229, 3835);
INSERT INTO TAD222.HEALTH_INSURANCE(POLICY_ID, AGE, GEOGRAPHIC_LOCATION, TOBACCO_USE, PLAN_CATEGORY, COPAY, OUT_OF_POCKET_MAXIMUM) VALUES
('94378', '32', ' AS', ' No', ' EPOs', 116, 3189);
INSERT INTO TAD222.HEALTH_INSURANCE(POLICY_ID, AGE, GEOGRAPHIC_LOCATION, TOBACCO_USE, PLAN_CATEGORY, COPAY, OUT_OF_POCKET_MAXIMUM) VALUES
('50280', '52', ' MD', 'Yes ', 'HMO ', 249, 1785);
INSERT INTO TAD222.HEALTH_INSURANCE(POLICY_ID, AGE, GEOGRAPHIC_LOCATION, TOBACCO_USE, PLAN_CATEGORY, COPAY, OUT_OF_POCKET_MAXIMUM) VALUES
('16439', '60', ' OH', ' No', ' PPOs', 637, 2408);
INSERT INTO TAD222.HEALTH_INSURANCE(POLICY_ID, AGE, GEOGRAPHIC_LOCATION, TOBACCO_USE, PLAN_CATEGORY, COPAY, OUT_OF_POCKET_MAXIMUM) VALUES
('30963', '32', ' KY', ' No', ' POS ', 380, 3728);
INSERT INTO TAD222.HEALTH_INSURANCE(POLICY_ID, AGE, GEOGRAPHIC_LOCATION, TOBACCO_USE, PLAN_CATEGORY, COPAY, OUT_OF_POCKET_MAXIMUM) VALUES
('10278', '27', ' CT', ' No', ' POS ', 145, 1632);
INSERT INTO TAD222.HEALTH_INSURANCE(POLICY_ID, AGE, GEOGRAPHIC_LOCATION, TOBACCO_USE, PLAN_CATEGORY, COPAY, OUT_OF_POCKET_MAXIMUM) VALUES
('36620', '60', 'AK', ' No', 'HMO ', 437, 1739);
INSERT INTO TAD222.HEALTH_INSURANCE(POLICY_ID, AGE, GEOGRAPHIC_LOCATION, TOBACCO_USE, PLAN_CATEGORY, COPAY, OUT_OF_POCKET_MAXIMUM) VALUES
('66037', '49', ' OK', ' No', ' POS ', 408, 4078);
INSERT INTO TAD222.HEALTH_INSURANCE(POLICY_ID, AGE, GEOGRAPHIC_LOCATION, TOBACCO_USE, PLAN_CATEGORY, COPAY, OUT_OF_POCKET_MAXIMUM) VALUES
('65161', '56', ' VI', 'Yes ', ' POS ', 421, 1254);
INSERT INTO TAD222.HEALTH_INSURANCE(POLICY_ID, AGE, GEOGRAPHIC_LOCATION, TOBACCO_USE, PLAN_CATEGORY, COPAY, OUT_OF_POCKET_MAXIMUM) VALUES
('31413', '43', ' NC', 'Yes ', ' POS ', 919, 2511);
INSERT INTO TAD222.HEALTH_INSURANCE(POLICY_ID, AGE, GEOGRAPHIC_LOCATION, TOBACCO_USE, PLAN_CATEGORY, COPAY, OUT_OF_POCKET_MAXIMUM) VALUES
('50037', '56', ' OR', ' No', ' PPOs', 302, 3603);
INSERT INTO TAD222.HEALTH_INSURANCE(POLICY_ID, AGE, GEOGRAPHIC_LOCATION, TOBACCO_USE, PLAN_CATEGORY, COPAY, OUT_OF_POCKET_MAXIMUM) VALUES
('42129', '47', ' MD', 'Yes ', ' HDHP', 286, 4227);
INSERT INTO TAD222.HEALTH_INSURANCE(POLICY_ID, AGE, GEOGRAPHIC_LOCATION, TOBACCO_USE, PLAN_CATEGORY, COPAY, OUT_OF_POCKET_MAXIMUM) VALUES
('22405', '37', ' RI', 'Yes ', ' PPOs', 211, 2859);
INSERT INTO TAD222.HEALTH_INSURANCE(POLICY_ID, AGE, GEOGRAPHIC_LOCATION, TOBACCO_USE, PLAN_CATEGORY, COPAY, OUT_OF_POCKET_MAXIMUM) VALUES
('50278', '58', ' WA', 'Yes ', ' EPOs', 916, 4384);
INSERT INTO TAD222.HEALTH_INSURANCE(POLICY_ID, AGE, GEOGRAPHIC_LOCATION, TOBACCO_USE, PLAN_CATEGORY, COPAY, OUT_OF_POCKET_MAXIMUM) VALUES
('24149', '29', ' NY', 'Yes ', ' EPOs', 432, 3528);
INSERT INTO TAD222.HEALTH_INSURANCE(POLICY_ID, AGE, GEOGRAPHIC_LOCATION, TOBACCO_USE, PLAN_CATEGORY, COPAY, OUT_OF_POCKET_MAXIMUM) VALUES
('95459', '45', 'AK', 'Yes ', ' PPOs', 973, 3255);
INSERT INTO TAD222.HEALTH_INSURANCE(POLICY_ID, AGE, GEOGRAPHIC_LOCATION, TOBACCO_USE, PLAN_CATEGORY, COPAY, OUT_OF_POCKET_MAXIMUM) VALUES
('74903', '33', ' NC', ' No', 'HMO ', 933, 3483);
INSERT INTO TAD222.HEALTH_INSURANCE(POLICY_ID, AGE, GEOGRAPHIC_LOCATION, TOBACCO_USE, PLAN_CATEGORY, COPAY, OUT_OF_POCKET_MAXIMUM) VALUES
('03943', '50', ' WI', ' No', 'HMO ', 829, 1772);
INSERT INTO TAD222.HEALTH_INSURANCE(POLICY_ID, AGE, GEOGRAPHIC_LOCATION, TOBACCO_USE, PLAN_CATEGORY, COPAY, OUT_OF_POCKET_MAXIMUM) VALUES
('40438', '20', ' CT', ' No', ' POS ', 280, 1985);
INSERT INTO TAD222.HEALTH_INSURANCE(POLICY_ID, AGE, GEOGRAPHIC_LOCATION, TOBACCO_USE, PLAN_CATEGORY, COPAY, OUT_OF_POCKET_MAXIMUM) VALUES
('83730', '57', ' TX', 'Yes ', ' POS ', 735, 3795);
INSERT INTO TAD222.HEALTH_INSURANCE(POLICY_ID, AGE, GEOGRAPHIC_LOCATION, TOBACCO_USE, PLAN_CATEGORY, COPAY, OUT_OF_POCKET_MAXIMUM) VALUES
('66298', '43', ' LA', ' No', 'HMO ', 915, 3066);
INSERT INTO TAD222.HEALTH_INSURANCE(POLICY_ID, AGE, GEOGRAPHIC_LOCATION, TOBACCO_USE, PLAN_CATEGORY, COPAY, OUT_OF_POCKET_MAXIMUM) VALUES
('04913', '29', ' GU', ' No', ' HDHP', 549, 2366);
INSERT INTO TAD222.HEALTH_INSURANCE(POLICY_ID, AGE, GEOGRAPHIC_LOCATION, TOBACCO_USE, PLAN_CATEGORY, COPAY, OUT_OF_POCKET_MAXIMUM) VALUES
('44213', '61', ' OR', 'Yes ', ' PPOs', 205, 3930);
INSERT INTO TAD222.HEALTH_INSURANCE(POLICY_ID, AGE, GEOGRAPHIC_LOCATION, TOBACCO_USE, PLAN_CATEGORY, COPAY, OUT_OF_POCKET_MAXIMUM) VALUES
('83552', '24', ' GU', ' No', ' EPOs', 875, 2433);
INSERT INTO TAD222.HEALTH_INSURANCE(POLICY_ID, AGE, GEOGRAPHIC_LOCATION, TOBACCO_USE, PLAN_CATEGORY, COPAY, OUT_OF_POCKET_MAXIMUM) VALUES
('35359', '21', ' NH', ' No', ' POS ', 171, 1634);
INSERT INTO TAD222.HEALTH_INSURANCE(POLICY_ID, AGE, GEOGRAPHIC_LOCATION, TOBACCO_USE, PLAN_CATEGORY, COPAY, OUT_OF_POCKET_MAXIMUM) VALUES
('40194', '53', ' MI', 'Yes ', ' EPOs', 634, 2157);
INSERT INTO TAD222.HEALTH_INSURANCE(POLICY_ID, AGE, GEOGRAPHIC_LOCATION, TOBACCO_USE, PLAN_CATEGORY, COPAY, OUT_OF_POCKET_MAXIMUM) VALUES
('38337', '38', ' UT', ' No', ' HDHP', 364, 1715);
INSERT INTO TAD222.HEALTH_INSURANCE(POLICY_ID, AGE, GEOGRAPHIC_LOCATION, TOBACCO_USE, PLAN_CATEGORY, COPAY, OUT_OF_POCKET_MAXIMUM) VALUES
('02027', '50', ' WV', ' No', ' PPOs', 936, 4595);
INSERT INTO TAD222.HEALTH_INSURANCE(POLICY_ID, AGE, GEOGRAPHIC_LOCATION, TOBACCO_USE, PLAN_CATEGORY, COPAY, OUT_OF_POCKET_MAXIMUM) VALUES
('19554', '44', ' NC', ' No', ' EPOs', 470, 1876);
INSERT INTO TAD222.HEALTH_INSURANCE(POLICY_ID, AGE, GEOGRAPHIC_LOCATION, TOBACCO_USE, PLAN_CATEGORY, COPAY, OUT_OF_POCKET_MAXIMUM) VALUES
('01590', '51', ' UM', ' No', 'HMO ', 126, 2570);
INSERT INTO TAD222.HEALTH_INSURANCE(POLICY_ID, AGE, GEOGRAPHIC_LOCATION, TOBACCO_USE, PLAN_CATEGORY, COPAY, OUT_OF_POCKET_MAXIMUM) VALUES
('48237', '18', ' ND', 'Yes ', ' POS ', 201, 1762);
INSERT INTO TAD222.HEALTH_INSURANCE(POLICY_ID, AGE, GEOGRAPHIC_LOCATION, TOBACCO_USE, PLAN_CATEGORY, COPAY, OUT_OF_POCKET_MAXIMUM) VALUES
('69660', '25', ' WY', ' No', ' POS ', 892, 2432);
INSERT INTO TAD222.HEALTH_INSURANCE(POLICY_ID, AGE, GEOGRAPHIC_LOCATION, TOBACCO_USE, PLAN_CATEGORY, COPAY, OUT_OF_POCKET_MAXIMUM) VALUES
('85973', '49', ' ME', 'Yes ', ' PPOs', 458, 2929);
INSERT INTO TAD222.HEALTH_INSURANCE(POLICY_ID, AGE, GEOGRAPHIC_LOCATION, TOBACCO_USE, PLAN_CATEGORY, COPAY, OUT_OF_POCKET_MAXIMUM) VALUES
('55968', '43', ' MA', ' No', ' EPOs', 340, 1974);
INSERT INTO TAD222.HEALTH_INSURANCE(POLICY_ID, AGE, GEOGRAPHIC_LOCATION, TOBACCO_USE, PLAN_CATEGORY, COPAY, OUT_OF_POCKET_MAXIMUM) VALUES
('41685', '45', ' ME', ' No', ' POS ', 112, 1256);
INSERT INTO TAD222.HEALTH_INSURANCE(POLICY_ID, AGE, GEOGRAPHIC_LOCATION, TOBACCO_USE, PLAN_CATEGORY, COPAY, OUT_OF_POCKET_MAXIMUM) VALUES
('18810', '57', ' KY', 'Yes ', 'HMO ', 544, 1428);
INSERT INTO TAD222.HEALTH_INSURANCE(POLICY_ID, AGE, GEOGRAPHIC_LOCATION, TOBACCO_USE, PLAN_CATEGORY, COPAY, OUT_OF_POCKET_MAXIMUM) VALUES
('84805', '42', ' MT', 'Yes ', ' HDHP', 885, 4560);
INSERT INTO TAD222.HEALTH_INSURANCE(POLICY_ID, AGE, GEOGRAPHIC_LOCATION, TOBACCO_USE, PLAN_CATEGORY, COPAY, OUT_OF_POCKET_MAXIMUM) VALUES
('90411', '58', ' WA', 'Yes ', ' POS ', 819, 3946);
INSERT INTO TAD222.HEALTH_INSURANCE(POLICY_ID, AGE, GEOGRAPHIC_LOCATION, TOBACCO_USE, PLAN_CATEGORY, COPAY, OUT_OF_POCKET_MAXIMUM) VALUES
('35643', '34', ' CA', ' No', ' POS ', 533, 1007);
INSERT INTO TAD222.HEALTH_INSURANCE(POLICY_ID, AGE, GEOGRAPHIC_LOCATION, TOBACCO_USE, PLAN_CATEGORY, COPAY, OUT_OF_POCKET_MAXIMUM) VALUES
('21859', '30', ' MI', 'Yes ', ' POS ', 164, 2365);

--
-- Inserting data into table TAD222.HOME_INSURANCE
--
INSERT INTO TAD222.HOME_INSURANCE(POLICY_ID, ADDRESS, GEOGRAPHIC_LOCATION, YEAR_BUILT, CONDITION, LOT_SIZE, CREDIT_HISTORY, MORTGAGE_PAYMENT, MARKET_VALUE) VALUES
('35242', '911 Oak'||CHR(13)||CHR(10)
||'Avenue', ' WY', 2008, 'Excellent ', 5, 818, 3786, 499942);
INSERT INTO TAD222.HOME_INSURANCE(POLICY_ID, ADDRESS, GEOGRAPHIC_LOCATION, YEAR_BUILT, CONDITION, LOT_SIZE, CREDIT_HISTORY, MORTGAGE_PAYMENT, MARKET_VALUE) VALUES
('50280', '28 South Cowley'||CHR(13)||CHR(10)
||'Blv', ' NE', 2002, ' Fair ', 1.95, 730, 3089, 246178);
INSERT INTO TAD222.HOME_INSURANCE(POLICY_ID, ADDRESS, GEOGRAPHIC_LOCATION, YEAR_BUILT, CONDITION, LOT_SIZE, CREDIT_HISTORY, MORTGAGE_PAYMENT, MARKET_VALUE) VALUES
('69660', '164 Hague'||CHR(13)||CHR(10)
||'St.', ' NM', 2000, ' Poor ', 3.62, 549, 3557, 400603);
INSERT INTO TAD222.HOME_INSURANCE(POLICY_ID, ADDRESS, GEOGRAPHIC_LOCATION, YEAR_BUILT, CONDITION, LOT_SIZE, CREDIT_HISTORY, MORTGAGE_PAYMENT, MARKET_VALUE) VALUES
('18810', '31 Milton'||CHR(13)||CHR(10)
||'Boulevard', ' AL', 2000, ' Good ', 0.2, 547, 4794, 464222);
INSERT INTO TAD222.HOME_INSURANCE(POLICY_ID, ADDRESS, GEOGRAPHIC_LOCATION, YEAR_BUILT, CONDITION, LOT_SIZE, CREDIT_HISTORY, MORTGAGE_PAYMENT, MARKET_VALUE) VALUES
('50037', '46 Green Fabien'||CHR(13)||CHR(10)
||'Blv', ' IA', 2006, ' Fair ', 1.87, 822, 2748, 258761);
INSERT INTO TAD222.HOME_INSURANCE(POLICY_ID, ADDRESS, GEOGRAPHIC_LOCATION, YEAR_BUILT, CONDITION, LOT_SIZE, CREDIT_HISTORY, MORTGAGE_PAYMENT, MARKET_VALUE) VALUES
('16439', '36 West Hague'||CHR(13)||CHR(10)
||'Road', ' WV', 2010, 'Excellent ', 0.72, 473, 4901, 291793);
INSERT INTO TAD222.HOME_INSURANCE(POLICY_ID, ADDRESS, GEOGRAPHIC_LOCATION, YEAR_BUILT, CONDITION, LOT_SIZE, CREDIT_HISTORY, MORTGAGE_PAYMENT, MARKET_VALUE) VALUES
('42129', '979 Nobel'||CHR(13)||CHR(10)
||'Road', 'AK', 2016, 'Excellent ', 0.68, 777, 1549, 444254);
INSERT INTO TAD222.HOME_INSURANCE(POLICY_ID, ADDRESS, GEOGRAPHIC_LOCATION, YEAR_BUILT, CONDITION, LOT_SIZE, CREDIT_HISTORY, MORTGAGE_PAYMENT, MARKET_VALUE) VALUES
('90411', '45 First'||CHR(13)||CHR(10)
||'Street', ' UT', 2012, ' Good ', 1.86, 714, 4191, 203462);
INSERT INTO TAD222.HOME_INSURANCE(POLICY_ID, ADDRESS, GEOGRAPHIC_LOCATION, YEAR_BUILT, CONDITION, LOT_SIZE, CREDIT_HISTORY, MORTGAGE_PAYMENT, MARKET_VALUE) VALUES
('30963', '59 Green First'||CHR(13)||CHR(10)
||'Boul', ' MD', 1904, ' Bad', 2.07, 428, 4445, 236634);
INSERT INTO TAD222.HOME_INSURANCE(POLICY_ID, ADDRESS, GEOGRAPHIC_LOCATION, YEAR_BUILT, CONDITION, LOT_SIZE, CREDIT_HISTORY, MORTGAGE_PAYMENT, MARKET_VALUE) VALUES
('46677', '68 Cowley'||CHR(13)||CHR(10)
||'Way', ' CO', 1917, ' Bad', 2.33, 788, 3392, 219790);
INSERT INTO TAD222.HOME_INSURANCE(POLICY_ID, ADDRESS, GEOGRAPHIC_LOCATION, YEAR_BUILT, CONDITION, LOT_SIZE, CREDIT_HISTORY, MORTGAGE_PAYMENT, MARKET_VALUE) VALUES
('36620', '34 East Rocky'||CHR(13)||CHR(10)
||'Milto', ' SD', 1903, 'Excellent ', 2.4, 425, 1983, 232758);
INSERT INTO TAD222.HOME_INSURANCE(POLICY_ID, ADDRESS, GEOGRAPHIC_LOCATION, YEAR_BUILT, CONDITION, LOT_SIZE, CREDIT_HISTORY, MORTGAGE_PAYMENT, MARKET_VALUE) VALUES
('48237', '700 Oak'||CHR(13)||CHR(10)
||'Way', ' NV', 2010, ' Fair ', 2.45, 841, 2468, 376081);
INSERT INTO TAD222.HOME_INSURANCE(POLICY_ID, ADDRESS, GEOGRAPHIC_LOCATION, YEAR_BUILT, CONDITION, LOT_SIZE, CREDIT_HISTORY, MORTGAGE_PAYMENT, MARKET_VALUE) VALUES
('78998', '972 Green Milton'||CHR(13)||CHR(10)
||'Dr', ' MT', 2000, 'Excellent ', 1.36, 723, 3643, 104303);
INSERT INTO TAD222.HOME_INSURANCE(POLICY_ID, ADDRESS, GEOGRAPHIC_LOCATION, YEAR_BUILT, CONDITION, LOT_SIZE, CREDIT_HISTORY, MORTGAGE_PAYMENT, MARKET_VALUE) VALUES
('79165', '584 Old'||CHR(13)||CHR(10)
||'Street', ' NJ', 1907, ' Bad', 0.59, 484, 4555, 397150);
INSERT INTO TAD222.HOME_INSURANCE(POLICY_ID, ADDRESS, GEOGRAPHIC_LOCATION, YEAR_BUILT, CONDITION, LOT_SIZE, CREDIT_HISTORY, MORTGAGE_PAYMENT, MARKET_VALUE) VALUES
('35643', '848 South Nobel'||CHR(13)||CHR(10)
||'Fre', ' MP', 2019, ' Good ', 0.66, 803, 2717, 243567);
INSERT INTO TAD222.HOME_INSURANCE(POLICY_ID, ADDRESS, GEOGRAPHIC_LOCATION, YEAR_BUILT, CONDITION, LOT_SIZE, CREDIT_HISTORY, MORTGAGE_PAYMENT, MARKET_VALUE) VALUES
('49284', '67 New'||CHR(13)||CHR(10)
||'Parkway', ' UT', 2000, ' Fair ', 1.35, 748, 4270, 122414);
INSERT INTO TAD222.HOME_INSURANCE(POLICY_ID, ADDRESS, GEOGRAPHIC_LOCATION, YEAR_BUILT, CONDITION, LOT_SIZE, CREDIT_HISTORY, MORTGAGE_PAYMENT, MARKET_VALUE) VALUES
('46009', '65 East Second'||CHR(13)||CHR(10)
||'Driv', ' GA', 2019, ' Good ', 3.91, 684, 2944, 173911);
INSERT INTO TAD222.HOME_INSURANCE(POLICY_ID, ADDRESS, GEOGRAPHIC_LOCATION, YEAR_BUILT, CONDITION, LOT_SIZE, CREDIT_HISTORY, MORTGAGE_PAYMENT, MARKET_VALUE) VALUES
('85973', '78 Oak'||CHR(13)||CHR(10)
||'St.', ' PA', 1900, ' Poor ', 5, 556, 1365, 242922);
INSERT INTO TAD222.HOME_INSURANCE(POLICY_ID, ADDRESS, GEOGRAPHIC_LOCATION, YEAR_BUILT, CONDITION, LOT_SIZE, CREDIT_HISTORY, MORTGAGE_PAYMENT, MARKET_VALUE) VALUES
('33142', '156 East Old'||CHR(13)||CHR(10)
||'Parkwa', ' MA', 1919, 'Excellent ', 5, 534, 1956, 368625);
INSERT INTO TAD222.HOME_INSURANCE(POLICY_ID, ADDRESS, GEOGRAPHIC_LOCATION, YEAR_BUILT, CONDITION, LOT_SIZE, CREDIT_HISTORY, MORTGAGE_PAYMENT, MARKET_VALUE) VALUES
('71693', '121 Fabien'||CHR(13)||CHR(10)
||'Blvd.', ' AL', 1914, ' Bad', 4.36, 843, 2250, 486768);
INSERT INTO TAD222.HOME_INSURANCE(POLICY_ID, ADDRESS, GEOGRAPHIC_LOCATION, YEAR_BUILT, CONDITION, LOT_SIZE, CREDIT_HISTORY, MORTGAGE_PAYMENT, MARKET_VALUE) VALUES
('66037', '63 Rocky'||CHR(13)||CHR(10)
||'Cowley'||CHR(13)||CHR(10)
||'Ro', ' KS', 2010, ' Poor ', 1.63, 800, 2421, 429473);
INSERT INTO TAD222.HOME_INSURANCE(POLICY_ID, ADDRESS, GEOGRAPHIC_LOCATION, YEAR_BUILT, CONDITION, LOT_SIZE, CREDIT_HISTORY, MORTGAGE_PAYMENT, MARKET_VALUE) VALUES
('83730', '446 Green New'||CHR(13)||CHR(10)
||'St.', ' LA', 2011, ' Bad', 5, 764, 4969, 419748);
INSERT INTO TAD222.HOME_INSURANCE(POLICY_ID, ADDRESS, GEOGRAPHIC_LOCATION, YEAR_BUILT, CONDITION, LOT_SIZE, CREDIT_HISTORY, MORTGAGE_PAYMENT, MARKET_VALUE) VALUES
('24149', '329 South Rocky'||CHR(13)||CHR(10)
||'Mil', ' CT', 1900, ' Fair ', 3.94, 425, 3212, 229812);
INSERT INTO TAD222.HOME_INSURANCE(POLICY_ID, ADDRESS, GEOGRAPHIC_LOCATION, YEAR_BUILT, CONDITION, LOT_SIZE, CREDIT_HISTORY, MORTGAGE_PAYMENT, MARKET_VALUE) VALUES
('18145', '49 North Second'||CHR(13)||CHR(10)
||'Dri', ' CA', 1900, ' Good ', 5, 708, 1194, 183417);
INSERT INTO TAD222.HOME_INSURANCE(POLICY_ID, ADDRESS, GEOGRAPHIC_LOCATION, YEAR_BUILT, CONDITION, LOT_SIZE, CREDIT_HISTORY, MORTGAGE_PAYMENT, MARKET_VALUE) VALUES
('03943', '89 Oak'||CHR(13)||CHR(10)
||'Way', ' DE', 2016, ' Fair ', 0.45, 711, 2351, 232108);
INSERT INTO TAD222.HOME_INSURANCE(POLICY_ID, ADDRESS, GEOGRAPHIC_LOCATION, YEAR_BUILT, CONDITION, LOT_SIZE, CREDIT_HISTORY, MORTGAGE_PAYMENT, MARKET_VALUE) VALUES
('41685', '742 Rocky'||CHR(13)||CHR(10)
||'Clarendon', ' ME', 1905, ' Bad', 5, 406, 1494, 227511);
INSERT INTO TAD222.HOME_INSURANCE(POLICY_ID, ADDRESS, GEOGRAPHIC_LOCATION, YEAR_BUILT, CONDITION, LOT_SIZE, CREDIT_HISTORY, MORTGAGE_PAYMENT, MARKET_VALUE) VALUES
('40438', '94 Rocky'||CHR(13)||CHR(10)
||'Second'||CHR(13)||CHR(10)
||'Av', ' SC', 2011, ' Poor ', 0.53, 632, 4133, 338239);
INSERT INTO TAD222.HOME_INSURANCE(POLICY_ID, ADDRESS, GEOGRAPHIC_LOCATION, YEAR_BUILT, CONDITION, LOT_SIZE, CREDIT_HISTORY, MORTGAGE_PAYMENT, MARKET_VALUE) VALUES
('66298', '81 Cowley'||CHR(13)||CHR(10)
||'St.', ' DC', 1911, ' Fair ', 5, 550, 3375, 378045);
INSERT INTO TAD222.HOME_INSURANCE(POLICY_ID, ADDRESS, GEOGRAPHIC_LOCATION, YEAR_BUILT, CONDITION, LOT_SIZE, CREDIT_HISTORY, MORTGAGE_PAYMENT, MARKET_VALUE) VALUES
('40194', '349 Cowley'||CHR(13)||CHR(10)
||'Drive', ' VA', 1908, 'Excellent ', 5, 719, 4631, 155823);
INSERT INTO TAD222.HOME_INSURANCE(POLICY_ID, ADDRESS, GEOGRAPHIC_LOCATION, YEAR_BUILT, CONDITION, LOT_SIZE, CREDIT_HISTORY, MORTGAGE_PAYMENT, MARKET_VALUE) VALUES
('84805', '865 Nobel'||CHR(13)||CHR(10)
||'Parkway', ' WI', 1907, ' Poor ', 0.31, 732, 4941, 174604);
INSERT INTO TAD222.HOME_INSURANCE(POLICY_ID, ADDRESS, GEOGRAPHIC_LOCATION, YEAR_BUILT, CONDITION, LOT_SIZE, CREDIT_HISTORY, MORTGAGE_PAYMENT, MARKET_VALUE) VALUES
('02027', '86 Rocky'||CHR(13)||CHR(10)
||'Clarendon'||CHR(13), ' MO', 2003, ' Poor ', 3.66, 482, 2925, 415093);
INSERT INTO TAD222.HOME_INSURANCE(POLICY_ID, ADDRESS, GEOGRAPHIC_LOCATION, YEAR_BUILT, CONDITION, LOT_SIZE, CREDIT_HISTORY, MORTGAGE_PAYMENT, MARKET_VALUE) VALUES
('21859', '398 Hague'||CHR(13)||CHR(10)
||'Road', ' SC', 1900, ' Bad', 0.49, 540, 4013, 223380);
INSERT INTO TAD222.HOME_INSURANCE(POLICY_ID, ADDRESS, GEOGRAPHIC_LOCATION, YEAR_BUILT, CONDITION, LOT_SIZE, CREDIT_HISTORY, MORTGAGE_PAYMENT, MARKET_VALUE) VALUES
('19554', '562 East Rocky'||CHR(13)||CHR(10)
||'Fabi', ' IN', 2011, ' Fair ', 3.84, 848, 2854, 269451);
INSERT INTO TAD222.HOME_INSURANCE(POLICY_ID, ADDRESS, GEOGRAPHIC_LOCATION, YEAR_BUILT, CONDITION, LOT_SIZE, CREDIT_HISTORY, MORTGAGE_PAYMENT, MARKET_VALUE) VALUES
('55968', '29 Clarendon'||CHR(13)||CHR(10)
||'Avenue', ' ME', 2000, ' Fair ', 0.26, 534, 4099, 229874);
INSERT INTO TAD222.HOME_INSURANCE(POLICY_ID, ADDRESS, GEOGRAPHIC_LOCATION, YEAR_BUILT, CONDITION, LOT_SIZE, CREDIT_HISTORY, MORTGAGE_PAYMENT, MARKET_VALUE) VALUES
('56910', '161 Cowley'||CHR(13)||CHR(10)
||'Boulevar', ' NM', 1904, ' Fair ', 1.9, 795, 4337, 443814);
INSERT INTO TAD222.HOME_INSURANCE(POLICY_ID, ADDRESS, GEOGRAPHIC_LOCATION, YEAR_BUILT, CONDITION, LOT_SIZE, CREDIT_HISTORY, MORTGAGE_PAYMENT, MARKET_VALUE) VALUES
('83552', '714 Green Cowley'||CHR(13)||CHR(10)
||'Wa', ' UM', 1907, ' Bad', 4.08, 550, 4268, 129591);
INSERT INTO TAD222.HOME_INSURANCE(POLICY_ID, ADDRESS, GEOGRAPHIC_LOCATION, YEAR_BUILT, CONDITION, LOT_SIZE, CREDIT_HISTORY, MORTGAGE_PAYMENT, MARKET_VALUE) VALUES
('87330', '845 South White Fabi', ' GA', 1900, ' Fair ', 5, 498, 2309, 202400);
INSERT INTO TAD222.HOME_INSURANCE(POLICY_ID, ADDRESS, GEOGRAPHIC_LOCATION, YEAR_BUILT, CONDITION, LOT_SIZE, CREDIT_HISTORY, MORTGAGE_PAYMENT, MARKET_VALUE) VALUES
('94378', '78 Second'||CHR(13)||CHR(10)
||'Blvd.', ' KY', 1919, 'Excellent ', 1.01, 681, 2924, 140303);
INSERT INTO TAD222.HOME_INSURANCE(POLICY_ID, ADDRESS, GEOGRAPHIC_LOCATION, YEAR_BUILT, CONDITION, LOT_SIZE, CREDIT_HISTORY, MORTGAGE_PAYMENT, MARKET_VALUE) VALUES
('31413', '433 Clarendon'||CHR(13)||CHR(10)
||'Blvd.', ' NV', 2000, ' Poor ', 4.43, 613, 1960, 122571);
INSERT INTO TAD222.HOME_INSURANCE(POLICY_ID, ADDRESS, GEOGRAPHIC_LOCATION, YEAR_BUILT, CONDITION, LOT_SIZE, CREDIT_HISTORY, MORTGAGE_PAYMENT, MARKET_VALUE) VALUES
('10278', '692 East Rocky'||CHR(13)||CHR(10)
||'Milt', 'AK', 1913, ' Fair ', 0.73, 704, 2016, 280241);
INSERT INTO TAD222.HOME_INSURANCE(POLICY_ID, ADDRESS, GEOGRAPHIC_LOCATION, YEAR_BUILT, CONDITION, LOT_SIZE, CREDIT_HISTORY, MORTGAGE_PAYMENT, MARKET_VALUE) VALUES
('50278', '85 White Milton'||CHR(13)||CHR(10)
||'Dri', ' AL', 2000, 'Excellent ', 0.59, 610, 2168, 409136);
INSERT INTO TAD222.HOME_INSURANCE(POLICY_ID, ADDRESS, GEOGRAPHIC_LOCATION, YEAR_BUILT, CONDITION, LOT_SIZE, CREDIT_HISTORY, MORTGAGE_PAYMENT, MARKET_VALUE) VALUES
('35359', '242 South Oak'||CHR(13)||CHR(10)
||'Way', ' SD', 2001, ' Good ', 3.02, 690, 2085, 108938);
INSERT INTO TAD222.HOME_INSURANCE(POLICY_ID, ADDRESS, GEOGRAPHIC_LOCATION, YEAR_BUILT, CONDITION, LOT_SIZE, CREDIT_HISTORY, MORTGAGE_PAYMENT, MARKET_VALUE) VALUES
('65161', '735 Hague'||CHR(13)||CHR(10)
||'Boulevard', ' DE', 2014, 'Excellent ', 5, 583, 2672, 320308);
INSERT INTO TAD222.HOME_INSURANCE(POLICY_ID, ADDRESS, GEOGRAPHIC_LOCATION, YEAR_BUILT, CONDITION, LOT_SIZE, CREDIT_HISTORY, MORTGAGE_PAYMENT, MARKET_VALUE) VALUES
('38337', '86 Clarendon'||CHR(13)||CHR(10)
||'St.', ' MA', 1918, ' Good ', 0.16, 741, 3748, 115021);
INSERT INTO TAD222.HOME_INSURANCE(POLICY_ID, ADDRESS, GEOGRAPHIC_LOCATION, YEAR_BUILT, CONDITION, LOT_SIZE, CREDIT_HISTORY, MORTGAGE_PAYMENT, MARKET_VALUE) VALUES
('95459', '66 White Oak'||CHR(13)||CHR(10)
||'Street', ' ME', 1900, ' Good ', 0.83, 519, 1297, 205978);
INSERT INTO TAD222.HOME_INSURANCE(POLICY_ID, ADDRESS, GEOGRAPHIC_LOCATION, YEAR_BUILT, CONDITION, LOT_SIZE, CREDIT_HISTORY, MORTGAGE_PAYMENT, MARKET_VALUE) VALUES
('74903', '569 Nobel'||CHR(13)||CHR(10)
||'Street', ' MA', 1912, ' Fair ', 4.41, 669, 1093, 465099);
INSERT INTO TAD222.HOME_INSURANCE(POLICY_ID, ADDRESS, GEOGRAPHIC_LOCATION, YEAR_BUILT, CONDITION, LOT_SIZE, CREDIT_HISTORY, MORTGAGE_PAYMENT, MARKET_VALUE) VALUES
('44213', '375 Rocky'||CHR(13)||CHR(10)
||'Fabien'||CHR(13)||CHR(10)
||'F', ' MS', 1903, ' Bad', 5, 682, 3727, 213861);
INSERT INTO TAD222.HOME_INSURANCE(POLICY_ID, ADDRESS, GEOGRAPHIC_LOCATION, YEAR_BUILT, CONDITION, LOT_SIZE, CREDIT_HISTORY, MORTGAGE_PAYMENT, MARKET_VALUE) VALUES
('22405', '488 Nobel'||CHR(13)||CHR(10)
||'Parkway', ' OK', 2005, ' Poor ', 5, 453, 3587, 180179);
INSERT INTO TAD222.HOME_INSURANCE(POLICY_ID, ADDRESS, GEOGRAPHIC_LOCATION, YEAR_BUILT, CONDITION, LOT_SIZE, CREDIT_HISTORY, MORTGAGE_PAYMENT, MARKET_VALUE) VALUES
('04913', '67 North Milton'||CHR(13)||CHR(10)
||'Fre', ' MN', 1918, ' Bad', 5, 514, 2666, 197448);
INSERT INTO TAD222.HOME_INSURANCE(POLICY_ID, ADDRESS, GEOGRAPHIC_LOCATION, YEAR_BUILT, CONDITION, LOT_SIZE, CREDIT_HISTORY, MORTGAGE_PAYMENT, MARKET_VALUE) VALUES
('01590', '48 Oak'||CHR(13)||CHR(10)
||'Avenue', ' PA', 2015, 'Excellent ', 4.88, 688, 1831, 434428);

--
-- Inserting data into table TAD222.MANAGES
--
INSERT INTO TAD222.MANAGES(EMPLOYEE_ID, CLAIM_ID) VALUES
('14395', '56560');
INSERT INTO TAD222.MANAGES(EMPLOYEE_ID, CLAIM_ID) VALUES
('63402', '96680');
INSERT INTO TAD222.MANAGES(EMPLOYEE_ID, CLAIM_ID) VALUES
('62971', '81075');
INSERT INTO TAD222.MANAGES(EMPLOYEE_ID, CLAIM_ID) VALUES
('29510', '53873');
INSERT INTO TAD222.MANAGES(EMPLOYEE_ID, CLAIM_ID) VALUES
('60423', '68497');
INSERT INTO TAD222.MANAGES(EMPLOYEE_ID, CLAIM_ID) VALUES
('49370', '65010');
INSERT INTO TAD222.MANAGES(EMPLOYEE_ID, CLAIM_ID) VALUES
('96531', '87620');
INSERT INTO TAD222.MANAGES(EMPLOYEE_ID, CLAIM_ID) VALUES
('10941', '84639');
INSERT INTO TAD222.MANAGES(EMPLOYEE_ID, CLAIM_ID) VALUES
('75829', '38244');
INSERT INTO TAD222.MANAGES(EMPLOYEE_ID, CLAIM_ID) VALUES
('13135', '46198');
INSERT INTO TAD222.MANAGES(EMPLOYEE_ID, CLAIM_ID) VALUES
('86316', '32239');
INSERT INTO TAD222.MANAGES(EMPLOYEE_ID, CLAIM_ID) VALUES
('32793', '08138');
INSERT INTO TAD222.MANAGES(EMPLOYEE_ID, CLAIM_ID) VALUES
('52976', '15857');
INSERT INTO TAD222.MANAGES(EMPLOYEE_ID, CLAIM_ID) VALUES
('74160', '51924');
INSERT INTO TAD222.MANAGES(EMPLOYEE_ID, CLAIM_ID) VALUES
('53045', '40908');
INSERT INTO TAD222.MANAGES(EMPLOYEE_ID, CLAIM_ID) VALUES
('35392', '25845');
INSERT INTO TAD222.MANAGES(EMPLOYEE_ID, CLAIM_ID) VALUES
('78435', '10258');
INSERT INTO TAD222.MANAGES(EMPLOYEE_ID, CLAIM_ID) VALUES
('53067', '03156');
INSERT INTO TAD222.MANAGES(EMPLOYEE_ID, CLAIM_ID) VALUES
('11053', '97103');
INSERT INTO TAD222.MANAGES(EMPLOYEE_ID, CLAIM_ID) VALUES
('90774', '33689');
INSERT INTO TAD222.MANAGES(EMPLOYEE_ID, CLAIM_ID) VALUES
('06500', '44968');
INSERT INTO TAD222.MANAGES(EMPLOYEE_ID, CLAIM_ID) VALUES
('98342', '18964');
INSERT INTO TAD222.MANAGES(EMPLOYEE_ID, CLAIM_ID) VALUES
('07396', '13830');
INSERT INTO TAD222.MANAGES(EMPLOYEE_ID, CLAIM_ID) VALUES
('46004', '87953');
INSERT INTO TAD222.MANAGES(EMPLOYEE_ID, CLAIM_ID) VALUES
('37722', '54625');
INSERT INTO TAD222.MANAGES(EMPLOYEE_ID, CLAIM_ID) VALUES
('60905', '57701');
INSERT INTO TAD222.MANAGES(EMPLOYEE_ID, CLAIM_ID) VALUES
('19448', '42979');
INSERT INTO TAD222.MANAGES(EMPLOYEE_ID, CLAIM_ID) VALUES
('70423', '55080');
INSERT INTO TAD222.MANAGES(EMPLOYEE_ID, CLAIM_ID) VALUES
('31606', '44198');
INSERT INTO TAD222.MANAGES(EMPLOYEE_ID, CLAIM_ID) VALUES
('28885', '02822');
INSERT INTO TAD222.MANAGES(EMPLOYEE_ID, CLAIM_ID) VALUES
('77093', '18546');
INSERT INTO TAD222.MANAGES(EMPLOYEE_ID, CLAIM_ID) VALUES
('70862', '91651');
INSERT INTO TAD222.MANAGES(EMPLOYEE_ID, CLAIM_ID) VALUES
('45429', '09951');
INSERT INTO TAD222.MANAGES(EMPLOYEE_ID, CLAIM_ID) VALUES
('89199', '49610');
INSERT INTO TAD222.MANAGES(EMPLOYEE_ID, CLAIM_ID) VALUES
('88367', '09685');
INSERT INTO TAD222.MANAGES(EMPLOYEE_ID, CLAIM_ID) VALUES
('80897', '98220');
INSERT INTO TAD222.MANAGES(EMPLOYEE_ID, CLAIM_ID) VALUES
('14120', '72947');
INSERT INTO TAD222.MANAGES(EMPLOYEE_ID, CLAIM_ID) VALUES
('70928', '01612');
INSERT INTO TAD222.MANAGES(EMPLOYEE_ID, CLAIM_ID) VALUES
('87771', '68741');
INSERT INTO TAD222.MANAGES(EMPLOYEE_ID, CLAIM_ID) VALUES
('33032', '13038');
INSERT INTO TAD222.MANAGES(EMPLOYEE_ID, CLAIM_ID) VALUES
('75087', '94267');
INSERT INTO TAD222.MANAGES(EMPLOYEE_ID, CLAIM_ID) VALUES
('48934', '18070');
INSERT INTO TAD222.MANAGES(EMPLOYEE_ID, CLAIM_ID) VALUES
('35784', '77884');
INSERT INTO TAD222.MANAGES(EMPLOYEE_ID, CLAIM_ID) VALUES
('84684', '30762');
INSERT INTO TAD222.MANAGES(EMPLOYEE_ID, CLAIM_ID) VALUES
('05339', '79418');
INSERT INTO TAD222.MANAGES(EMPLOYEE_ID, CLAIM_ID) VALUES
('36931', '75149');
INSERT INTO TAD222.MANAGES(EMPLOYEE_ID, CLAIM_ID) VALUES
('81670', '76327');
INSERT INTO TAD222.MANAGES(EMPLOYEE_ID, CLAIM_ID) VALUES
('32164', '27856');
INSERT INTO TAD222.MANAGES(EMPLOYEE_ID, CLAIM_ID) VALUES
('24015', '33445');
INSERT INTO TAD222.MANAGES(EMPLOYEE_ID, CLAIM_ID) VALUES
('76891', '23381');

--
-- Inserting data into table TAD222.OUTSOURCES
--
INSERT INTO TAD222.OUTSOURCES(NAME, CLAIM_ID) VALUES
(' Gymitive ', '57701');
INSERT INTO TAD222.OUTSOURCES(NAME, CLAIM_ID) VALUES
(' Rail ', '96680');
INSERT INTO TAD222.OUTSOURCES(NAME, CLAIM_ID) VALUES
(' Exodus ', '96680');
INSERT INTO TAD222.OUTSOURCES(NAME, CLAIM_ID) VALUES
(' Homestic ', '53873');
INSERT INTO TAD222.OUTSOURCES(NAME, CLAIM_ID) VALUES
(' Exodus ', '13830');
INSERT INTO TAD222.OUTSOURCES(NAME, CLAIM_ID) VALUES
(' Indental ', '51924');
INSERT INTO TAD222.OUTSOURCES(NAME, CLAIM_ID) VALUES
(' Metrol ', '96680');
INSERT INTO TAD222.OUTSOURCES(NAME, CLAIM_ID) VALUES
(' Exodus ', '01612');
INSERT INTO TAD222.OUTSOURCES(NAME, CLAIM_ID) VALUES
('Digitinar ', '13830');
INSERT INTO TAD222.OUTSOURCES(NAME, CLAIM_ID) VALUES
(' Privance ', '54625');
INSERT INTO TAD222.OUTSOURCES(NAME, CLAIM_ID) VALUES
(' Privance ', '53873');
INSERT INTO TAD222.OUTSOURCES(NAME, CLAIM_ID) VALUES
(' Rail ', '13830');
INSERT INTO TAD222.OUTSOURCES(NAME, CLAIM_ID) VALUES
(' Econder ', '91651');
INSERT INTO TAD222.OUTSOURCES(NAME, CLAIM_ID) VALUES
(' Homestic ', '54625');
INSERT INTO TAD222.OUTSOURCES(NAME, CLAIM_ID) VALUES
(' Indental ', '57701');
INSERT INTO TAD222.OUTSOURCES(NAME, CLAIM_ID) VALUES
(' Rail ', '32239');
INSERT INTO TAD222.OUTSOURCES(NAME, CLAIM_ID) VALUES
(' Metrol ', '91651');
INSERT INTO TAD222.OUTSOURCES(NAME, CLAIM_ID) VALUES
(' Gymitive ', '13830');
INSERT INTO TAD222.OUTSOURCES(NAME, CLAIM_ID) VALUES
(' Privance ', '30762');
INSERT INTO TAD222.OUTSOURCES(NAME, CLAIM_ID) VALUES
(' Cology ', '23381');
INSERT INTO TAD222.OUTSOURCES(NAME, CLAIM_ID) VALUES
(' Rail ', '57701');
INSERT INTO TAD222.OUTSOURCES(NAME, CLAIM_ID) VALUES
(' Exodus ', '57701');
INSERT INTO TAD222.OUTSOURCES(NAME, CLAIM_ID) VALUES
(' Indental ', '13830');
INSERT INTO TAD222.OUTSOURCES(NAME, CLAIM_ID) VALUES
('Digitinar ', '30762');
INSERT INTO TAD222.OUTSOURCES(NAME, CLAIM_ID) VALUES
(' Metrol ', '54625');
INSERT INTO TAD222.OUTSOURCES(NAME, CLAIM_ID) VALUES
(' Cology ', '27856');
INSERT INTO TAD222.OUTSOURCES(NAME, CLAIM_ID) VALUES
(' Homestic ', '91651');
INSERT INTO TAD222.OUTSOURCES(NAME, CLAIM_ID) VALUES
(' Indental ', '01612');
INSERT INTO TAD222.OUTSOURCES(NAME, CLAIM_ID) VALUES
(' Metrol ', '30762');
INSERT INTO TAD222.OUTSOURCES(NAME, CLAIM_ID) VALUES
(' Econder ', '53873');
INSERT INTO TAD222.OUTSOURCES(NAME, CLAIM_ID) VALUES
(' Homestic ', '33445');
INSERT INTO TAD222.OUTSOURCES(NAME, CLAIM_ID) VALUES
('Digitinar ', '91651');
INSERT INTO TAD222.OUTSOURCES(NAME, CLAIM_ID) VALUES
(' Cology ', '53873');
INSERT INTO TAD222.OUTSOURCES(NAME, CLAIM_ID) VALUES
(' Rail ', '01612');
INSERT INTO TAD222.OUTSOURCES(NAME, CLAIM_ID) VALUES
('Digitinar ', '33445');
INSERT INTO TAD222.OUTSOURCES(NAME, CLAIM_ID) VALUES
(' Econder ', '54625');
INSERT INTO TAD222.OUTSOURCES(NAME, CLAIM_ID) VALUES
(' Gymitive ', '33445');
INSERT INTO TAD222.OUTSOURCES(NAME, CLAIM_ID) VALUES
(' Econder ', '23381');
INSERT INTO TAD222.OUTSOURCES(NAME, CLAIM_ID) VALUES
(' Cology ', '68741');
INSERT INTO TAD222.OUTSOURCES(NAME, CLAIM_ID) VALUES
(' Homestic ', '30762');
INSERT INTO TAD222.OUTSOURCES(NAME, CLAIM_ID) VALUES
(' Indental ', '32239');
INSERT INTO TAD222.OUTSOURCES(NAME, CLAIM_ID) VALUES
(' Gymitive ', '96680');
INSERT INTO TAD222.OUTSOURCES(NAME, CLAIM_ID) VALUES
(' Privance ', '91651');
INSERT INTO TAD222.OUTSOURCES(NAME, CLAIM_ID) VALUES
(' Gymitive ', '30762');
INSERT INTO TAD222.OUTSOURCES(NAME, CLAIM_ID) VALUES
(' Metrol ', '33445');
INSERT INTO TAD222.OUTSOURCES(NAME, CLAIM_ID) VALUES
(' Cology ', '54625');
INSERT INTO TAD222.OUTSOURCES(NAME, CLAIM_ID) VALUES
('Digitinar ', '96680');
INSERT INTO TAD222.OUTSOURCES(NAME, CLAIM_ID) VALUES
(' Econder ', '27856');
INSERT INTO TAD222.OUTSOURCES(NAME, CLAIM_ID) VALUES
(' Exodus ', '33445');
INSERT INTO TAD222.OUTSOURCES(NAME, CLAIM_ID) VALUES
(' Privance ', '23381');

--
-- Inserting data into table TAD222.POLICY_PAYMENT
--
INSERT INTO TAD222.POLICY_PAYMENT(PAYMENT_ID, POLICY_ID, RECIPIENT_NAME, PAYMENT_AMOUNT, BANK) VALUES
('16768', '42129', 'Juliana Clough', 565.16, 'BofA');
INSERT INTO TAD222.POLICY_PAYMENT(PAYMENT_ID, POLICY_ID, RECIPIENT_NAME, PAYMENT_AMOUNT, BANK) VALUES
('63821', '18145', 'Antony Hogan', 259.83, 'Wells Farg');
INSERT INTO TAD222.POLICY_PAYMENT(PAYMENT_ID, POLICY_ID, RECIPIENT_NAME, PAYMENT_AMOUNT, BANK) VALUES
('22231', '83730', 'Toby Clary', 181.6, 'Wells Farg');
INSERT INTO TAD222.POLICY_PAYMENT(PAYMENT_ID, POLICY_ID, RECIPIENT_NAME, PAYMENT_AMOUNT, BANK) VALUES
('22273', '87330', 'Royal Downey', 558.6, 'Wells Farg');
INSERT INTO TAD222.POLICY_PAYMENT(PAYMENT_ID, POLICY_ID, RECIPIENT_NAME, PAYMENT_AMOUNT, BANK) VALUES
('21656', '24149', 'Sunday Harrington', 358.05, 'Chase');
INSERT INTO TAD222.POLICY_PAYMENT(PAYMENT_ID, POLICY_ID, RECIPIENT_NAME, PAYMENT_AMOUNT, BANK) VALUES
('28714', '35242', 'Leesa Alfaro', 460.43, 'Chase');
INSERT INTO TAD222.POLICY_PAYMENT(PAYMENT_ID, POLICY_ID, RECIPIENT_NAME, PAYMENT_AMOUNT, BANK) VALUES
('39311', '79165', 'Robert Cornell', 789.28, 'Citigroup');
INSERT INTO TAD222.POLICY_PAYMENT(PAYMENT_ID, POLICY_ID, RECIPIENT_NAME, PAYMENT_AMOUNT, BANK) VALUES
('22757', '49284', 'Bernita Oldham', 981.06, 'Citigroup');
INSERT INTO TAD222.POLICY_PAYMENT(PAYMENT_ID, POLICY_ID, RECIPIENT_NAME, PAYMENT_AMOUNT, BANK) VALUES
('41916', '50280', 'Elvis Delossantos', 736.08, 'Wells Farg');
INSERT INTO TAD222.POLICY_PAYMENT(PAYMENT_ID, POLICY_ID, RECIPIENT_NAME, PAYMENT_AMOUNT, BANK) VALUES
('54286', '03943', 'Bernardine Cross', 556.55, 'Chase');
INSERT INTO TAD222.POLICY_PAYMENT(PAYMENT_ID, POLICY_ID, RECIPIENT_NAME, PAYMENT_AMOUNT, BANK) VALUES
('40780', '40194', 'Rebekah Linville', 859.64, 'Chase');
INSERT INTO TAD222.POLICY_PAYMENT(PAYMENT_ID, POLICY_ID, RECIPIENT_NAME, PAYMENT_AMOUNT, BANK) VALUES
('39966', '02027', 'Benito Nunn', 785.98, 'Wells Farg');
INSERT INTO TAD222.POLICY_PAYMENT(PAYMENT_ID, POLICY_ID, RECIPIENT_NAME, PAYMENT_AMOUNT, BANK) VALUES
('34500', '21859', 'Chelsey Lombard', 117.46, 'BofA');
INSERT INTO TAD222.POLICY_PAYMENT(PAYMENT_ID, POLICY_ID, RECIPIENT_NAME, PAYMENT_AMOUNT, BANK) VALUES
('24995', '19554', 'Lavonia Nye', 257.14, 'BofA');
INSERT INTO TAD222.POLICY_PAYMENT(PAYMENT_ID, POLICY_ID, RECIPIENT_NAME, PAYMENT_AMOUNT, BANK) VALUES
('23974', '55968', 'Marylouise Breeden', 90.69, 'Citigroup');
INSERT INTO TAD222.POLICY_PAYMENT(PAYMENT_ID, POLICY_ID, RECIPIENT_NAME, PAYMENT_AMOUNT, BANK) VALUES
('25152', '50037', 'Jonah Lerner', 172.52, 'Wells Farg');
INSERT INTO TAD222.POLICY_PAYMENT(PAYMENT_ID, POLICY_ID, RECIPIENT_NAME, PAYMENT_AMOUNT, BANK) VALUES
('20049', '18810', 'Telma Lyman', 820.2, 'BofA');
INSERT INTO TAD222.POLICY_PAYMENT(PAYMENT_ID, POLICY_ID, RECIPIENT_NAME, PAYMENT_AMOUNT, BANK) VALUES
('24150', '56910', 'Mack Lott', 242.2, 'Citigroup');
INSERT INTO TAD222.POLICY_PAYMENT(PAYMENT_ID, POLICY_ID, RECIPIENT_NAME, PAYMENT_AMOUNT, BANK) VALUES
('09927', '10278', 'Ada Guenther', 520.25, 'BofA');
INSERT INTO TAD222.POLICY_PAYMENT(PAYMENT_ID, POLICY_ID, RECIPIENT_NAME, PAYMENT_AMOUNT, BANK) VALUES
('73721', '90411', 'Apolonia Scherer', 880.54, 'BofA');
INSERT INTO TAD222.POLICY_PAYMENT(PAYMENT_ID, POLICY_ID, RECIPIENT_NAME, PAYMENT_AMOUNT, BANK) VALUES
('22800', '40438', 'Woodrow Wilhite', 356.63, 'Citigroup');
INSERT INTO TAD222.POLICY_PAYMENT(PAYMENT_ID, POLICY_ID, RECIPIENT_NAME, PAYMENT_AMOUNT, BANK) VALUES
('32282', '65161', 'Alica Payne', 714.97, 'Citigroup');
INSERT INTO TAD222.POLICY_PAYMENT(PAYMENT_ID, POLICY_ID, RECIPIENT_NAME, PAYMENT_AMOUNT, BANK) VALUES
('89029', '94378', 'Mirtha Bonilla', 788.28, 'Wells Farg');
INSERT INTO TAD222.POLICY_PAYMENT(PAYMENT_ID, POLICY_ID, RECIPIENT_NAME, PAYMENT_AMOUNT, BANK) VALUES
('40171', '46677', 'Brad Emanuel', 212.01, 'Citigroup');
INSERT INTO TAD222.POLICY_PAYMENT(PAYMENT_ID, POLICY_ID, RECIPIENT_NAME, PAYMENT_AMOUNT, BANK) VALUES
('90535', '31413', 'Abbie Bauman', 83.07, 'Wells Farg');
INSERT INTO TAD222.POLICY_PAYMENT(PAYMENT_ID, POLICY_ID, RECIPIENT_NAME, PAYMENT_AMOUNT, BANK) VALUES
('08050', '50278', 'Elinore Mathis', 808.37, 'Wells Farg');
INSERT INTO TAD222.POLICY_PAYMENT(PAYMENT_ID, POLICY_ID, RECIPIENT_NAME, PAYMENT_AMOUNT, BANK) VALUES
('85077', '66298', 'Leia Aguilera', 340.52, 'BofA');
INSERT INTO TAD222.POLICY_PAYMENT(PAYMENT_ID, POLICY_ID, RECIPIENT_NAME, PAYMENT_AMOUNT, BANK) VALUES
('13419', '83552', 'August Abraham', 420.52, 'Wells Farg');
INSERT INTO TAD222.POLICY_PAYMENT(PAYMENT_ID, POLICY_ID, RECIPIENT_NAME, PAYMENT_AMOUNT, BANK) VALUES
('89415', '35359', 'Reid Ernst', 954.49, 'BofA');
INSERT INTO TAD222.POLICY_PAYMENT(PAYMENT_ID, POLICY_ID, RECIPIENT_NAME, PAYMENT_AMOUNT, BANK) VALUES
('27771', '78998', 'Danyell Bridges', 934.68, 'Citigroup');
INSERT INTO TAD222.POLICY_PAYMENT(PAYMENT_ID, POLICY_ID, RECIPIENT_NAME, PAYMENT_AMOUNT, BANK) VALUES
('24996', '22405', 'Dot Mcgowan', 526.03, 'Chase');
INSERT INTO TAD222.POLICY_PAYMENT(PAYMENT_ID, POLICY_ID, RECIPIENT_NAME, PAYMENT_AMOUNT, BANK) VALUES
('59640', '95459', 'Wiley Trammell', 705.88, 'Chase');
INSERT INTO TAD222.POLICY_PAYMENT(PAYMENT_ID, POLICY_ID, RECIPIENT_NAME, PAYMENT_AMOUNT, BANK) VALUES
('73156', '38337', 'Gaston Lambert', 933.73, 'Chase');
INSERT INTO TAD222.POLICY_PAYMENT(PAYMENT_ID, POLICY_ID, RECIPIENT_NAME, PAYMENT_AMOUNT, BANK) VALUES
('70845', '04913', 'Lana Gooch', 150.27, 'BofA');
INSERT INTO TAD222.POLICY_PAYMENT(PAYMENT_ID, POLICY_ID, RECIPIENT_NAME, PAYMENT_AMOUNT, BANK) VALUES
('95955', '16439', 'Genny Dickinson', 617.09, 'Citigroup');
INSERT INTO TAD222.POLICY_PAYMENT(PAYMENT_ID, POLICY_ID, RECIPIENT_NAME, PAYMENT_AMOUNT, BANK) VALUES
('51980', '30963', 'Adam Sells', 479.39, 'Citigroup');
INSERT INTO TAD222.POLICY_PAYMENT(PAYMENT_ID, POLICY_ID, RECIPIENT_NAME, PAYMENT_AMOUNT, BANK) VALUES
('37815', '46009', 'Angelica Galarza', 528.71, 'BofA');
INSERT INTO TAD222.POLICY_PAYMENT(PAYMENT_ID, POLICY_ID, RECIPIENT_NAME, PAYMENT_AMOUNT, BANK) VALUES
('92458', '33142', 'Marti Sipes', 838.41, 'BofA');
INSERT INTO TAD222.POLICY_PAYMENT(PAYMENT_ID, POLICY_ID, RECIPIENT_NAME, PAYMENT_AMOUNT, BANK) VALUES
('48799', '74903', 'Moses Mcleod', 354.38, 'Citigroup');
INSERT INTO TAD222.POLICY_PAYMENT(PAYMENT_ID, POLICY_ID, RECIPIENT_NAME, PAYMENT_AMOUNT, BANK) VALUES
('56806', '01590', 'Mozelle Ligon', 408.98, 'Wells Farg');
INSERT INTO TAD222.POLICY_PAYMENT(PAYMENT_ID, POLICY_ID, RECIPIENT_NAME, PAYMENT_AMOUNT, BANK) VALUES
('89431', '48237', 'Quincy Dill', 365.93, 'BofA');
INSERT INTO TAD222.POLICY_PAYMENT(PAYMENT_ID, POLICY_ID, RECIPIENT_NAME, PAYMENT_AMOUNT, BANK) VALUES
('40656', '36620', 'Shae Allan', 439.2, 'Chase');
INSERT INTO TAD222.POLICY_PAYMENT(PAYMENT_ID, POLICY_ID, RECIPIENT_NAME, PAYMENT_AMOUNT, BANK) VALUES
('26871', '66037', 'Woodrow Griffis', 61.78, 'Wells Farg');
INSERT INTO TAD222.POLICY_PAYMENT(PAYMENT_ID, POLICY_ID, RECIPIENT_NAME, PAYMENT_AMOUNT, BANK) VALUES
('58582', '44213', 'Fidela Spearman', 759.14, 'Citigroup');
INSERT INTO TAD222.POLICY_PAYMENT(PAYMENT_ID, POLICY_ID, RECIPIENT_NAME, PAYMENT_AMOUNT, BANK) VALUES
('67379', '85973', 'Obdulia Mcarthur', 948.03, 'Citigroup');
INSERT INTO TAD222.POLICY_PAYMENT(PAYMENT_ID, POLICY_ID, RECIPIENT_NAME, PAYMENT_AMOUNT, BANK) VALUES
('57934', '41685', 'Wayne Burkhart', 987.03, 'BofA');
INSERT INTO TAD222.POLICY_PAYMENT(PAYMENT_ID, POLICY_ID, RECIPIENT_NAME, PAYMENT_AMOUNT, BANK) VALUES
('45191', '84805', 'Scottie Abreu', 937.27, 'BofA');
INSERT INTO TAD222.POLICY_PAYMENT(PAYMENT_ID, POLICY_ID, RECIPIENT_NAME, PAYMENT_AMOUNT, BANK) VALUES
('34366', '69660', 'Harris Mullis', 792.15, 'Citigroup');
INSERT INTO TAD222.POLICY_PAYMENT(PAYMENT_ID, POLICY_ID, RECIPIENT_NAME, PAYMENT_AMOUNT, BANK) VALUES
('83980', '35643', 'Veronika Baylor', 429.89, 'Chase');
INSERT INTO TAD222.POLICY_PAYMENT(PAYMENT_ID, POLICY_ID, RECIPIENT_NAME, PAYMENT_AMOUNT, BANK) VALUES
('14425', '71693', 'Wilber Clemmons', 603.9, 'Chase');

--
-- Inserting data into table TAD222.QUOTES
--
INSERT INTO TAD222.QUOTES(NAME, ITEM_ID) VALUES
(' Gymitive ', '56599');
INSERT INTO TAD222.QUOTES(NAME, ITEM_ID) VALUES
(' Rail ', '95311');
INSERT INTO TAD222.QUOTES(NAME, ITEM_ID) VALUES
(' Exodus ', '95311');
INSERT INTO TAD222.QUOTES(NAME, ITEM_ID) VALUES
(' Homestic ', '06828');
INSERT INTO TAD222.QUOTES(NAME, ITEM_ID) VALUES
(' Exodus ', '81385');
INSERT INTO TAD222.QUOTES(NAME, ITEM_ID) VALUES
(' Indental ', '13148');
INSERT INTO TAD222.QUOTES(NAME, ITEM_ID) VALUES
(' Metrol ', '95311');
INSERT INTO TAD222.QUOTES(NAME, ITEM_ID) VALUES
(' Exodus ', '89225');
INSERT INTO TAD222.QUOTES(NAME, ITEM_ID) VALUES
('Digitinar ', '81385');
INSERT INTO TAD222.QUOTES(NAME, ITEM_ID) VALUES
(' Privance ', '84296');
INSERT INTO TAD222.QUOTES(NAME, ITEM_ID) VALUES
(' Privance ', '06828');
INSERT INTO TAD222.QUOTES(NAME, ITEM_ID) VALUES
(' Rail ', '81385');
INSERT INTO TAD222.QUOTES(NAME, ITEM_ID) VALUES
(' Econder ', '25557');
INSERT INTO TAD222.QUOTES(NAME, ITEM_ID) VALUES
(' Homestic ', '84296');
INSERT INTO TAD222.QUOTES(NAME, ITEM_ID) VALUES
(' Indental ', '56599');
INSERT INTO TAD222.QUOTES(NAME, ITEM_ID) VALUES
(' Rail ', '74632');
INSERT INTO TAD222.QUOTES(NAME, ITEM_ID) VALUES
(' Metrol ', '25557');
INSERT INTO TAD222.QUOTES(NAME, ITEM_ID) VALUES
(' Gymitive ', '81385');
INSERT INTO TAD222.QUOTES(NAME, ITEM_ID) VALUES
(' Privance ', '82181');
INSERT INTO TAD222.QUOTES(NAME, ITEM_ID) VALUES
(' Cology ', '32059');
INSERT INTO TAD222.QUOTES(NAME, ITEM_ID) VALUES
(' Rail ', '56599');
INSERT INTO TAD222.QUOTES(NAME, ITEM_ID) VALUES
(' Exodus ', '56599');
INSERT INTO TAD222.QUOTES(NAME, ITEM_ID) VALUES
(' Indental ', '81385');
INSERT INTO TAD222.QUOTES(NAME, ITEM_ID) VALUES
('Digitinar ', '82181');
INSERT INTO TAD222.QUOTES(NAME, ITEM_ID) VALUES
(' Metrol ', '84296');
INSERT INTO TAD222.QUOTES(NAME, ITEM_ID) VALUES
(' Cology ', '60511');
INSERT INTO TAD222.QUOTES(NAME, ITEM_ID) VALUES
(' Homestic ', '25557');
INSERT INTO TAD222.QUOTES(NAME, ITEM_ID) VALUES
(' Indental ', '89225');
INSERT INTO TAD222.QUOTES(NAME, ITEM_ID) VALUES
(' Metrol ', '82181');
INSERT INTO TAD222.QUOTES(NAME, ITEM_ID) VALUES
(' Econder ', '06828');
INSERT INTO TAD222.QUOTES(NAME, ITEM_ID) VALUES
(' Homestic ', '74068');
INSERT INTO TAD222.QUOTES(NAME, ITEM_ID) VALUES
('Digitinar ', '25557');
INSERT INTO TAD222.QUOTES(NAME, ITEM_ID) VALUES
(' Cology ', '06828');
INSERT INTO TAD222.QUOTES(NAME, ITEM_ID) VALUES
(' Rail ', '89225');
INSERT INTO TAD222.QUOTES(NAME, ITEM_ID) VALUES
('Digitinar ', '74068');
INSERT INTO TAD222.QUOTES(NAME, ITEM_ID) VALUES
(' Econder ', '84296');
INSERT INTO TAD222.QUOTES(NAME, ITEM_ID) VALUES
(' Gymitive ', '74068');
INSERT INTO TAD222.QUOTES(NAME, ITEM_ID) VALUES
(' Econder ', '32059');
INSERT INTO TAD222.QUOTES(NAME, ITEM_ID) VALUES
(' Cology ', '06018');
INSERT INTO TAD222.QUOTES(NAME, ITEM_ID) VALUES
(' Homestic ', '82181');
INSERT INTO TAD222.QUOTES(NAME, ITEM_ID) VALUES
(' Indental ', '74632');
INSERT INTO TAD222.QUOTES(NAME, ITEM_ID) VALUES
(' Gymitive ', '95311');
INSERT INTO TAD222.QUOTES(NAME, ITEM_ID) VALUES
(' Privance ', '25557');
INSERT INTO TAD222.QUOTES(NAME, ITEM_ID) VALUES
(' Gymitive ', '82181');
INSERT INTO TAD222.QUOTES(NAME, ITEM_ID) VALUES
(' Metrol ', '74068');
INSERT INTO TAD222.QUOTES(NAME, ITEM_ID) VALUES
(' Cology ', '84296');
INSERT INTO TAD222.QUOTES(NAME, ITEM_ID) VALUES
('Digitinar ', '95311');
INSERT INTO TAD222.QUOTES(NAME, ITEM_ID) VALUES
(' Econder ', '60511');
INSERT INTO TAD222.QUOTES(NAME, ITEM_ID) VALUES
(' Exodus ', '74068');
INSERT INTO TAD222.QUOTES(NAME, ITEM_ID) VALUES
(' Privance ', '32059');

COMMIT;